path,source_group_id,group,sample_id,label,generator,probe_score,probe_pred,probe_correct,patchcraft_score,patchcraft_pred,patchcraft_correct,patchcraft_margin_from_0_5,rigid_score,rigid_pred,rigid_correct,safe_score,safe_pred,safe_correct,provenance_actionable,provenance_type,provenance_strength,patchcraft_unified_output,rigid_unified_output,provenance_unified_output
probe_eval_data/real/r0c03e364t.png,r0c03e364t,r0c03e364t,r0c03e364t:raise,0,raise,0.00012681065709330142,0,1,0.9999959468841553,1,0,0.4999959468841553,-0.9887772798538208,0,1,0.9348638653755188,0,1,0,none,none,"{""tool"":""PatchCraft"",""evidence_type"":""local_texture"",""verdict"":""fake"",""score"":0.9999959468841553,""strength"":""weak"",""observation"":""Official PatchCraft binary output; raw sigmoid score retained."",""limitations"":""Patch/residual evidence may be affected by resizing or compression.""}","{""tool"":""RIGID"",""evidence_type"":""perturbation_stability"",""verdict"":""real"",""score"":-0.9887772798538208,""strength"":""weak"",""observation"":""Official DINOv2 representation stability under the fixed perturbation."",""limitations"":""The fixed binary operating point was estimated on separate calibration groups.""}","{""tool"":""ProvenanceInspector"",""evidence_type"":""none"",""verdict"":""inconclusive"",""score"":null,""strength"":""none"",""observation"":""No C2PA claim or usable origin-bearing metadata was found."",""limitations"":""Metadata can be absent, stripped, or forged; untrusted claims do not establish origin.""}"
probe_eval_data/fake_flux/r0c03e364t.png,r0c03e364t,r0c03e364t,r0c03e364t:flux,1,flux,0.9999138116836548,1,1,1.0,1,1,0.5,-0.9847722053527832,0,0,0.9403165578842163,0,0,0,none,none,"{""tool"":""PatchCraft"",""evidence_type"":""local_texture"",""verdict"":""fake"",""score"":1.0,""strength"":""weak"",""observation"":""Official PatchCraft binary output; raw sigmoid score retained."",""limitations"":""Patch/residual evidence may be affected by resizing or compression.""}","{""tool"":""RIGID"",""evidence_type"":""perturbation_stability"",""verdict"":""real"",""score"":-0.9847722053527832,""strength"":""weak"",""observation"":""Official DINOv2 representation stability under the fixed perturbation."",""limitations"":""The fixed binary operating point was estimated on separate calibration groups.""}","{""tool"":""ProvenanceInspector"",""evidence_type"":""none"",""verdict"":""inconclusive"",""score"":null,""strength"":""none"",""observation"":""No C2PA claim or usable origin-bearing metadata was found."",""limitations"":""Metadata can be absent, stripped, or forged; untrusted claims do not establish origin.""}"
probe_eval_data/fake_sd35/r0c03e364t.png,r0c03e364t,r0c03e364t,r0c03e364t:sd3_5,1,sd3_5,0.9999352693557739,1,1,0.9999972581863403,1,1,0.49999725818634033,-0.9973763823509216,0,0,0.9617486000061035,1,1,0,none,none,"{""tool"":""PatchCraft"",""evidence_type"":""local_texture"",""verdict"":""fake"",""score"":0.9999972581863403,""strength"":""weak"",""observation"":""Official PatchCraft binary output; raw sigmoid score retained."",""limitations"":""Patch/residual evidence may be affected by resizing or compression.""}","{""tool"":""RIGID"",""evidence_type"":""perturbation_stability"",""verdict"":""real"",""score"":-0.9973763823509216,""strength"":""weak"",""observation"":""Official DINOv2 representation stability under the fixed perturbation."",""limitations"":""The fixed binary operating point was estimated on separate calibration groups.""}","{""tool"":""ProvenanceInspector"",""evidence_type"":""none"",""verdict"":""inconclusive"",""score"":null,""strength"":""none"",""observation"":""No C2PA claim or usable origin-bearing metadata was found."",""limitations"":""Metadata can be absent, stripped, or forged; untrusted claims do not establish origin.""}"
probe_eval_data/real/r12f3bbfat.png,r12f3bbfat,r12f3bbfat,r12f3bbfat:raise,0,raise,0.00033214924042113125,0,1,0.8048470616340637,1,0,0.3048470616340637,-0.9951754808425903,0,1,0.2289637178182602,0,1,0,none,none,"{""tool"":""PatchCraft"",""evidence_type"":""local_texture"",""verdict"":""fake"",""score"":0.8048470616340637,""strength"":""weak"",""observation"":""Official PatchCraft binary output; raw sigmoid score retained."",""limitations"":""Patch/residual evidence may be affected by resizing or compression.""}","{""tool"":""RIGID"",""evidence_type"":""perturbation_stability"",""verdict"":""real"",""score"":-0.9951754808425903,""strength"":""weak"",""observation"":""Official DINOv2 representation stability under the fixed perturbation."",""limitations"":""The fixed binary operating point was estimated on separate calibration groups.""}","{""tool"":""ProvenanceInspector"",""evidence_type"":""none"",""verdict"":""inconclusive"",""score"":null,""strength"":""none"",""observation"":""No C2PA claim or usable origin-bearing metadata was found."",""limitations"":""Metadata can be absent, stripped, or forged; untrusted claims do not establish origin.""}"
probe_eval_data/fake_flux/r12f3bbfat.png,r12f3bbfat,r12f3bbfat,r12f3bbfat:flux,1,flux,0.9992064833641052,1,1,0.9734823107719421,1,1,0.47348231077194214,-0.9967466592788696,0,0,0.8803037405014038,0,0,0,none,none,"{""tool"":""PatchCraft"",""evidence_type"":""local_texture"",""verdict"":""fake"",""score"":0.9734823107719421,""strength"":""weak"",""observation"":""Official PatchCraft binary output; raw sigmoid score retained."",""limitations"":""Patch/residual evidence may be affected by resizing or compression.""}","{""tool"":""RIGID"",""evidence_type"":""perturbation_stability"",""verdict"":""real"",""score"":-0.9967466592788696,""strength"":""weak"",""observation"":""Official DINOv2 representation stability under the fixed perturbation."",""limitations"":""The fixed binary operating point was estimated on separate calibration groups.""}","{""tool"":""ProvenanceInspector"",""evidence_type"":""none"",""verdict"":""inconclusive"",""score"":null,""strength"":""none"",""observation"":""No C2PA claim or usable origin-bearing metadata was found."",""limitations"":""Metadata can be absent, stripped, or forged; untrusted claims do not establish origin.""}"
probe_eval_data/fake_sd35/r12f3bbfat.png,r12f3bbfat,r12f3bbfat,r12f3bbfat:sd3_5,1,sd3_5,0.9999607801437378,1,1,0.9994357228279114,1,1,0.4994357228279114,-0.9886658787727356,0,0,0.6465898156166077,0,0,0,none,none,"{""tool"":""PatchCraft"",""evidence_type"":""local_texture"",""verdict"":""fake"",""score"":0.9994357228279114,""strength"":""weak"",""observation"":""Official PatchCraft binary output; raw sigmoid score retained."",""limitations"":""Patch/residual evidence may be affected by resizing or compression.""}","{""tool"":""RIGID"",""evidence_type"":""perturbation_stability"",""verdict"":""real"",""score"":-0.9886658787727356,""strength"":""weak"",""observation"":""Official DINOv2 representation stability under the fixed perturbation."",""limitations"":""The fixed binary operating point was estimated on separate calibration groups.""}","{""tool"":""ProvenanceInspector"",""evidence_type"":""none"",""verdict"":""inconclusive"",""score"":null,""strength"":""none"",""observation"":""No C2PA claim or usable origin-bearing metadata was found."",""limitations"":""Metadata can be absent, stripped, or forged; untrusted claims do not establish origin.""}"
probe_eval_data/real/r1c070921t.png,r1c070921t,r1c070921t,r1c070921t:raise,0,raise,0.00040855866973288357,0,1,0.9002549648284912,1,0,0.4002549648284912,-0.9958724975585938,0,1,0.671093761920929,0,1,0,none,none,"{""tool"":""PatchCraft"",""evidence_type"":""local_texture"",""verdict"":""fake"",""score"":0.9002549648284912,""strength"":""weak"",""observation"":""Official PatchCraft binary output; raw sigmoid score retained."",""limitations"":""Patch/residual evidence may be affected by resizing or compression.""}","{""tool"":""RIGID"",""evidence_type"":""perturbation_stability"",""verdict"":""real"",""score"":-0.9958724975585938,""strength"":""weak"",""observation"":""Official DINOv2 representation stability under the fixed perturbation."",""limitations"":""The fixed binary operating point was estimated on separate calibration groups.""}","{""tool"":""ProvenanceInspector"",""evidence_type"":""none"",""verdict"":""inconclusive"",""score"":null,""strength"":""none"",""observation"":""No C2PA claim or usable origin-bearing metadata was found."",""limitations"":""Metadata can be absent, stripped, or forged; untrusted claims do not establish origin.""}"
probe_eval_data/fake_flux/r1c070921t.png,r1c070921t,r1c070921t,r1c070921t:flux,1,flux,0.9968518614768982,1,1,0.9913074374198914,1,1,0.49130743741989136,-0.9915603995323181,0,0,0.9697318077087402,1,1,0,none,none,"{""tool"":""PatchCraft"",""evidence_type"":""local_texture"",""verdict"":""fake"",""score"":0.9913074374198914,""strength"":""weak"",""observation"":""Official PatchCraft binary output; raw sigmoid score retained."",""limitations"":""Patch/residual evidence may be affected by resizing or compression.""}","{""tool"":""RIGID"",""evidence_type"":""perturbation_stability"",""verdict"":""real"",""score"":-0.9915603995323181,""strength"":""weak"",""observation"":""Official DINOv2 representation stability under the fixed perturbation."",""limitations"":""The fixed binary operating point was estimated on separate calibration groups.""}","{""tool"":""ProvenanceInspector"",""evidence_type"":""none"",""verdict"":""inconclusive"",""score"":null,""strength"":""none"",""observation"":""No C2PA claim or usable origin-bearing metadata was found."",""limitations"":""Metadata can be absent, stripped, or forged; untrusted claims do not establish origin.""}"
probe_eval_data/fake_sd35/r1c070921t.png,r1c070921t,r1c070921t,r1c070921t:sd3_5,1,sd3_5,0.9998608827590942,1,1,0.9690297842025757,1,1,0.4690297842025757,-0.9956564903259277,0,0,0.5243661999702454,0,0,0,none,none,"{""tool"":""PatchCraft"",""evidence_type"":""local_texture"",""verdict"":""fake"",""score"":0.9690297842025757,""strength"":""weak"",""observation"":""Official PatchCraft binary output; raw sigmoid score retained."",""limitations"":""Patch/residual evidence may be affected by resizing or compression.""}","{""tool"":""RIGID"",""evidence_type"":""perturbation_stability"",""verdict"":""real"",""score"":-0.9956564903259277,""strength"":""weak"",""observation"":""Official DINOv2 representation stability under the fixed perturbation."",""limitations"":""The fixed binary operating point was estimated on separate calibration groups.""}","{""tool"":""ProvenanceInspector"",""evidence_type"":""none"",""verdict"":""inconclusive"",""score"":null,""strength"":""none"",""observation"":""No C2PA claim or usable origin-bearing metadata was found."",""limitations"":""Metadata can be absent, stripped, or forged; untrusted claims do not establish origin.""}"
probe_eval_data/real/r08b05c94t.png,r08b05c94t,r08b05c94t,r08b05c94t:raise,0,raise,0.004649064503610134,0,1,0.9998409748077393,1,0,0.49984097480773926,-0.9756885766983032,0,1,0.9570662379264832,1,0,0,none,none,"{""tool"":""PatchCraft"",""evidence_type"":""local_texture"",""verdict"":""fake"",""score"":0.9998409748077393,""strength"":""weak"",""observation"":""Official PatchCraft binary output; raw sigmoid score retained."",""limitations"":""Patch/residual evidence may be affected by resizing or compression.""}","{""tool"":""RIGID"",""evidence_type"":""perturbation_stability"",""verdict"":""real"",""score"":-0.9756885766983032,""strength"":""weak"",""observation"":""Official DINOv2 representation stability under the fixed perturbation."",""limitations"":""The fixed binary operating point was estimated on separate calibration groups.""}","{""tool"":""ProvenanceInspector"",""evidence_type"":""none"",""verdict"":""inconclusive"",""score"":null,""strength"":""none"",""observation"":""No C2PA claim or usable origin-bearing metadata was found."",""limitations"":""Metadata can be absent, stripped, or forged; untrusted claims do not establish origin.""}"
probe_eval_data/fake_flux/r08b05c94t.png,r08b05c94t,r08b05c94t,r08b05c94t:flux,1,flux,0.9895734190940857,1,1,0.9942717552185059,1,1,0.49427175521850586,-0.9776080846786499,0,0,0.9769432544708252,1,1,0,none,none,"{""tool"":""PatchCraft"",""evidence_type"":""local_texture"",""verdict"":""fake"",""score"":0.9942717552185059,""strength"":""weak"",""observation"":""Official PatchCraft binary output; raw sigmoid score retained."",""limitations"":""Patch/residual evidence may be affected by resizing or compression.""}","{""tool"":""RIGID"",""evidence_type"":""perturbation_stability"",""verdict"":""real"",""score"":-0.9776080846786499,""strength"":""weak"",""observation"":""Official DINOv2 representation stability under the fixed perturbation."",""limitations"":""The fixed binary operating point was estimated on separate calibration groups.""}","{""tool"":""ProvenanceInspector"",""evidence_type"":""none"",""verdict"":""inconclusive"",""score"":null,""strength"":""none"",""observation"":""No C2PA claim or usable origin-bearing metadata was found."",""limitations"":""Metadata can be absent, stripped, or forged; untrusted claims do not establish origin.""}"
probe_eval_data/fake_sd35/r08b05c94t.png,r08b05c94t,r08b05c94t,r08b05c94t:sd3_5,1,sd3_5,0.9949451088905334,1,1,0.9999730587005615,1,1,0.4999730587005615,-0.9901297688484192,0,0,0.9504796266555786,0,0,0,none,none,"{""tool"":""PatchCraft"",""evidence_type"":""local_texture"",""verdict"":""fake"",""score"":0.9999730587005615,""strength"":""weak"",""observation"":""Official PatchCraft binary output; raw sigmoid score retained."",""limitations"":""Patch/residual evidence may be affected by resizing or compression.""}","{""tool"":""RIGID"",""evidence_type"":""perturbation_stability"",""verdict"":""real"",""score"":-0.9901297688484192,""strength"":""weak"",""observation"":""Official DINOv2 representation stability under the fixed perturbation."",""limitations"":""The fixed binary operating point was estimated on separate calibration groups.""}","{""tool"":""ProvenanceInspector"",""evidence_type"":""none"",""verdict"":""inconclusive"",""score"":null,""strength"":""none"",""observation"":""No C2PA claim or usable origin-bearing metadata was found."",""limitations"":""Metadata can be absent, stripped, or forged; untrusted claims do not establish origin.""}"
probe_eval_data/real/r0ed844b5t.png,r0ed844b5t,r0ed844b5t,r0ed844b5t:raise,0,raise,4.529408033704385e-05,0,1,0.9975457787513733,1,0,0.4975457787513733,-0.9959692358970642,0,1,0.7038370370864868,0,1,0,none,none,"{""tool"":""PatchCraft"",""evidence_type"":""local_texture"",""verdict"":""fake"",""score"":0.9975457787513733,""strength"":""weak"",""observation"":""Official PatchCraft binary output; raw sigmoid score retained."",""limitations"":""Patch/residual evidence may be affected by resizing or compression.""}","{""tool"":""RIGID"",""evidence_type"":""perturbation_stability"",""verdict"":""real"",""score"":-0.9959692358970642,""strength"":""weak"",""observation"":""Official DINOv2 representation stability under the fixed perturbation."",""limitations"":""The fixed binary operating point was estimated on separate calibration groups.""}","{""tool"":""ProvenanceInspector"",""evidence_type"":""none"",""verdict"":""inconclusive"",""score"":null,""strength"":""none"",""observation"":""No C2PA claim or usable origin-bearing metadata was found."",""limitations"":""Metadata can be absent, stripped, or forged; untrusted claims do not establish origin.""}"
probe_eval_data/fake_flux/r0ed844b5t.png,r0ed844b5t,r0ed844b5t,r0ed844b5t:flux,1,flux,0.9996060729026794,1,1,0.9988836646080017,1,1,0.4988836646080017,-0.9975043535232544,0,0,0.9424934387207031,0,0,0,none,none,"{""tool"":""PatchCraft"",""evidence_type"":""local_texture"",""verdict"":""fake"",""score"":0.9988836646080017,""strength"":""weak"",""observation"":""Official PatchCraft binary output; raw sigmoid score retained."",""limitations"":""Patch/residual evidence may be affected by resizing or compression.""}","{""tool"":""RIGID"",""evidence_type"":""perturbation_stability"",""verdict"":""real"",""score"":-0.9975043535232544,""strength"":""weak"",""observation"":""Official DINOv2 representation stability under the fixed perturbation."",""limitations"":""The fixed binary operating point was estimated on separate calibration groups.""}","{""tool"":""ProvenanceInspector"",""evidence_type"":""none"",""verdict"":""inconclusive"",""score"":null,""strength"":""none"",""observation"":""No C2PA claim or usable origin-bearing metadata was found."",""limitations"":""Metadata can be absent, stripped, or forged; untrusted claims do not establish origin.""}"
probe_eval_data/fake_sd35/r0ed844b5t.png,r0ed844b5t,r0ed844b5t,r0ed844b5t:sd3_5,1,sd3_5,0.9999716281890869,1,1,0.33742213249206543,0,0,0.16257786750793457,-0.9991403222084045,0,0,0.931700587272644,0,0,0,none,none,"{""tool"":""PatchCraft"",""evidence_type"":""local_texture"",""verdict"":""real"",""score"":0.33742213249206543,""strength"":""weak"",""observation"":""Official PatchCraft binary output; raw sigmoid score retained."",""limitations"":""Patch/residual evidence may be affected by resizing or compression.""}","{""tool"":""RIGID"",""evidence_type"":""perturbation_stability"",""verdict"":""real"",""score"":-0.9991403222084045,""strength"":""weak"",""observation"":""Official DINOv2 representation stability under the fixed perturbation."",""limitations"":""The fixed binary operating point was estimated on separate calibration groups.""}","{""tool"":""ProvenanceInspector"",""evidence_type"":""none"",""verdict"":""inconclusive"",""score"":null,""strength"":""none"",""observation"":""No C2PA claim or usable origin-bearing metadata was found."",""limitations"":""Metadata can be absent, stripped, or forged; untrusted claims do not establish origin.""}"
probe_eval_data/real/r0773471dt.png,r0773471dt,r0773471dt,r0773471dt:raise,0,raise,0.0001558400981593877,0,1,0.9999864101409912,1,0,0.4999864101409912,-0.9941699504852295,0,1,0.7836323976516724,0,1,0,none,none,"{""tool"":""PatchCraft"",""evidence_type"":""local_texture"",""verdict"":""fake"",""score"":0.9999864101409912,""strength"":""weak"",""observation"":""Official PatchCraft binary output; raw sigmoid score retained."",""limitations"":""Patch/residual evidence may be affected by resizing or compression.""}","{""tool"":""RIGID"",""evidence_type"":""perturbation_stability"",""verdict"":""real"",""score"":-0.9941699504852295,""strength"":""weak"",""observation"":""Official DINOv2 representation stability under the fixed perturbation."",""limitations"":""The fixed binary operating point was estimated on separate calibration groups.""}","{""tool"":""ProvenanceInspector"",""evidence_type"":""none"",""verdict"":""inconclusive"",""score"":null,""strength"":""none"",""observation"":""No C2PA claim or usable origin-bearing metadata was found."",""limitations"":""Metadata can be absent, stripped, or forged; untrusted claims do not establish origin.""}"
probe_eval_data/fake_flux/r0773471dt.png,r0773471dt,r0773471dt,r0773471dt:flux,1,flux,0.9636496901512146,1,1,0.8055610060691833,1,1,0.30556100606918335,-0.9962368011474609,0,0,0.9369382858276367,0,0,0,none,none,"{""tool"":""PatchCraft"",""evidence_type"":""local_texture"",""verdict"":""fake"",""score"":0.8055610060691833,""strength"":""weak"",""observation"":""Official PatchCraft binary output; raw sigmoid score retained."",""limitations"":""Patch/residual evidence may be affected by resizing or compression.""}","{""tool"":""RIGID"",""evidence_type"":""perturbation_stability"",""verdict"":""real"",""score"":-0.9962368011474609,""strength"":""weak"",""observation"":""Official DINOv2 representation stability under the fixed perturbation."",""limitations"":""The fixed binary operating point was estimated on separate calibration groups.""}","{""tool"":""ProvenanceInspector"",""evidence_type"":""none"",""verdict"":""inconclusive"",""score"":null,""strength"":""none"",""observation"":""No C2PA claim or usable origin-bearing metadata was found."",""limitations"":""Metadata can be absent, stripped, or forged; untrusted claims do not establish origin.""}"
probe_eval_data/fake_sd35/r0773471dt.png,r0773471dt,r0773471dt,r0773471dt:sd3_5,1,sd3_5,0.9999171495437622,1,1,0.9996691942214966,1,1,0.4996691942214966,-0.9952242374420166,0,0,0.45073044300079346,0,0,0,none,none,"{""tool"":""PatchCraft"",""evidence_type"":""local_texture"",""verdict"":""fake"",""score"":0.9996691942214966,""strength"":""weak"",""observation"":""Official PatchCraft binary output; raw sigmoid score retained."",""limitations"":""Patch/residual evidence may be affected by resizing or compression.""}","{""tool"":""RIGID"",""evidence_type"":""perturbation_stability"",""verdict"":""real"",""score"":-0.9952242374420166,""strength"":""weak"",""observation"":""Official DINOv2 representation stability under the fixed perturbation."",""limitations"":""The fixed binary operating point was estimated on separate calibration groups.""}","{""tool"":""ProvenanceInspector"",""evidence_type"":""none"",""verdict"":""inconclusive"",""score"":null,""strength"":""none"",""observation"":""No C2PA claim or usable origin-bearing metadata was found."",""limitations"":""Metadata can be absent, stripped, or forged; untrusted claims do not establish origin.""}"
probe_eval_data/real/r1c402787t.png,r1c402787t,r1c402787t,r1c402787t:raise,0,raise,0.002927500056102872,0,1,0.9818483591079712,1,0,0.4818483591079712,-0.9963529109954834,0,1,0.8766432404518127,0,1,0,none,none,"{""tool"":""PatchCraft"",""evidence_type"":""local_texture"",""verdict"":""fake"",""score"":0.9818483591079712,""strength"":""weak"",""observation"":""Official PatchCraft binary output; raw sigmoid score retained."",""limitations"":""Patch/residual evidence may be affected by resizing or compression.""}","{""tool"":""RIGID"",""evidence_type"":""perturbation_stability"",""verdict"":""real"",""score"":-0.9963529109954834,""strength"":""weak"",""observation"":""Official DINOv2 representation stability under the fixed perturbation."",""limitations"":""The fixed binary operating point was estimated on separate calibration groups.""}","{""tool"":""ProvenanceInspector"",""evidence_type"":""none"",""verdict"":""inconclusive"",""score"":null,""strength"":""none"",""observation"":""No C2PA claim or usable origin-bearing metadata was found."",""limitations"":""Metadata can be absent, stripped, or forged; untrusted claims do not establish origin.""}"
probe_eval_data/fake_flux/r1c402787t.png,r1c402787t,r1c402787t,r1c402787t:flux,1,flux,0.9983886480331421,1,1,0.07569815218448639,0,0,0.4243018478155136,-0.9890422821044922,0,0,0.9001216292381287,0,0,0,none,none,"{""tool"":""PatchCraft"",""evidence_type"":""local_texture"",""verdict"":""real"",""score"":0.07569815218448639,""strength"":""weak"",""observation"":""Official PatchCraft binary output; raw sigmoid score retained."",""limitations"":""Patch/residual evidence may be affected by resizing or compression.""}","{""tool"":""RIGID"",""evidence_type"":""perturbation_stability"",""verdict"":""real"",""score"":-0.9890422821044922,""strength"":""weak"",""observation"":""Official DINOv2 representation stability under the fixed perturbation."",""limitations"":""The fixed binary operating point was estimated on separate calibration groups.""}","{""tool"":""ProvenanceInspector"",""evidence_type"":""none"",""verdict"":""inconclusive"",""score"":null,""strength"":""none"",""observation"":""No C2PA claim or usable origin-bearing metadata was found."",""limitations"":""Metadata can be absent, stripped, or forged; untrusted claims do not establish origin.""}"
probe_eval_data/fake_sd35/r1c402787t.png,r1c402787t,r1c402787t,r1c402787t:sd3_5,1,sd3_5,0.9998998641967773,1,1,0.9999741315841675,1,1,0.4999741315841675,-0.9980320930480957,0,0,0.8136931657791138,0,0,0,none,none,"{""tool"":""PatchCraft"",""evidence_type"":""local_texture"",""verdict"":""fake"",""score"":0.9999741315841675,""strength"":""weak"",""observation"":""Official PatchCraft binary output; raw sigmoid score retained."",""limitations"":""Patch/residual evidence may be affected by resizing or compression.""}","{""tool"":""RIGID"",""evidence_type"":""perturbation_stability"",""verdict"":""real"",""score"":-0.9980320930480957,""strength"":""weak"",""observation"":""Official DINOv2 representation stability under the fixed perturbation."",""limitations"":""The fixed binary operating point was estimated on separate calibration groups.""}","{""tool"":""ProvenanceInspector"",""evidence_type"":""none"",""verdict"":""inconclusive"",""score"":null,""strength"":""none"",""observation"":""No C2PA claim or usable origin-bearing metadata was found."",""limitations"":""Metadata can be absent, stripped, or forged; untrusted claims do not establish origin.""}"
probe_eval_data/real/r1743fb6bt.png,r1743fb6bt,r1743fb6bt,r1743fb6bt:raise,0,raise,0.004827272146940231,0,1,0.06279462575912476,0,1,0.43720537424087524,-0.9957277774810791,0,1,0.5522190928459167,0,1,0,none,none,"{""tool"":""PatchCraft"",""evidence_type"":""local_texture"",""verdict"":""real"",""score"":0.06279462575912476,""strength"":""weak"",""observation"":""Official PatchCraft binary output; raw sigmoid score retained."",""limitations"":""Patch/residual evidence may be affected by resizing or compression.""}","{""tool"":""RIGID"",""evidence_type"":""perturbation_stability"",""verdict"":""real"",""score"":-0.9957277774810791,""strength"":""weak"",""observation"":""Official DINOv2 representation stability under the fixed perturbation."",""limitations"":""The fixed binary operating point was estimated on separate calibration groups.""}","{""tool"":""ProvenanceInspector"",""evidence_type"":""none"",""verdict"":""inconclusive"",""score"":null,""strength"":""none"",""observation"":""No C2PA claim or usable origin-bearing metadata was found."",""limitations"":""Metadata can be absent, stripped, or forged; untrusted claims do not establish origin.""}"
probe_eval_data/fake_flux/r1743fb6bt.png,r1743fb6bt,r1743fb6bt,r1743fb6bt:flux,1,flux,0.9968070983886719,1,1,0.10446302592754364,0,0,0.39553697407245636,-0.9965875744819641,0,0,0.4843328893184662,0,0,0,none,none,"{""tool"":""PatchCraft"",""evidence_type"":""local_texture"",""verdict"":""real"",""score"":0.10446302592754364,""strength"":""weak"",""observation"":""Official PatchCraft binary output; raw sigmoid score retained."",""limitations"":""Patch/residual evidence may be affected by resizing or compression.""}","{""tool"":""RIGID"",""evidence_type"":""perturbation_stability"",""verdict"":""real"",""score"":-0.9965875744819641,""strength"":""weak"",""observation"":""Official DINOv2 representation stability under the fixed perturbation."",""limitations"":""The fixed binary operating point was estimated on separate calibration groups.""}","{""tool"":""ProvenanceInspector"",""evidence_type"":""none"",""verdict"":""inconclusive"",""score"":null,""strength"":""none"",""observation"":""No C2PA claim or usable origin-bearing metadata was found."",""limitations"":""Metadata can be absent, stripped, or forged; untrusted claims do not establish origin.""}"
probe_eval_data/fake_sd35/r1743fb6bt.png,r1743fb6bt,r1743fb6bt,r1743fb6bt:sd3_5,1,sd3_5,0.9999388456344604,1,1,0.9983092546463013,1,1,0.49830925464630127,-0.9955954551696777,0,0,0.4383275508880615,0,0,0,none,none,"{""tool"":""PatchCraft"",""evidence_type"":""local_texture"",""verdict"":""fake"",""score"":0.9983092546463013,""strength"":""weak"",""observation"":""Official PatchCraft binary output; raw sigmoid score retained."",""limitations"":""Patch/residual evidence may be affected by resizing or compression.""}","{""tool"":""RIGID"",""evidence_type"":""perturbation_stability"",""verdict"":""real"",""score"":-0.9955954551696777,""strength"":""weak"",""observation"":""Official DINOv2 representation stability under the fixed perturbation."",""limitations"":""The fixed binary operating point was estimated on separate calibration groups.""}","{""tool"":""ProvenanceInspector"",""evidence_type"":""none"",""verdict"":""inconclusive"",""score"":null,""strength"":""none"",""observation"":""No C2PA claim or usable origin-bearing metadata was found."",""limitations"":""Metadata can be absent, stripped, or forged; untrusted claims do not establish origin.""}"
probe_eval_data/real/r1a2d8b02t.png,r1a2d8b02t,r1a2d8b02t,r1a2d8b02t:raise,0,raise,0.004722172860056162,0,1,0.9998168349266052,1,0,0.4998168349266052,-0.9852930307388306,0,1,0.6195864081382751,0,1,0,none,none,"{""tool"":""PatchCraft"",""evidence_type"":""local_texture"",""verdict"":""fake"",""score"":0.9998168349266052,""strength"":""weak"",""observation"":""Official PatchCraft binary output; raw sigmoid score retained."",""limitations"":""Patch/residual evidence may be affected by resizing or compression.""}","{""tool"":""RIGID"",""evidence_type"":""perturbation_stability"",""verdict"":""real"",""score"":-0.9852930307388306,""strength"":""weak"",""observation"":""Official DINOv2 representation stability under the fixed perturbation."",""limitations"":""The fixed binary operating point was estimated on separate calibration groups.""}","{""tool"":""ProvenanceInspector"",""evidence_type"":""none"",""verdict"":""inconclusive"",""score"":null,""strength"":""none"",""observation"":""No C2PA claim or usable origin-bearing metadata was found."",""limitations"":""Metadata can be absent, stripped, or forged; untrusted claims do not establish origin.""}"
probe_eval_data/fake_flux/r1a2d8b02t.png,r1a2d8b02t,r1a2d8b02t,r1a2d8b02t:flux,1,flux,0.9905272722244263,1,1,0.999902606010437,1,1,0.499902606010437,-0.9869139790534973,0,0,0.9611515998840332,1,1,0,none,none,"{""tool"":""PatchCraft"",""evidence_type"":""local_texture"",""verdict"":""fake"",""score"":0.999902606010437,""strength"":""weak"",""observation"":""Official PatchCraft binary output; raw sigmoid score retained."",""limitations"":""Patch/residual evidence may be affected by resizing or compression.""}","{""tool"":""RIGID"",""evidence_type"":""perturbation_stability"",""verdict"":""real"",""score"":-0.9869139790534973,""strength"":""weak"",""observation"":""Official DINOv2 representation stability under the fixed perturbation."",""limitations"":""The fixed binary operating point was estimated on separate calibration groups.""}","{""tool"":""ProvenanceInspector"",""evidence_type"":""none"",""verdict"":""inconclusive"",""score"":null,""strength"":""none"",""observation"":""No C2PA claim or usable origin-bearing metadata was found."",""limitations"":""Metadata can be absent, stripped, or forged; untrusted claims do not establish origin.""}"
probe_eval_data/fake_sd35/r1a2d8b02t.png,r1a2d8b02t,r1a2d8b02t,r1a2d8b02t:sd3_5,1,sd3_5,0.9998200535774231,1,1,0.9456893801689148,1,1,0.4456893801689148,-0.9972332715988159,0,0,0.9289371371269226,0,0,0,none,none,"{""tool"":""PatchCraft"",""evidence_type"":""local_texture"",""verdict"":""fake"",""score"":0.9456893801689148,""strength"":""weak"",""observation"":""Official PatchCraft binary output; raw sigmoid score retained."",""limitations"":""Patch/residual evidence may be affected by resizing or compression.""}","{""tool"":""RIGID"",""evidence_type"":""perturbation_stability"",""verdict"":""real"",""score"":-0.9972332715988159,""strength"":""weak"",""observation"":""Official DINOv2 representation stability under the fixed perturbation."",""limitations"":""The fixed binary operating point was estimated on separate calibration groups.""}","{""tool"":""ProvenanceInspector"",""evidence_type"":""none"",""verdict"":""inconclusive"",""score"":null,""strength"":""none"",""observation"":""No C2PA claim or usable origin-bearing metadata was found."",""limitations"":""Metadata can be absent, stripped, or forged; untrusted claims do not establish origin.""}"
probe_eval_data/real/r07d5eb94t.png,r07d5eb94t,r07d5eb94t,r07d5eb94t:raise,0,raise,0.00018790006288327277,0,1,0.963741660118103,1,0,0.463741660118103,-0.9844735264778137,0,1,0.3886641561985016,0,1,0,none,none,"{""tool"":""PatchCraft"",""evidence_type"":""local_texture"",""verdict"":""fake"",""score"":0.963741660118103,""strength"":""weak"",""observation"":""Official PatchCraft binary output; raw sigmoid score retained."",""limitations"":""Patch/residual evidence may be affected by resizing or compression.""}","{""tool"":""RIGID"",""evidence_type"":""perturbation_stability"",""verdict"":""real"",""score"":-0.9844735264778137,""strength"":""weak"",""observation"":""Official DINOv2 representation stability under the fixed perturbation."",""limitations"":""The fixed binary operating point was estimated on separate calibration groups.""}","{""tool"":""ProvenanceInspector"",""evidence_type"":""none"",""verdict"":""inconclusive"",""score"":null,""strength"":""none"",""observation"":""No C2PA claim or usable origin-bearing metadata was found."",""limitations"":""Metadata can be absent, stripped, or forged; untrusted claims do not establish origin.""}"
probe_eval_data/fake_flux/r07d5eb94t.png,r07d5eb94t,r07d5eb94t,r07d5eb94t:flux,1,flux,0.9994626641273499,1,1,0.9999998807907104,1,1,0.49999988079071045,-0.9823257923126221,0,0,0.9589316248893738,1,1,0,none,none,"{""tool"":""PatchCraft"",""evidence_type"":""local_texture"",""verdict"":""fake"",""score"":0.9999998807907104,""strength"":""weak"",""observation"":""Official PatchCraft binary output; raw sigmoid score retained."",""limitations"":""Patch/residual evidence may be affected by resizing or compression.""}","{""tool"":""RIGID"",""evidence_type"":""perturbation_stability"",""verdict"":""real"",""score"":-0.9823257923126221,""strength"":""weak"",""observation"":""Official DINOv2 representation stability under the fixed perturbation."",""limitations"":""The fixed binary operating point was estimated on separate calibration groups.""}","{""tool"":""ProvenanceInspector"",""evidence_type"":""none"",""verdict"":""inconclusive"",""score"":null,""strength"":""none"",""observation"":""No C2PA claim or usable origin-bearing metadata was found."",""limitations"":""Metadata can be absent, stripped, or forged; untrusted claims do not establish origin.""}"
probe_eval_data/fake_sd35/r07d5eb94t.png,r07d5eb94t,r07d5eb94t,r07d5eb94t:sd3_5,1,sd3_5,0.9999172687530518,1,1,0.7403771877288818,1,1,0.24037718772888184,-0.9921832084655762,0,0,0.9466928839683533,0,0,0,none,none,"{""tool"":""PatchCraft"",""evidence_type"":""local_texture"",""verdict"":""fake"",""score"":0.7403771877288818,""strength"":""weak"",""observation"":""Official PatchCraft binary output; raw sigmoid score retained."",""limitations"":""Patch/residual evidence may be affected by resizing or compression.""}","{""tool"":""RIGID"",""evidence_type"":""perturbation_stability"",""verdict"":""real"",""score"":-0.9921832084655762,""strength"":""weak"",""observation"":""Official DINOv2 representation stability under the fixed perturbation."",""limitations"":""The fixed binary operating point was estimated on separate calibration groups.""}","{""tool"":""ProvenanceInspector"",""evidence_type"":""none"",""verdict"":""inconclusive"",""score"":null,""strength"":""none"",""observation"":""No C2PA claim or usable origin-bearing metadata was found."",""limitations"":""Metadata can be absent, stripped, or forged; untrusted claims do not establish origin.""}"
probe_eval_data/real/r0f91c753t.png,r0f91c753t,r0f91c753t,r0f91c753t:raise,0,raise,0.0008983988664112985,0,1,0.8995053768157959,1,0,0.3995053768157959,-0.9959099888801575,0,1,0.9131003022193909,0,1,0,none,none,"{""tool"":""PatchCraft"",""evidence_type"":""local_texture"",""verdict"":""fake"",""score"":0.8995053768157959,""strength"":""weak"",""observation"":""Official PatchCraft binary output; raw sigmoid score retained."",""limitations"":""Patch/residual evidence may be affected by resizing or compression.""}","{""tool"":""RIGID"",""evidence_type"":""perturbation_stability"",""verdict"":""real"",""score"":-0.9959099888801575,""strength"":""weak"",""observation"":""Official DINOv2 representation stability under the fixed perturbation."",""limitations"":""The fixed binary operating point was estimated on separate calibration groups.""}","{""tool"":""ProvenanceInspector"",""evidence_type"":""none"",""verdict"":""inconclusive"",""score"":null,""strength"":""none"",""observation"":""No C2PA claim or usable origin-bearing metadata was found."",""limitations"":""Metadata can be absent, stripped, or forged; untrusted claims do not establish origin.""}"
probe_eval_data/fake_flux/r0f91c753t.png,r0f91c753t,r0f91c753t,r0f91c753t:flux,1,flux,0.9899583458900452,1,1,0.35243943333625793,0,0,0.14756056666374207,-0.9914633631706238,0,0,0.921047031879425,0,0,0,none,none,"{""tool"":""PatchCraft"",""evidence_type"":""local_texture"",""verdict"":""real"",""score"":0.35243943333625793,""strength"":""weak"",""observation"":""Official PatchCraft binary output; raw sigmoid score retained."",""limitations"":""Patch/residual evidence may be affected by resizing or compression.""}","{""tool"":""RIGID"",""evidence_type"":""perturbation_stability"",""verdict"":""real"",""score"":-0.9914633631706238,""strength"":""weak"",""observation"":""Official DINOv2 representation stability under the fixed perturbation."",""limitations"":""The fixed binary operating point was estimated on separate calibration groups.""}","{""tool"":""ProvenanceInspector"",""evidence_type"":""none"",""verdict"":""inconclusive"",""score"":null,""strength"":""none"",""observation"":""No C2PA claim or usable origin-bearing metadata was found."",""limitations"":""Metadata can be absent, stripped, or forged; untrusted claims do not establish origin.""}"
probe_eval_data/fake_sd35/r0f91c753t.png,r0f91c753t,r0f91c753t,r0f91c753t:sd3_5,1,sd3_5,0.9998481273651123,1,1,0.9999798536300659,1,1,0.4999798536300659,-0.9963871240615845,0,0,0.9457734823226929,0,0,0,none,none,"{""tool"":""PatchCraft"",""evidence_type"":""local_texture"",""verdict"":""fake"",""score"":0.9999798536300659,""strength"":""weak"",""observation"":""Official PatchCraft binary output; raw sigmoid score retained."",""limitations"":""Patch/residual evidence may be affected by resizing or compression.""}","{""tool"":""RIGID"",""evidence_type"":""perturbation_stability"",""verdict"":""real"",""score"":-0.9963871240615845,""strength"":""weak"",""observation"":""Official DINOv2 representation stability under the fixed perturbation."",""limitations"":""The fixed binary operating point was estimated on separate calibration groups.""}","{""tool"":""ProvenanceInspector"",""evidence_type"":""none"",""verdict"":""inconclusive"",""score"":null,""strength"":""none"",""observation"":""No C2PA claim or usable origin-bearing metadata was found."",""limitations"":""Metadata can be absent, stripped, or forged; untrusted claims do not establish origin.""}"
probe_eval_data/real/r0eba1984t.png,r0eba1984t,r0eba1984t,r0eba1984t:raise,0,raise,0.0002473066560924053,0,1,0.9997872710227966,1,0,0.49978727102279663,-0.991487979888916,0,1,0.9306899309158325,0,1,0,none,none,"{""tool"":""PatchCraft"",""evidence_type"":""local_texture"",""verdict"":""fake"",""score"":0.9997872710227966,""strength"":""weak"",""observation"":""Official PatchCraft binary output; raw sigmoid score retained."",""limitations"":""Patch/residual evidence may be affected by resizing or compression.""}","{""tool"":""RIGID"",""evidence_type"":""perturbation_stability"",""verdict"":""real"",""score"":-0.991487979888916,""strength"":""weak"",""observation"":""Official DINOv2 representation stability under the fixed perturbation."",""limitations"":""The fixed binary operating point was estimated on separate calibration groups.""}","{""tool"":""ProvenanceInspector"",""evidence_type"":""none"",""verdict"":""inconclusive"",""score"":null,""strength"":""none"",""observation"":""No C2PA claim or usable origin-bearing metadata was found."",""limitations"":""Metadata can be absent, stripped, or forged; untrusted claims do not establish origin.""}"
probe_eval_data/fake_flux/r0eba1984t.png,r0eba1984t,r0eba1984t,r0eba1984t:flux,1,flux,0.9998691082000732,1,1,0.9882605075836182,1,1,0.48826050758361816,-0.9927511811256409,0,0,0.9139454364776611,0,0,0,none,none,"{""tool"":""PatchCraft"",""evidence_type"":""local_texture"",""verdict"":""fake"",""score"":0.9882605075836182,""strength"":""weak"",""observation"":""Official PatchCraft binary output; raw sigmoid score retained."",""limitations"":""Patch/residual evidence may be affected by resizing or compression.""}","{""tool"":""RIGID"",""evidence_type"":""perturbation_stability"",""verdict"":""real"",""score"":-0.9927511811256409,""strength"":""weak"",""observation"":""Official DINOv2 representation stability under the fixed perturbation."",""limitations"":""The fixed binary operating point was estimated on separate calibration groups.""}","{""tool"":""ProvenanceInspector"",""evidence_type"":""none"",""verdict"":""inconclusive"",""score"":null,""strength"":""none"",""observation"":""No C2PA claim or usable origin-bearing metadata was found."",""limitations"":""Metadata can be absent, stripped, or forged; untrusted claims do not establish origin.""}"
probe_eval_data/fake_sd35/r0eba1984t.png,r0eba1984t,r0eba1984t,r0eba1984t:sd3_5,1,sd3_5,0.9998970031738281,1,1,0.9999731779098511,1,1,0.4999731779098511,-0.9978564977645874,0,0,0.9582980871200562,1,1,0,none,none,"{""tool"":""PatchCraft"",""evidence_type"":""local_texture"",""verdict"":""fake"",""score"":0.9999731779098511,""strength"":""weak"",""observation"":""Official PatchCraft binary output; raw sigmoid score retained."",""limitations"":""Patch/residual evidence may be affected by resizing or compression.""}","{""tool"":""RIGID"",""evidence_type"":""perturbation_stability"",""verdict"":""real"",""score"":-0.9978564977645874,""strength"":""weak"",""observation"":""Official DINOv2 representation stability under the fixed perturbation."",""limitations"":""The fixed binary operating point was estimated on separate calibration groups.""}","{""tool"":""ProvenanceInspector"",""evidence_type"":""none"",""verdict"":""inconclusive"",""score"":null,""strength"":""none"",""observation"":""No C2PA claim or usable origin-bearing metadata was found."",""limitations"":""Metadata can be absent, stripped, or forged; untrusted claims do not establish origin.""}"
probe_eval_data/real/r09c8e042t.png,r09c8e042t,r09c8e042t,r09c8e042t:raise,0,raise,0.0002493787033017725,0,1,0.600248396396637,1,0,0.10024839639663696,-0.9907252788543701,0,1,0.8106365203857422,0,1,0,none,none,"{""tool"":""PatchCraft"",""evidence_type"":""local_texture"",""verdict"":""fake"",""score"":0.600248396396637,""strength"":""weak"",""observation"":""Official PatchCraft binary output; raw sigmoid score retained."",""limitations"":""Patch/residual evidence may be affected by resizing or compression.""}","{""tool"":""RIGID"",""evidence_type"":""perturbation_stability"",""verdict"":""real"",""score"":-0.9907252788543701,""strength"":""weak"",""observation"":""Official DINOv2 representation stability under the fixed perturbation."",""limitations"":""The fixed binary operating point was estimated on separate calibration groups.""}","{""tool"":""ProvenanceInspector"",""evidence_type"":""none"",""verdict"":""inconclusive"",""score"":null,""strength"":""none"",""observation"":""No C2PA claim or usable origin-bearing metadata was found."",""limitations"":""Metadata can be absent, stripped, or forged; untrusted claims do not establish origin.""}"
probe_eval_data/fake_flux/r09c8e042t.png,r09c8e042t,r09c8e042t,r09c8e042t:flux,1,flux,0.9997089505195618,1,1,0.994269847869873,1,1,0.49426984786987305,-0.9889804720878601,0,0,0.9350588917732239,0,0,0,none,none,"{""tool"":""PatchCraft"",""evidence_type"":""local_texture"",""verdict"":""fake"",""score"":0.994269847869873,""strength"":""weak"",""observation"":""Official PatchCraft binary output; raw sigmoid score retained."",""limitations"":""Patch/residual evidence may be affected by resizing or compression.""}","{""tool"":""RIGID"",""evidence_type"":""perturbation_stability"",""verdict"":""real"",""score"":-0.9889804720878601,""strength"":""weak"",""observation"":""Official DINOv2 representation stability under the fixed perturbation."",""limitations"":""The fixed binary operating point was estimated on separate calibration groups.""}","{""tool"":""ProvenanceInspector"",""evidence_type"":""none"",""verdict"":""inconclusive"",""score"":null,""strength"":""none"",""observation"":""No C2PA claim or usable origin-bearing metadata was found."",""limitations"":""Metadata can be absent, stripped, or forged; untrusted claims do not establish origin.""}"
probe_eval_data/fake_sd35/r09c8e042t.png,r09c8e042t,r09c8e042t,r09c8e042t:sd3_5,1,sd3_5,0.999473512172699,1,1,0.9998255372047424,1,1,0.49982553720474243,-0.9973174333572388,0,0,0.9482762217521667,0,0,0,none,none,"{""tool"":""PatchCraft"",""evidence_type"":""local_texture"",""verdict"":""fake"",""score"":0.9998255372047424,""strength"":""weak"",""observation"":""Official PatchCraft binary output; raw sigmoid score retained."",""limitations"":""Patch/residual evidence may be affected by resizing or compression.""}","{""tool"":""RIGID"",""evidence_type"":""perturbation_stability"",""verdict"":""real"",""score"":-0.9973174333572388,""strength"":""weak"",""observation"":""Official DINOv2 representation stability under the fixed perturbation."",""limitations"":""The fixed binary operating point was estimated on separate calibration groups.""}","{""tool"":""ProvenanceInspector"",""evidence_type"":""none"",""verdict"":""inconclusive"",""score"":null,""strength"":""none"",""observation"":""No C2PA claim or usable origin-bearing metadata was found."",""limitations"":""Metadata can be absent, stripped, or forged; untrusted claims do not establish origin.""}"
probe_eval_data/real/r1ced1907t.png,r1ced1907t,r1ced1907t,r1ced1907t:raise,0,raise,0.00034597591729834676,0,1,0.9430703520774841,1,0,0.44307035207748413,-0.944359540939331,1,0,0.08824979513883591,0,1,0,none,none,"{""tool"":""PatchCraft"",""evidence_type"":""local_texture"",""verdict"":""fake"",""score"":0.9430703520774841,""strength"":""weak"",""observation"":""Official PatchCraft binary output; raw sigmoid score retained."",""limitations"":""Patch/residual evidence may be affected by resizing or compression.""}","{""tool"":""RIGID"",""evidence_type"":""perturbation_stability"",""verdict"":""fake"",""score"":-0.944359540939331,""strength"":""weak"",""observation"":""Official DINOv2 representation stability under the fixed perturbation."",""limitations"":""The fixed binary operating point was estimated on separate calibration groups.""}","{""tool"":""ProvenanceInspector"",""evidence_type"":""none"",""verdict"":""inconclusive"",""score"":null,""strength"":""none"",""observation"":""No C2PA claim or usable origin-bearing metadata was found."",""limitations"":""Metadata can be absent, stripped, or forged; untrusted claims do not establish origin.""}"
probe_eval_data/fake_flux/r1ced1907t.png,r1ced1907t,r1ced1907t,r1ced1907t:flux,1,flux,0.9919590950012207,1,1,0.8851960301399231,1,1,0.3851960301399231,-0.9721224904060364,0,0,0.951606810092926,0,0,0,none,none,"{""tool"":""PatchCraft"",""evidence_type"":""local_texture"",""verdict"":""fake"",""score"":0.8851960301399231,""strength"":""weak"",""observation"":""Official PatchCraft binary output; raw sigmoid score retained."",""limitations"":""Patch/residual evidence may be affected by resizing or compression.""}","{""tool"":""RIGID"",""evidence_type"":""perturbation_stability"",""verdict"":""real"",""score"":-0.9721224904060364,""strength"":""weak"",""observation"":""Official DINOv2 representation stability under the fixed perturbation."",""limitations"":""The fixed binary operating point was estimated on separate calibration groups.""}","{""tool"":""ProvenanceInspector"",""evidence_type"":""none"",""verdict"":""inconclusive"",""score"":null,""strength"":""none"",""observation"":""No C2PA claim or usable origin-bearing metadata was found."",""limitations"":""Metadata can be absent, stripped, or forged; untrusted claims do not establish origin.""}"
probe_eval_data/fake_sd35/r1ced1907t.png,r1ced1907t,r1ced1907t,r1ced1907t:sd3_5,1,sd3_5,0.8875055909156799,1,1,0.6803036332130432,1,1,0.1803036332130432,-0.9769076704978943,0,0,0.9660412669181824,1,1,0,none,none,"{""tool"":""PatchCraft"",""evidence_type"":""local_texture"",""verdict"":""fake"",""score"":0.6803036332130432,""strength"":""weak"",""observation"":""Official PatchCraft binary output; raw sigmoid score retained."",""limitations"":""Patch/residual evidence may be affected by resizing or compression.""}","{""tool"":""RIGID"",""evidence_type"":""perturbation_stability"",""verdict"":""real"",""score"":-0.9769076704978943,""strength"":""weak"",""observation"":""Official DINOv2 representation stability under the fixed perturbation."",""limitations"":""The fixed binary operating point was estimated on separate calibration groups.""}","{""tool"":""ProvenanceInspector"",""evidence_type"":""none"",""verdict"":""inconclusive"",""score"":null,""strength"":""none"",""observation"":""No C2PA claim or usable origin-bearing metadata was found."",""limitations"":""Metadata can be absent, stripped, or forged; untrusted claims do not establish origin.""}"
probe_eval_data/real/r15a0b476t.png,r15a0b476t,r15a0b476t,r15a0b476t:raise,0,raise,0.0005048063467256725,0,1,0.9728749990463257,1,0,0.4728749990463257,-0.9962794184684753,0,1,0.7537800669670105,0,1,0,none,none,"{""tool"":""PatchCraft"",""evidence_type"":""local_texture"",""verdict"":""fake"",""score"":0.9728749990463257,""strength"":""weak"",""observation"":""Official PatchCraft binary output; raw sigmoid score retained."",""limitations"":""Patch/residual evidence may be affected by resizing or compression.""}","{""tool"":""RIGID"",""evidence_type"":""perturbation_stability"",""verdict"":""real"",""score"":-0.9962794184684753,""strength"":""weak"",""observation"":""Official DINOv2 representation stability under the fixed perturbation."",""limitations"":""The fixed binary operating point was estimated on separate calibration groups.""}","{""tool"":""ProvenanceInspector"",""evidence_type"":""none"",""verdict"":""inconclusive"",""score"":null,""strength"":""none"",""observation"":""No C2PA claim or usable origin-bearing metadata was found."",""limitations"":""Metadata can be absent, stripped, or forged; untrusted claims do not establish origin.""}"
probe_eval_data/fake_flux/r15a0b476t.png,r15a0b476t,r15a0b476t,r15a0b476t:flux,1,flux,0.9987127780914307,1,1,0.9955944418907166,1,1,0.49559444189071655,-0.989745020866394,0,0,0.9653801321983337,1,1,0,none,none,"{""tool"":""PatchCraft"",""evidence_type"":""local_texture"",""verdict"":""fake"",""score"":0.9955944418907166,""strength"":""weak"",""observation"":""Official PatchCraft binary output; raw sigmoid score retained."",""limitations"":""Patch/residual evidence may be affected by resizing or compression.""}","{""tool"":""RIGID"",""evidence_type"":""perturbation_stability"",""verdict"":""real"",""score"":-0.989745020866394,""strength"":""weak"",""observation"":""Official DINOv2 representation stability under the fixed perturbation."",""limitations"":""The fixed binary operating point was estimated on separate calibration groups.""}","{""tool"":""ProvenanceInspector"",""evidence_type"":""none"",""verdict"":""inconclusive"",""score"":null,""strength"":""none"",""observation"":""No C2PA claim or usable origin-bearing metadata was found."",""limitations"":""Metadata can be absent, stripped, or forged; untrusted claims do not establish origin.""}"
probe_eval_data/fake_sd35/r15a0b476t.png,r15a0b476t,r15a0b476t,r15a0b476t:sd3_5,1,sd3_5,0.9998471736907959,1,1,0.9532499313354492,1,1,0.4532499313354492,-0.9961614012718201,0,0,0.9599221348762512,1,1,0,none,none,"{""tool"":""PatchCraft"",""evidence_type"":""local_texture"",""verdict"":""fake"",""score"":0.9532499313354492,""strength"":""weak"",""observation"":""Official PatchCraft binary output; raw sigmoid score retained."",""limitations"":""Patch/residual evidence may be affected by resizing or compression.""}","{""tool"":""RIGID"",""evidence_type"":""perturbation_stability"",""verdict"":""real"",""score"":-0.9961614012718201,""strength"":""weak"",""observation"":""Official DINOv2 representation stability under the fixed perturbation."",""limitations"":""The fixed binary operating point was estimated on separate calibration groups.""}","{""tool"":""ProvenanceInspector"",""evidence_type"":""none"",""verdict"":""inconclusive"",""score"":null,""strength"":""none"",""observation"":""No C2PA claim or usable origin-bearing metadata was found."",""limitations"":""Metadata can be absent, stripped, or forged; untrusted claims do not establish origin.""}"
probe_eval_data/real/r0670f47ft.png,r0670f47ft,r0670f47ft,r0670f47ft:raise,0,raise,0.0009475892293266952,0,1,0.9980053305625916,1,0,0.49800533056259155,-0.9911020398139954,0,1,0.1483478844165802,0,1,0,none,none,"{""tool"":""PatchCraft"",""evidence_type"":""local_texture"",""verdict"":""fake"",""score"":0.9980053305625916,""strength"":""weak"",""observation"":""Official PatchCraft binary output; raw sigmoid score retained."",""limitations"":""Patch/residual evidence may be affected by resizing or compression.""}","{""tool"":""RIGID"",""evidence_type"":""perturbation_stability"",""verdict"":""real"",""score"":-0.9911020398139954,""strength"":""weak"",""observation"":""Official DINOv2 representation stability under the fixed perturbation."",""limitations"":""The fixed binary operating point was estimated on separate calibration groups.""}","{""tool"":""ProvenanceInspector"",""evidence_type"":""none"",""verdict"":""inconclusive"",""score"":null,""strength"":""none"",""observation"":""No C2PA claim or usable origin-bearing metadata was found."",""limitations"":""Metadata can be absent, stripped, or forged; untrusted claims do not establish origin.""}"
probe_eval_data/fake_flux/r0670f47ft.png,r0670f47ft,r0670f47ft,r0670f47ft:flux,1,flux,0.3425769507884979,0,0,0.9447951912879944,1,1,0.4447951912879944,-0.9743250608444214,0,0,0.7395595908164978,0,0,0,none,none,"{""tool"":""PatchCraft"",""evidence_type"":""local_texture"",""verdict"":""fake"",""score"":0.9447951912879944,""strength"":""weak"",""observation"":""Official PatchCraft binary output; raw sigmoid score retained."",""limitations"":""Patch/residual evidence may be affected by resizing or compression.""}","{""tool"":""RIGID"",""evidence_type"":""perturbation_stability"",""verdict"":""real"",""score"":-0.9743250608444214,""strength"":""weak"",""observation"":""Official DINOv2 representation stability under the fixed perturbation."",""limitations"":""The fixed binary operating point was estimated on separate calibration groups.""}","{""tool"":""ProvenanceInspector"",""evidence_type"":""none"",""verdict"":""inconclusive"",""score"":null,""strength"":""none"",""observation"":""No C2PA claim or usable origin-bearing metadata was found."",""limitations"":""Metadata can be absent, stripped, or forged; untrusted claims do not establish origin.""}"
probe_eval_data/fake_sd35/r0670f47ft.png,r0670f47ft,r0670f47ft,r0670f47ft:sd3_5,1,sd3_5,0.9995443224906921,1,1,0.9101261496543884,1,1,0.4101261496543884,-0.9812449216842651,0,0,0.9503014087677002,0,0,0,none,none,"{""tool"":""PatchCraft"",""evidence_type"":""local_texture"",""verdict"":""fake"",""score"":0.9101261496543884,""strength"":""weak"",""observation"":""Official PatchCraft binary output; raw sigmoid score retained."",""limitations"":""Patch/residual evidence may be affected by resizing or compression.""}","{""tool"":""RIGID"",""evidence_type"":""perturbation_stability"",""verdict"":""real"",""score"":-0.9812449216842651,""strength"":""weak"",""observation"":""Official DINOv2 representation stability under the fixed perturbation."",""limitations"":""The fixed binary operating point was estimated on separate calibration groups.""}","{""tool"":""ProvenanceInspector"",""evidence_type"":""none"",""verdict"":""inconclusive"",""score"":null,""strength"":""none"",""observation"":""No C2PA claim or usable origin-bearing metadata was found."",""limitations"":""Metadata can be absent, stripped, or forged; untrusted claims do not establish origin.""}"
probe_eval_data/real/r1cc0e4e1t.png,r1cc0e4e1t,r1cc0e4e1t,r1cc0e4e1t:raise,0,raise,0.0012617181055247784,0,1,0.9553413987159729,1,0,0.4553413987159729,-0.9755905866622925,0,1,0.7412881255149841,0,1,0,none,none,"{""tool"":""PatchCraft"",""evidence_type"":""local_texture"",""verdict"":""fake"",""score"":0.9553413987159729,""strength"":""weak"",""observation"":""Official PatchCraft binary output; raw sigmoid score retained."",""limitations"":""Patch/residual evidence may be affected by resizing or compression.""}","{""tool"":""RIGID"",""evidence_type"":""perturbation_stability"",""verdict"":""real"",""score"":-0.9755905866622925,""strength"":""weak"",""observation"":""Official DINOv2 representation stability under the fixed perturbation."",""limitations"":""The fixed binary operating point was estimated on separate calibration groups.""}","{""tool"":""ProvenanceInspector"",""evidence_type"":""none"",""verdict"":""inconclusive"",""score"":null,""strength"":""none"",""observation"":""No C2PA claim or usable origin-bearing metadata was found."",""limitations"":""Metadata can be absent, stripped, or forged; untrusted claims do not establish origin.""}"
probe_eval_data/fake_flux/r1cc0e4e1t.png,r1cc0e4e1t,r1cc0e4e1t,r1cc0e4e1t:flux,1,flux,0.9728347063064575,1,1,0.9909118413925171,1,1,0.4909118413925171,-0.9709633588790894,0,0,0.8548021912574768,0,0,0,none,none,"{""tool"":""PatchCraft"",""evidence_type"":""local_texture"",""verdict"":""fake"",""score"":0.9909118413925171,""strength"":""weak"",""observation"":""Official PatchCraft binary output; raw sigmoid score retained."",""limitations"":""Patch/residual evidence may be affected by resizing or compression.""}","{""tool"":""RIGID"",""evidence_type"":""perturbation_stability"",""verdict"":""real"",""score"":-0.9709633588790894,""strength"":""weak"",""observation"":""Official DINOv2 representation stability under the fixed perturbation."",""limitations"":""The fixed binary operating point was estimated on separate calibration groups.""}","{""tool"":""ProvenanceInspector"",""evidence_type"":""none"",""verdict"":""inconclusive"",""score"":null,""strength"":""none"",""observation"":""No C2PA claim or usable origin-bearing metadata was found."",""limitations"":""Metadata can be absent, stripped, or forged; untrusted claims do not establish origin.""}"
probe_eval_data/fake_sd35/r1cc0e4e1t.png,r1cc0e4e1t,r1cc0e4e1t,r1cc0e4e1t:sd3_5,1,sd3_5,0.9996737241744995,1,1,0.9999957084655762,1,1,0.49999570846557617,-0.9962587356567383,0,0,0.8349127769470215,0,0,0,none,none,"{""tool"":""PatchCraft"",""evidence_type"":""local_texture"",""verdict"":""fake"",""score"":0.9999957084655762,""strength"":""weak"",""observation"":""Official PatchCraft binary output; raw sigmoid score retained."",""limitations"":""Patch/residual evidence may be affected by resizing or compression.""}","{""tool"":""RIGID"",""evidence_type"":""perturbation_stability"",""verdict"":""real"",""score"":-0.9962587356567383,""strength"":""weak"",""observation"":""Official DINOv2 representation stability under the fixed perturbation."",""limitations"":""The fixed binary operating point was estimated on separate calibration groups.""}","{""tool"":""ProvenanceInspector"",""evidence_type"":""none"",""verdict"":""inconclusive"",""score"":null,""strength"":""none"",""observation"":""No C2PA claim or usable origin-bearing metadata was found."",""limitations"":""Metadata can be absent, stripped, or forged; untrusted claims do not establish origin.""}"
probe_eval_data/real/r1c243af7t.png,r1c243af7t,r1c243af7t,r1c243af7t:raise,0,raise,0.0002754626329988241,0,1,0.9999597072601318,1,0,0.49995970726013184,-0.9851956963539124,0,1,0.6549502611160278,0,1,0,none,none,"{""tool"":""PatchCraft"",""evidence_type"":""local_texture"",""verdict"":""fake"",""score"":0.9999597072601318,""strength"":""weak"",""observation"":""Official PatchCraft binary output; raw sigmoid score retained."",""limitations"":""Patch/residual evidence may be affected by resizing or compression.""}","{""tool"":""RIGID"",""evidence_type"":""perturbation_stability"",""verdict"":""real"",""score"":-0.9851956963539124,""strength"":""weak"",""observation"":""Official DINOv2 representation stability under the fixed perturbation."",""limitations"":""The fixed binary operating point was estimated on separate calibration groups.""}","{""tool"":""ProvenanceInspector"",""evidence_type"":""none"",""verdict"":""inconclusive"",""score"":null,""strength"":""none"",""observation"":""No C2PA claim or usable origin-bearing metadata was found."",""limitations"":""Metadata can be absent, stripped, or forged; untrusted claims do not establish origin.""}"
probe_eval_data/fake_flux/r1c243af7t.png,r1c243af7t,r1c243af7t,r1c243af7t:flux,1,flux,0.9709703326225281,1,1,0.4808277189731598,0,0,0.01917228102684021,-0.9943146705627441,0,0,0.9474811553955078,0,0,0,none,none,"{""tool"":""PatchCraft"",""evidence_type"":""local_texture"",""verdict"":""real"",""score"":0.4808277189731598,""strength"":""weak"",""observation"":""Official PatchCraft binary output; raw sigmoid score retained."",""limitations"":""Patch/residual evidence may be affected by resizing or compression.""}","{""tool"":""RIGID"",""evidence_type"":""perturbation_stability"",""verdict"":""real"",""score"":-0.9943146705627441,""strength"":""weak"",""observation"":""Official DINOv2 representation stability under the fixed perturbation."",""limitations"":""The fixed binary operating point was estimated on separate calibration groups.""}","{""tool"":""ProvenanceInspector"",""evidence_type"":""none"",""verdict"":""inconclusive"",""score"":null,""strength"":""none"",""observation"":""No C2PA claim or usable origin-bearing metadata was found."",""limitations"":""Metadata can be absent, stripped, or forged; untrusted claims do not establish origin.""}"
probe_eval_data/fake_sd35/r1c243af7t.png,r1c243af7t,r1c243af7t,r1c243af7t:sd3_5,1,sd3_5,0.9999376535415649,1,1,0.9831023812294006,1,1,0.48310238122940063,-0.9951030611991882,0,0,0.8741375207901001,0,0,0,none,none,"{""tool"":""PatchCraft"",""evidence_type"":""local_texture"",""verdict"":""fake"",""score"":0.9831023812294006,""strength"":""weak"",""observation"":""Official PatchCraft binary output; raw sigmoid score retained."",""limitations"":""Patch/residual evidence may be affected by resizing or compression.""}","{""tool"":""RIGID"",""evidence_type"":""perturbation_stability"",""verdict"":""real"",""score"":-0.9951030611991882,""strength"":""weak"",""observation"":""Official DINOv2 representation stability under the fixed perturbation."",""limitations"":""The fixed binary operating point was estimated on separate calibration groups.""}","{""tool"":""ProvenanceInspector"",""evidence_type"":""none"",""verdict"":""inconclusive"",""score"":null,""strength"":""none"",""observation"":""No C2PA claim or usable origin-bearing metadata was found."",""limitations"":""Metadata can be absent, stripped, or forged; untrusted claims do not establish origin.""}"
probe_eval_data/real/r0f5475b5t.png,r0f5475b5t,r0f5475b5t,r0f5475b5t:raise,0,raise,0.0030979954171925783,0,1,0.9999977350234985,1,0,0.49999773502349854,-0.9857357740402222,0,1,0.9474624395370483,0,1,0,none,none,"{""tool"":""PatchCraft"",""evidence_type"":""local_texture"",""verdict"":""fake"",""score"":0.9999977350234985,""strength"":""weak"",""observation"":""Official PatchCraft binary output; raw sigmoid score retained."",""limitations"":""Patch/residual evidence may be affected by resizing or compression.""}","{""tool"":""RIGID"",""evidence_type"":""perturbation_stability"",""verdict"":""real"",""score"":-0.9857357740402222,""strength"":""weak"",""observation"":""Official DINOv2 representation stability under the fixed perturbation."",""limitations"":""The fixed binary operating point was estimated on separate calibration groups.""}","{""tool"":""ProvenanceInspector"",""evidence_type"":""none"",""verdict"":""inconclusive"",""score"":null,""strength"":""none"",""observation"":""No C2PA claim or usable origin-bearing metadata was found."",""limitations"":""Metadata can be absent, stripped, or forged; untrusted claims do not establish origin.""}"
probe_eval_data/fake_flux/r0f5475b5t.png,r0f5475b5t,r0f5475b5t,r0f5475b5t:flux,1,flux,0.9685688018798828,1,1,0.8918838500976562,1,1,0.39188385009765625,-0.982006311416626,0,0,0.940555214881897,0,0,0,none,none,"{""tool"":""PatchCraft"",""evidence_type"":""local_texture"",""verdict"":""fake"",""score"":0.8918838500976562,""strength"":""weak"",""observation"":""Official PatchCraft binary output; raw sigmoid score retained."",""limitations"":""Patch/residual evidence may be affected by resizing or compression.""}","{""tool"":""RIGID"",""evidence_type"":""perturbation_stability"",""verdict"":""real"",""score"":-0.982006311416626,""strength"":""weak"",""observation"":""Official DINOv2 representation stability under the fixed perturbation."",""limitations"":""The fixed binary operating point was estimated on separate calibration groups.""}","{""tool"":""ProvenanceInspector"",""evidence_type"":""none"",""verdict"":""inconclusive"",""score"":null,""strength"":""none"",""observation"":""No C2PA claim or usable origin-bearing metadata was found."",""limitations"":""Metadata can be absent, stripped, or forged; untrusted claims do not establish origin.""}"
probe_eval_data/fake_sd35/r0f5475b5t.png,r0f5475b5t,r0f5475b5t,r0f5475b5t:sd3_5,1,sd3_5,0.9999632835388184,1,1,0.9999914169311523,1,1,0.49999141693115234,-0.9960063695907593,0,0,0.9604479670524597,1,1,0,none,none,"{""tool"":""PatchCraft"",""evidence_type"":""local_texture"",""verdict"":""fake"",""score"":0.9999914169311523,""strength"":""weak"",""observation"":""Official PatchCraft binary output; raw sigmoid score retained."",""limitations"":""Patch/residual evidence may be affected by resizing or compression.""}","{""tool"":""RIGID"",""evidence_type"":""perturbation_stability"",""verdict"":""real"",""score"":-0.9960063695907593,""strength"":""weak"",""observation"":""Official DINOv2 representation stability under the fixed perturbation."",""limitations"":""The fixed binary operating point was estimated on separate calibration groups.""}","{""tool"":""ProvenanceInspector"",""evidence_type"":""none"",""verdict"":""inconclusive"",""score"":null,""strength"":""none"",""observation"":""No C2PA claim or usable origin-bearing metadata was found."",""limitations"":""Metadata can be absent, stripped, or forged; untrusted claims do not establish origin.""}"
probe_eval_data/real/r01a5f38at.png,r01a5f38at,r01a5f38at,r01a5f38at:raise,0,raise,0.00521771190688014,0,1,0.9999947547912598,1,0,0.49999475479125977,-0.976032555103302,0,1,0.9837408661842346,1,0,0,none,none,"{""tool"":""PatchCraft"",""evidence_type"":""local_texture"",""verdict"":""fake"",""score"":0.9999947547912598,""strength"":""weak"",""observation"":""Official PatchCraft binary output; raw sigmoid score retained."",""limitations"":""Patch/residual evidence may be affected by resizing or compression.""}","{""tool"":""RIGID"",""evidence_type"":""perturbation_stability"",""verdict"":""real"",""score"":-0.976032555103302,""strength"":""weak"",""observation"":""Official DINOv2 representation stability under the fixed perturbation."",""limitations"":""The fixed binary operating point was estimated on separate calibration groups.""}","{""tool"":""ProvenanceInspector"",""evidence_type"":""none"",""verdict"":""inconclusive"",""score"":null,""strength"":""none"",""observation"":""No C2PA claim or usable origin-bearing metadata was found."",""limitations"":""Metadata can be absent, stripped, or forged; untrusted claims do not establish origin.""}"
probe_eval_data/fake_flux/r01a5f38at.png,r01a5f38at,r01a5f38at,r01a5f38at:flux,1,flux,0.032174330204725266,0,0,0.17921854555606842,0,0,0.3207814544439316,-0.9854586720466614,0,0,0.9694513082504272,1,1,0,none,none,"{""tool"":""PatchCraft"",""evidence_type"":""local_texture"",""verdict"":""real"",""score"":0.17921854555606842,""strength"":""weak"",""observation"":""Official PatchCraft binary output; raw sigmoid score retained."",""limitations"":""Patch/residual evidence may be affected by resizing or compression.""}","{""tool"":""RIGID"",""evidence_type"":""perturbation_stability"",""verdict"":""real"",""score"":-0.9854586720466614,""strength"":""weak"",""observation"":""Official DINOv2 representation stability under the fixed perturbation."",""limitations"":""The fixed binary operating point was estimated on separate calibration groups.""}","{""tool"":""ProvenanceInspector"",""evidence_type"":""none"",""verdict"":""inconclusive"",""score"":null,""strength"":""none"",""observation"":""No C2PA claim or usable origin-bearing metadata was found."",""limitations"":""Metadata can be absent, stripped, or forged; untrusted claims do not establish origin.""}"
probe_eval_data/fake_sd35/r01a5f38at.png,r01a5f38at,r01a5f38at,r01a5f38at:sd3_5,1,sd3_5,0.9999129772186279,1,1,0.9935163259506226,1,1,0.49351632595062256,-0.9895163178443909,0,0,0.8008937239646912,0,0,0,none,none,"{""tool"":""PatchCraft"",""evidence_type"":""local_texture"",""verdict"":""fake"",""score"":0.9935163259506226,""strength"":""weak"",""observation"":""Official PatchCraft binary output; raw sigmoid score retained."",""limitations"":""Patch/residual evidence may be affected by resizing or compression.""}","{""tool"":""RIGID"",""evidence_type"":""perturbation_stability"",""verdict"":""real"",""score"":-0.9895163178443909,""strength"":""weak"",""observation"":""Official DINOv2 representation stability under the fixed perturbation."",""limitations"":""The fixed binary operating point was estimated on separate calibration groups.""}","{""tool"":""ProvenanceInspector"",""evidence_type"":""none"",""verdict"":""inconclusive"",""score"":null,""strength"":""none"",""observation"":""No C2PA claim or usable origin-bearing metadata was found."",""limitations"":""Metadata can be absent, stripped, or forged; untrusted claims do not establish origin.""}"
probe_eval_data/real/r06cad2d6t.png,r06cad2d6t,r06cad2d6t,r06cad2d6t:raise,0,raise,8.610790246166289e-05,0,1,0.9999998807907104,1,0,0.49999988079071045,-0.9957643747329712,0,1,0.8912038803100586,0,1,0,none,none,"{""tool"":""PatchCraft"",""evidence_type"":""local_texture"",""verdict"":""fake"",""score"":0.9999998807907104,""strength"":""weak"",""observation"":""Official PatchCraft binary output; raw sigmoid score retained."",""limitations"":""Patch/residual evidence may be affected by resizing or compression.""}","{""tool"":""RIGID"",""evidence_type"":""perturbation_stability"",""verdict"":""real"",""score"":-0.9957643747329712,""strength"":""weak"",""observation"":""Official DINOv2 representation stability under the fixed perturbation."",""limitations"":""The fixed binary operating point was estimated on separate calibration groups.""}","{""tool"":""ProvenanceInspector"",""evidence_type"":""none"",""verdict"":""inconclusive"",""score"":null,""strength"":""none"",""observation"":""No C2PA claim or usable origin-bearing metadata was found."",""limitations"":""Metadata can be absent, stripped, or forged; untrusted claims do not establish origin.""}"
probe_eval_data/fake_flux/r06cad2d6t.png,r06cad2d6t,r06cad2d6t,r06cad2d6t:flux,1,flux,0.9966614246368408,1,1,0.9896422028541565,1,1,0.4896422028541565,-0.9772967100143433,0,0,0.7998044490814209,0,0,0,none,none,"{""tool"":""PatchCraft"",""evidence_type"":""local_texture"",""verdict"":""fake"",""score"":0.9896422028541565,""strength"":""weak"",""observation"":""Official PatchCraft binary output; raw sigmoid score retained."",""limitations"":""Patch/residual evidence may be affected by resizing or compression.""}","{""tool"":""RIGID"",""evidence_type"":""perturbation_stability"",""verdict"":""real"",""score"":-0.9772967100143433,""strength"":""weak"",""observation"":""Official DINOv2 representation stability under the fixed perturbation."",""limitations"":""The fixed binary operating point was estimated on separate calibration groups.""}","{""tool"":""ProvenanceInspector"",""evidence_type"":""none"",""verdict"":""inconclusive"",""score"":null,""strength"":""none"",""observation"":""No C2PA claim or usable origin-bearing metadata was found."",""limitations"":""Metadata can be absent, stripped, or forged; untrusted claims do not establish origin.""}"
probe_eval_data/fake_sd35/r06cad2d6t.png,r06cad2d6t,r06cad2d6t,r06cad2d6t:sd3_5,1,sd3_5,0.9999245405197144,1,1,0.9949808716773987,1,1,0.4949808716773987,-0.9950267672538757,0,0,0.8747098445892334,0,0,0,none,none,"{""tool"":""PatchCraft"",""evidence_type"":""local_texture"",""verdict"":""fake"",""score"":0.9949808716773987,""strength"":""weak"",""observation"":""Official PatchCraft binary output; raw sigmoid score retained."",""limitations"":""Patch/residual evidence may be affected by resizing or compression.""}","{""tool"":""RIGID"",""evidence_type"":""perturbation_stability"",""verdict"":""real"",""score"":-0.9950267672538757,""strength"":""weak"",""observation"":""Official DINOv2 representation stability under the fixed perturbation."",""limitations"":""The fixed binary operating point was estimated on separate calibration groups.""}","{""tool"":""ProvenanceInspector"",""evidence_type"":""none"",""verdict"":""inconclusive"",""score"":null,""strength"":""none"",""observation"":""No C2PA claim or usable origin-bearing metadata was found."",""limitations"":""Metadata can be absent, stripped, or forged; untrusted claims do not establish origin.""}"
probe_eval_data/real/r13b5b161t.png,r13b5b161t,r13b5b161t,r13b5b161t:raise,0,raise,6.566094816662371e-05,0,1,0.010527591221034527,0,1,0.4894724087789655,-0.983174204826355,0,1,0.019090835005044937,0,1,0,none,none,"{""tool"":""PatchCraft"",""evidence_type"":""local_texture"",""verdict"":""real"",""score"":0.010527591221034527,""strength"":""weak"",""observation"":""Official PatchCraft binary output; raw sigmoid score retained."",""limitations"":""Patch/residual evidence may be affected by resizing or compression.""}","{""tool"":""RIGID"",""evidence_type"":""perturbation_stability"",""verdict"":""real"",""score"":-0.983174204826355,""strength"":""weak"",""observation"":""Official DINOv2 representation stability under the fixed perturbation."",""limitations"":""The fixed binary operating point was estimated on separate calibration groups.""}","{""tool"":""ProvenanceInspector"",""evidence_type"":""none"",""verdict"":""inconclusive"",""score"":null,""strength"":""none"",""observation"":""No C2PA claim or usable origin-bearing metadata was found."",""limitations"":""Metadata can be absent, stripped, or forged; untrusted claims do not establish origin.""}"
probe_eval_data/fake_flux/r13b5b161t.png,r13b5b161t,r13b5b161t,r13b5b161t:flux,1,flux,0.9994785189628601,1,1,0.9998326301574707,1,1,0.4998326301574707,-0.9890901446342468,0,0,0.9352765083312988,0,0,0,none,none,"{""tool"":""PatchCraft"",""evidence_type"":""local_texture"",""verdict"":""fake"",""score"":0.9998326301574707,""strength"":""weak"",""observation"":""Official PatchCraft binary output; raw sigmoid score retained."",""limitations"":""Patch/residual evidence may be affected by resizing or compression.""}","{""tool"":""RIGID"",""evidence_type"":""perturbation_stability"",""verdict"":""real"",""score"":-0.9890901446342468,""strength"":""weak"",""observation"":""Official DINOv2 representation stability under the fixed perturbation."",""limitations"":""The fixed binary operating point was estimated on separate calibration groups.""}","{""tool"":""ProvenanceInspector"",""evidence_type"":""none"",""verdict"":""inconclusive"",""score"":null,""strength"":""none"",""observation"":""No C2PA claim or usable origin-bearing metadata was found."",""limitations"":""Metadata can be absent, stripped, or forged; untrusted claims do not establish origin.""}"
probe_eval_data/fake_sd35/r13b5b161t.png,r13b5b161t,r13b5b161t,r13b5b161t:sd3_5,1,sd3_5,0.9999593496322632,1,1,0.9997411370277405,1,1,0.4997411370277405,-0.9945715665817261,0,0,0.9475405812263489,0,0,0,none,none,"{""tool"":""PatchCraft"",""evidence_type"":""local_texture"",""verdict"":""fake"",""score"":0.9997411370277405,""strength"":""weak"",""observation"":""Official PatchCraft binary output; raw sigmoid score retained."",""limitations"":""Patch/residual evidence may be affected by resizing or compression.""}","{""tool"":""RIGID"",""evidence_type"":""perturbation_stability"",""verdict"":""real"",""score"":-0.9945715665817261,""strength"":""weak"",""observation"":""Official DINOv2 representation stability under the fixed perturbation."",""limitations"":""The fixed binary operating point was estimated on separate calibration groups.""}","{""tool"":""ProvenanceInspector"",""evidence_type"":""none"",""verdict"":""inconclusive"",""score"":null,""strength"":""none"",""observation"":""No C2PA claim or usable origin-bearing metadata was found."",""limitations"":""Metadata can be absent, stripped, or forged; untrusted claims do not establish origin.""}"
probe_eval_data/real/r02a0839et.png,r02a0839et,r02a0839et,r02a0839et:raise,0,raise,0.0014874152839183807,0,1,0.9900451302528381,1,0,0.49004513025283813,-0.993353009223938,0,1,0.8760355710983276,0,1,0,none,none,"{""tool"":""PatchCraft"",""evidence_type"":""local_texture"",""verdict"":""fake"",""score"":0.9900451302528381,""strength"":""weak"",""observation"":""Official PatchCraft binary output; raw sigmoid score retained."",""limitations"":""Patch/residual evidence may be affected by resizing or compression.""}","{""tool"":""RIGID"",""evidence_type"":""perturbation_stability"",""verdict"":""real"",""score"":-0.993353009223938,""strength"":""weak"",""observation"":""Official DINOv2 representation stability under the fixed perturbation."",""limitations"":""The fixed binary operating point was estimated on separate calibration groups.""}","{""tool"":""ProvenanceInspector"",""evidence_type"":""none"",""verdict"":""inconclusive"",""score"":null,""strength"":""none"",""observation"":""No C2PA claim or usable origin-bearing metadata was found."",""limitations"":""Metadata can be absent, stripped, or forged; untrusted claims do not establish origin.""}"
probe_eval_data/fake_flux/r02a0839et.png,r02a0839et,r02a0839et,r02a0839et:flux,1,flux,0.9959936141967773,1,1,0.0011538239195942879,0,0,0.4988461760804057,-0.9877930879592896,0,0,0.953023374080658,0,0,0,none,none,"{""tool"":""PatchCraft"",""evidence_type"":""local_texture"",""verdict"":""real"",""score"":0.0011538239195942879,""strength"":""weak"",""observation"":""Official PatchCraft binary output; raw sigmoid score retained."",""limitations"":""Patch/residual evidence may be affected by resizing or compression.""}","{""tool"":""RIGID"",""evidence_type"":""perturbation_stability"",""verdict"":""real"",""score"":-0.9877930879592896,""strength"":""weak"",""observation"":""Official DINOv2 representation stability under the fixed perturbation."",""limitations"":""The fixed binary operating point was estimated on separate calibration groups.""}","{""tool"":""ProvenanceInspector"",""evidence_type"":""none"",""verdict"":""inconclusive"",""score"":null,""strength"":""none"",""observation"":""No C2PA claim or usable origin-bearing metadata was found."",""limitations"":""Metadata can be absent, stripped, or forged; untrusted claims do not establish origin.""}"
probe_eval_data/fake_sd35/r02a0839et.png,r02a0839et,r02a0839et,r02a0839et:sd3_5,1,sd3_5,0.9999308586120605,1,1,0.8554641604423523,1,1,0.3554641604423523,-0.9929470419883728,0,0,0.6672320365905762,0,0,0,none,none,"{""tool"":""PatchCraft"",""evidence_type"":""local_texture"",""verdict"":""fake"",""score"":0.8554641604423523,""strength"":""weak"",""observation"":""Official PatchCraft binary output; raw sigmoid score retained."",""limitations"":""Patch/residual evidence may be affected by resizing or compression.""}","{""tool"":""RIGID"",""evidence_type"":""perturbation_stability"",""verdict"":""real"",""score"":-0.9929470419883728,""strength"":""weak"",""observation"":""Official DINOv2 representation stability under the fixed perturbation."",""limitations"":""The fixed binary operating point was estimated on separate calibration groups.""}","{""tool"":""ProvenanceInspector"",""evidence_type"":""none"",""verdict"":""inconclusive"",""score"":null,""strength"":""none"",""observation"":""No C2PA claim or usable origin-bearing metadata was found."",""limitations"":""Metadata can be absent, stripped, or forged; untrusted claims do not establish origin.""}"
probe_eval_data/real/r12cebbd2t.png,r12cebbd2t,r12cebbd2t,r12cebbd2t:raise,0,raise,0.00012526343925856054,0,1,0.9976792931556702,1,0,0.49767929315567017,-0.9623914361000061,1,0,0.936776340007782,0,1,0,none,none,"{""tool"":""PatchCraft"",""evidence_type"":""local_texture"",""verdict"":""fake"",""score"":0.9976792931556702,""strength"":""weak"",""observation"":""Official PatchCraft binary output; raw sigmoid score retained."",""limitations"":""Patch/residual evidence may be affected by resizing or compression.""}","{""tool"":""RIGID"",""evidence_type"":""perturbation_stability"",""verdict"":""fake"",""score"":-0.9623914361000061,""strength"":""weak"",""observation"":""Official DINOv2 representation stability under the fixed perturbation."",""limitations"":""The fixed binary operating point was estimated on separate calibration groups.""}","{""tool"":""ProvenanceInspector"",""evidence_type"":""none"",""verdict"":""inconclusive"",""score"":null,""strength"":""none"",""observation"":""No C2PA claim or usable origin-bearing metadata was found."",""limitations"":""Metadata can be absent, stripped, or forged; untrusted claims do not establish origin.""}"
probe_eval_data/fake_flux/r12cebbd2t.png,r12cebbd2t,r12cebbd2t,r12cebbd2t:flux,1,flux,0.5744465589523315,1,1,0.9920817613601685,1,1,0.49208176136016846,-0.9862155914306641,0,0,0.9594078063964844,1,1,0,none,none,"{""tool"":""PatchCraft"",""evidence_type"":""local_texture"",""verdict"":""fake"",""score"":0.9920817613601685,""strength"":""weak"",""observation"":""Official PatchCraft binary output; raw sigmoid score retained."",""limitations"":""Patch/residual evidence may be affected by resizing or compression.""}","{""tool"":""RIGID"",""evidence_type"":""perturbation_stability"",""verdict"":""real"",""score"":-0.9862155914306641,""strength"":""weak"",""observation"":""Official DINOv2 representation stability under the fixed perturbation."",""limitations"":""The fixed binary operating point was estimated on separate calibration groups.""}","{""tool"":""ProvenanceInspector"",""evidence_type"":""none"",""verdict"":""inconclusive"",""score"":null,""strength"":""none"",""observation"":""No C2PA claim or usable origin-bearing metadata was found."",""limitations"":""Metadata can be absent, stripped, or forged; untrusted claims do not establish origin.""}"
probe_eval_data/fake_sd35/r12cebbd2t.png,r12cebbd2t,r12cebbd2t,r12cebbd2t:sd3_5,1,sd3_5,0.97208571434021,1,1,0.8152247667312622,1,1,0.3152247667312622,-0.9680315852165222,1,1,0.8973874449729919,0,0,0,none,none,"{""tool"":""PatchCraft"",""evidence_type"":""local_texture"",""verdict"":""fake"",""score"":0.8152247667312622,""strength"":""weak"",""observation"":""Official PatchCraft binary output; raw sigmoid score retained."",""limitations"":""Patch/residual evidence may be affected by resizing or compression.""}","{""tool"":""RIGID"",""evidence_type"":""perturbation_stability"",""verdict"":""fake"",""score"":-0.9680315852165222,""strength"":""weak"",""observation"":""Official DINOv2 representation stability under the fixed perturbation."",""limitations"":""The fixed binary operating point was estimated on separate calibration groups.""}","{""tool"":""ProvenanceInspector"",""evidence_type"":""none"",""verdict"":""inconclusive"",""score"":null,""strength"":""none"",""observation"":""No C2PA claim or usable origin-bearing metadata was found."",""limitations"":""Metadata can be absent, stripped, or forged; untrusted claims do not establish origin.""}"
probe_eval_data/real/r06743f8ft.png,r06743f8ft,r06743f8ft,r06743f8ft:raise,0,raise,0.00039859479875303805,0,1,0.9270972609519958,1,0,0.42709726095199585,-0.9077133536338806,1,0,0.9408987164497375,0,1,0,none,none,"{""tool"":""PatchCraft"",""evidence_type"":""local_texture"",""verdict"":""fake"",""score"":0.9270972609519958,""strength"":""weak"",""observation"":""Official PatchCraft binary output; raw sigmoid score retained."",""limitations"":""Patch/residual evidence may be affected by resizing or compression.""}","{""tool"":""RIGID"",""evidence_type"":""perturbation_stability"",""verdict"":""fake"",""score"":-0.9077133536338806,""strength"":""weak"",""observation"":""Official DINOv2 representation stability under the fixed perturbation."",""limitations"":""The fixed binary operating point was estimated on separate calibration groups.""}","{""tool"":""ProvenanceInspector"",""evidence_type"":""none"",""verdict"":""inconclusive"",""score"":null,""strength"":""none"",""observation"":""No C2PA claim or usable origin-bearing metadata was found."",""limitations"":""Metadata can be absent, stripped, or forged; untrusted claims do not establish origin.""}"
probe_eval_data/fake_flux/r06743f8ft.png,r06743f8ft,r06743f8ft,r06743f8ft:flux,1,flux,0.9387237429618835,1,1,0.9993638396263123,1,1,0.49936383962631226,-0.8964759111404419,1,1,0.9351568818092346,0,0,0,none,none,"{""tool"":""PatchCraft"",""evidence_type"":""local_texture"",""verdict"":""fake"",""score"":0.9993638396263123,""strength"":""weak"",""observation"":""Official PatchCraft binary output; raw sigmoid score retained."",""limitations"":""Patch/residual evidence may be affected by resizing or compression.""}","{""tool"":""RIGID"",""evidence_type"":""perturbation_stability"",""verdict"":""fake"",""score"":-0.8964759111404419,""strength"":""weak"",""observation"":""Official DINOv2 representation stability under the fixed perturbation."",""limitations"":""The fixed binary operating point was estimated on separate calibration groups.""}","{""tool"":""ProvenanceInspector"",""evidence_type"":""none"",""verdict"":""inconclusive"",""score"":null,""strength"":""none"",""observation"":""No C2PA claim or usable origin-bearing metadata was found."",""limitations"":""Metadata can be absent, stripped, or forged; untrusted claims do not establish origin.""}"
probe_eval_data/fake_sd35/r06743f8ft.png,r06743f8ft,r06743f8ft,r06743f8ft:sd3_5,1,sd3_5,0.274584025144577,0,0,0.9802007675170898,1,1,0.48020076751708984,-0.9958596229553223,0,0,0.9785600304603577,1,1,0,none,none,"{""tool"":""PatchCraft"",""evidence_type"":""local_texture"",""verdict"":""fake"",""score"":0.9802007675170898,""strength"":""weak"",""observation"":""Official PatchCraft binary output; raw sigmoid score retained."",""limitations"":""Patch/residual evidence may be affected by resizing or compression.""}","{""tool"":""RIGID"",""evidence_type"":""perturbation_stability"",""verdict"":""real"",""score"":-0.9958596229553223,""strength"":""weak"",""observation"":""Official DINOv2 representation stability under the fixed perturbation."",""limitations"":""The fixed binary operating point was estimated on separate calibration groups.""}","{""tool"":""ProvenanceInspector"",""evidence_type"":""none"",""verdict"":""inconclusive"",""score"":null,""strength"":""none"",""observation"":""No C2PA claim or usable origin-bearing metadata was found."",""limitations"":""Metadata can be absent, stripped, or forged; untrusted claims do not establish origin.""}"
probe_eval_data/real/r03f70ccdt.png,r03f70ccdt,r03f70ccdt,r03f70ccdt:raise,0,raise,0.00028452364495024085,0,1,0.9994413256645203,1,0,0.49944132566452026,-0.9797378778457642,0,1,0.9427776336669922,0,1,0,none,none,"{""tool"":""PatchCraft"",""evidence_type"":""local_texture"",""verdict"":""fake"",""score"":0.9994413256645203,""strength"":""weak"",""observation"":""Official PatchCraft binary output; raw sigmoid score retained."",""limitations"":""Patch/residual evidence may be affected by resizing or compression.""}","{""tool"":""RIGID"",""evidence_type"":""perturbation_stability"",""verdict"":""real"",""score"":-0.9797378778457642,""strength"":""weak"",""observation"":""Official DINOv2 representation stability under the fixed perturbation."",""limitations"":""The fixed binary operating point was estimated on separate calibration groups.""}","{""tool"":""ProvenanceInspector"",""evidence_type"":""none"",""verdict"":""inconclusive"",""score"":null,""strength"":""none"",""observation"":""No C2PA claim or usable origin-bearing metadata was found."",""limitations"":""Metadata can be absent, stripped, or forged; untrusted claims do not establish origin.""}"
probe_eval_data/fake_flux/r03f70ccdt.png,r03f70ccdt,r03f70ccdt,r03f70ccdt:flux,1,flux,0.958834707736969,1,1,0.9764019250869751,1,1,0.4764019250869751,-0.9798265695571899,0,0,0.9582034945487976,1,1,0,none,none,"{""tool"":""PatchCraft"",""evidence_type"":""local_texture"",""verdict"":""fake"",""score"":0.9764019250869751,""strength"":""weak"",""observation"":""Official PatchCraft binary output; raw sigmoid score retained."",""limitations"":""Patch/residual evidence may be affected by resizing or compression.""}","{""tool"":""RIGID"",""evidence_type"":""perturbation_stability"",""verdict"":""real"",""score"":-0.9798265695571899,""strength"":""weak"",""observation"":""Official DINOv2 representation stability under the fixed perturbation."",""limitations"":""The fixed binary operating point was estimated on separate calibration groups.""}","{""tool"":""ProvenanceInspector"",""evidence_type"":""none"",""verdict"":""inconclusive"",""score"":null,""strength"":""none"",""observation"":""No C2PA claim or usable origin-bearing metadata was found."",""limitations"":""Metadata can be absent, stripped, or forged; untrusted claims do not establish origin.""}"
probe_eval_data/fake_sd35/r03f70ccdt.png,r03f70ccdt,r03f70ccdt,r03f70ccdt:sd3_5,1,sd3_5,0.9997460246086121,1,1,0.9990670084953308,1,1,0.4990670084953308,-0.9954568147659302,0,0,0.9399134516716003,0,0,0,none,none,"{""tool"":""PatchCraft"",""evidence_type"":""local_texture"",""verdict"":""fake"",""score"":0.9990670084953308,""strength"":""weak"",""observation"":""Official PatchCraft binary output; raw sigmoid score retained."",""limitations"":""Patch/residual evidence may be affected by resizing or compression.""}","{""tool"":""RIGID"",""evidence_type"":""perturbation_stability"",""verdict"":""real"",""score"":-0.9954568147659302,""strength"":""weak"",""observation"":""Official DINOv2 representation stability under the fixed perturbation."",""limitations"":""The fixed binary operating point was estimated on separate calibration groups.""}","{""tool"":""ProvenanceInspector"",""evidence_type"":""none"",""verdict"":""inconclusive"",""score"":null,""strength"":""none"",""observation"":""No C2PA claim or usable origin-bearing metadata was found."",""limitations"":""Metadata can be absent, stripped, or forged; untrusted claims do not establish origin.""}"
probe_eval_data/real/r0b13d2a2t.png,r0b13d2a2t,r0b13d2a2t,r0b13d2a2t:raise,0,raise,0.00012040253932354972,0,1,0.9985470175743103,1,0,0.4985470175743103,-0.9756346344947815,0,1,0.6822181344032288,0,1,0,none,none,"{""tool"":""PatchCraft"",""evidence_type"":""local_texture"",""verdict"":""fake"",""score"":0.9985470175743103,""strength"":""weak"",""observation"":""Official PatchCraft binary output; raw sigmoid score retained."",""limitations"":""Patch/residual evidence may be affected by resizing or compression.""}","{""tool"":""RIGID"",""evidence_type"":""perturbation_stability"",""verdict"":""real"",""score"":-0.9756346344947815,""strength"":""weak"",""observation"":""Official DINOv2 representation stability under the fixed perturbation."",""limitations"":""The fixed binary operating point was estimated on separate calibration groups.""}","{""tool"":""ProvenanceInspector"",""evidence_type"":""none"",""verdict"":""inconclusive"",""score"":null,""strength"":""none"",""observation"":""No C2PA claim or usable origin-bearing metadata was found."",""limitations"":""Metadata can be absent, stripped, or forged; untrusted claims do not establish origin.""}"
probe_eval_data/fake_flux/r0b13d2a2t.png,r0b13d2a2t,r0b13d2a2t,r0b13d2a2t:flux,1,flux,0.29466718435287476,0,0,0.6486225128173828,1,1,0.1486225128173828,-0.9903151392936707,0,0,0.9684528708457947,1,1,0,none,none,"{""tool"":""PatchCraft"",""evidence_type"":""local_texture"",""verdict"":""fake"",""score"":0.6486225128173828,""strength"":""weak"",""observation"":""Official PatchCraft binary output; raw sigmoid score retained."",""limitations"":""Patch/residual evidence may be affected by resizing or compression.""}","{""tool"":""RIGID"",""evidence_type"":""perturbation_stability"",""verdict"":""real"",""score"":-0.9903151392936707,""strength"":""weak"",""observation"":""Official DINOv2 representation stability under the fixed perturbation."",""limitations"":""The fixed binary operating point was estimated on separate calibration groups.""}","{""tool"":""ProvenanceInspector"",""evidence_type"":""none"",""verdict"":""inconclusive"",""score"":null,""strength"":""none"",""observation"":""No C2PA claim or usable origin-bearing metadata was found."",""limitations"":""Metadata can be absent, stripped, or forged; untrusted claims do not establish origin.""}"
probe_eval_data/fake_sd35/r0b13d2a2t.png,r0b13d2a2t,r0b13d2a2t,r0b13d2a2t:sd3_5,1,sd3_5,0.9994888305664062,1,1,0.9999997615814209,1,1,0.4999997615814209,-0.994304895401001,0,0,0.9530542492866516,0,0,0,none,none,"{""tool"":""PatchCraft"",""evidence_type"":""local_texture"",""verdict"":""fake"",""score"":0.9999997615814209,""strength"":""weak"",""observation"":""Official PatchCraft binary output; raw sigmoid score retained."",""limitations"":""Patch/residual evidence may be affected by resizing or compression.""}","{""tool"":""RIGID"",""evidence_type"":""perturbation_stability"",""verdict"":""real"",""score"":-0.994304895401001,""strength"":""weak"",""observation"":""Official DINOv2 representation stability under the fixed perturbation."",""limitations"":""The fixed binary operating point was estimated on separate calibration groups.""}","{""tool"":""ProvenanceInspector"",""evidence_type"":""none"",""verdict"":""inconclusive"",""score"":null,""strength"":""none"",""observation"":""No C2PA claim or usable origin-bearing metadata was found."",""limitations"":""Metadata can be absent, stripped, or forged; untrusted claims do not establish origin.""}"
probe_eval_data/real/r097088c1t.png,r097088c1t,r097088c1t,r097088c1t:raise,0,raise,0.00018516146519687027,0,1,0.999967098236084,1,0,0.499967098236084,-0.9906396269798279,0,1,0.9643943905830383,1,0,0,none,none,"{""tool"":""PatchCraft"",""evidence_type"":""local_texture"",""verdict"":""fake"",""score"":0.999967098236084,""strength"":""weak"",""observation"":""Official PatchCraft binary output; raw sigmoid score retained."",""limitations"":""Patch/residual evidence may be affected by resizing or compression.""}","{""tool"":""RIGID"",""evidence_type"":""perturbation_stability"",""verdict"":""real"",""score"":-0.9906396269798279,""strength"":""weak"",""observation"":""Official DINOv2 representation stability under the fixed perturbation."",""limitations"":""The fixed binary operating point was estimated on separate calibration groups.""}","{""tool"":""ProvenanceInspector"",""evidence_type"":""none"",""verdict"":""inconclusive"",""score"":null,""strength"":""none"",""observation"":""No C2PA claim or usable origin-bearing metadata was found."",""limitations"":""Metadata can be absent, stripped, or forged; untrusted claims do not establish origin.""}"
probe_eval_data/fake_flux/r097088c1t.png,r097088c1t,r097088c1t,r097088c1t:flux,1,flux,0.952494204044342,1,1,0.9952481389045715,1,1,0.49524813890457153,-0.9929199814796448,0,0,0.943208634853363,0,0,0,none,none,"{""tool"":""PatchCraft"",""evidence_type"":""local_texture"",""verdict"":""fake"",""score"":0.9952481389045715,""strength"":""weak"",""observation"":""Official PatchCraft binary output; raw sigmoid score retained."",""limitations"":""Patch/residual evidence may be affected by resizing or compression.""}","{""tool"":""RIGID"",""evidence_type"":""perturbation_stability"",""verdict"":""real"",""score"":-0.9929199814796448,""strength"":""weak"",""observation"":""Official DINOv2 representation stability under the fixed perturbation."",""limitations"":""The fixed binary operating point was estimated on separate calibration groups.""}","{""tool"":""ProvenanceInspector"",""evidence_type"":""none"",""verdict"":""inconclusive"",""score"":null,""strength"":""none"",""observation"":""No C2PA claim or usable origin-bearing metadata was found."",""limitations"":""Metadata can be absent, stripped, or forged; untrusted claims do not establish origin.""}"
probe_eval_data/fake_sd35/r097088c1t.png,r097088c1t,r097088c1t,r097088c1t:sd3_5,1,sd3_5,0.9998770952224731,1,1,0.8467816710472107,1,1,0.3467816710472107,-0.9968287944793701,0,0,0.6584442853927612,0,0,0,none,none,"{""tool"":""PatchCraft"",""evidence_type"":""local_texture"",""verdict"":""fake"",""score"":0.8467816710472107,""strength"":""weak"",""observation"":""Official PatchCraft binary output; raw sigmoid score retained."",""limitations"":""Patch/residual evidence may be affected by resizing or compression.""}","{""tool"":""RIGID"",""evidence_type"":""perturbation_stability"",""verdict"":""real"",""score"":-0.9968287944793701,""strength"":""weak"",""observation"":""Official DINOv2 representation stability under the fixed perturbation."",""limitations"":""The fixed binary operating point was estimated on separate calibration groups.""}","{""tool"":""ProvenanceInspector"",""evidence_type"":""none"",""verdict"":""inconclusive"",""score"":null,""strength"":""none"",""observation"":""No C2PA claim or usable origin-bearing metadata was found."",""limitations"":""Metadata can be absent, stripped, or forged; untrusted claims do not establish origin.""}"
probe_eval_data/real/r06888d38t.png,r06888d38t,r06888d38t,r06888d38t:raise,0,raise,0.0002674175484571606,0,1,0.9999903440475464,1,0,0.4999903440475464,-0.9944531917572021,0,1,0.17343074083328247,0,1,0,none,none,"{""tool"":""PatchCraft"",""evidence_type"":""local_texture"",""verdict"":""fake"",""score"":0.9999903440475464,""strength"":""weak"",""observation"":""Official PatchCraft binary output; raw sigmoid score retained."",""limitations"":""Patch/residual evidence may be affected by resizing or compression.""}","{""tool"":""RIGID"",""evidence_type"":""perturbation_stability"",""verdict"":""real"",""score"":-0.9944531917572021,""strength"":""weak"",""observation"":""Official DINOv2 representation stability under the fixed perturbation."",""limitations"":""The fixed binary operating point was estimated on separate calibration groups.""}","{""tool"":""ProvenanceInspector"",""evidence_type"":""none"",""verdict"":""inconclusive"",""score"":null,""strength"":""none"",""observation"":""No C2PA claim or usable origin-bearing metadata was found."",""limitations"":""Metadata can be absent, stripped, or forged; untrusted claims do not establish origin.""}"
probe_eval_data/fake_flux/r06888d38t.png,r06888d38t,r06888d38t,r06888d38t:flux,1,flux,0.9992087483406067,1,1,0.9971069693565369,1,1,0.49710696935653687,-0.9910743832588196,0,0,0.44780266284942627,0,0,0,none,none,"{""tool"":""PatchCraft"",""evidence_type"":""local_texture"",""verdict"":""fake"",""score"":0.9971069693565369,""strength"":""weak"",""observation"":""Official PatchCraft binary output; raw sigmoid score retained."",""limitations"":""Patch/residual evidence may be affected by resizing or compression.""}","{""tool"":""RIGID"",""evidence_type"":""perturbation_stability"",""verdict"":""real"",""score"":-0.9910743832588196,""strength"":""weak"",""observation"":""Official DINOv2 representation stability under the fixed perturbation."",""limitations"":""The fixed binary operating point was estimated on separate calibration groups.""}","{""tool"":""ProvenanceInspector"",""evidence_type"":""none"",""verdict"":""inconclusive"",""score"":null,""strength"":""none"",""observation"":""No C2PA claim or usable origin-bearing metadata was found."",""limitations"":""Metadata can be absent, stripped, or forged; untrusted claims do not establish origin.""}"
probe_eval_data/fake_sd35/r06888d38t.png,r06888d38t,r06888d38t,r06888d38t:sd3_5,1,sd3_5,0.9999387264251709,1,1,0.15216612815856934,0,0,0.34783387184143066,-0.9706171751022339,0,0,0.8641682863235474,0,0,0,none,none,"{""tool"":""PatchCraft"",""evidence_type"":""local_texture"",""verdict"":""real"",""score"":0.15216612815856934,""strength"":""weak"",""observation"":""Official PatchCraft binary output; raw sigmoid score retained."",""limitations"":""Patch/residual evidence may be affected by resizing or compression.""}","{""tool"":""RIGID"",""evidence_type"":""perturbation_stability"",""verdict"":""real"",""score"":-0.9706171751022339,""strength"":""weak"",""observation"":""Official DINOv2 representation stability under the fixed perturbation."",""limitations"":""The fixed binary operating point was estimated on separate calibration groups.""}","{""tool"":""ProvenanceInspector"",""evidence_type"":""none"",""verdict"":""inconclusive"",""score"":null,""strength"":""none"",""observation"":""No C2PA claim or usable origin-bearing metadata was found."",""limitations"":""Metadata can be absent, stripped, or forged; untrusted claims do not establish origin.""}"
probe_eval_data/real/r188eb234t.png,r188eb234t,r188eb234t,r188eb234t:raise,0,raise,4.880981578025967e-05,0,1,0.006426604464650154,0,1,0.49357339553534985,-0.9934990406036377,0,1,0.9618051648139954,1,0,0,none,none,"{""tool"":""PatchCraft"",""evidence_type"":""local_texture"",""verdict"":""real"",""score"":0.006426604464650154,""strength"":""weak"",""observation"":""Official PatchCraft binary output; raw sigmoid score retained."",""limitations"":""Patch/residual evidence may be affected by resizing or compression.""}","{""tool"":""RIGID"",""evidence_type"":""perturbation_stability"",""verdict"":""real"",""score"":-0.9934990406036377,""strength"":""weak"",""observation"":""Official DINOv2 representation stability under the fixed perturbation."",""limitations"":""The fixed binary operating point was estimated on separate calibration groups.""}","{""tool"":""ProvenanceInspector"",""evidence_type"":""none"",""verdict"":""inconclusive"",""score"":null,""strength"":""none"",""observation"":""No C2PA claim or usable origin-bearing metadata was found."",""limitations"":""Metadata can be absent, stripped, or forged; untrusted claims do not establish origin.""}"
probe_eval_data/fake_flux/r188eb234t.png,r188eb234t,r188eb234t,r188eb234t:flux,1,flux,0.9232904314994812,1,1,0.9741073250770569,1,1,0.4741073250770569,-0.9939858317375183,0,0,0.9642146825790405,1,1,0,none,none,"{""tool"":""PatchCraft"",""evidence_type"":""local_texture"",""verdict"":""fake"",""score"":0.9741073250770569,""strength"":""weak"",""observation"":""Official PatchCraft binary output; raw sigmoid score retained."",""limitations"":""Patch/residual evidence may be affected by resizing or compression.""}","{""tool"":""RIGID"",""evidence_type"":""perturbation_stability"",""verdict"":""real"",""score"":-0.9939858317375183,""strength"":""weak"",""observation"":""Official DINOv2 representation stability under the fixed perturbation."",""limitations"":""The fixed binary operating point was estimated on separate calibration groups.""}","{""tool"":""ProvenanceInspector"",""evidence_type"":""none"",""verdict"":""inconclusive"",""score"":null,""strength"":""none"",""observation"":""No C2PA claim or usable origin-bearing metadata was found."",""limitations"":""Metadata can be absent, stripped, or forged; untrusted claims do not establish origin.""}"
probe_eval_data/fake_sd35/r188eb234t.png,r188eb234t,r188eb234t,r188eb234t:sd3_5,1,sd3_5,0.9999414682388306,1,1,0.9791799187660217,1,1,0.47917991876602173,-0.9988915920257568,0,0,0.3800570070743561,0,0,0,none,none,"{""tool"":""PatchCraft"",""evidence_type"":""local_texture"",""verdict"":""fake"",""score"":0.9791799187660217,""strength"":""weak"",""observation"":""Official PatchCraft binary output; raw sigmoid score retained."",""limitations"":""Patch/residual evidence may be affected by resizing or compression.""}","{""tool"":""RIGID"",""evidence_type"":""perturbation_stability"",""verdict"":""real"",""score"":-0.9988915920257568,""strength"":""weak"",""observation"":""Official DINOv2 representation stability under the fixed perturbation."",""limitations"":""The fixed binary operating point was estimated on separate calibration groups.""}","{""tool"":""ProvenanceInspector"",""evidence_type"":""none"",""verdict"":""inconclusive"",""score"":null,""strength"":""none"",""observation"":""No C2PA claim or usable origin-bearing metadata was found."",""limitations"":""Metadata can be absent, stripped, or forged; untrusted claims do not establish origin.""}"
probe_eval_data/real/r0e661e0dt.png,r0e661e0dt,r0e661e0dt,r0e661e0dt:raise,0,raise,4.165215068496764e-05,0,1,0.9998800754547119,1,0,0.4998800754547119,-0.9916154146194458,0,1,0.7602430582046509,0,1,0,none,none,"{""tool"":""PatchCraft"",""evidence_type"":""local_texture"",""verdict"":""fake"",""score"":0.9998800754547119,""strength"":""weak"",""observation"":""Official PatchCraft binary output; raw sigmoid score retained."",""limitations"":""Patch/residual evidence may be affected by resizing or compression.""}","{""tool"":""RIGID"",""evidence_type"":""perturbation_stability"",""verdict"":""real"",""score"":-0.9916154146194458,""strength"":""weak"",""observation"":""Official DINOv2 representation stability under the fixed perturbation."",""limitations"":""The fixed binary operating point was estimated on separate calibration groups.""}","{""tool"":""ProvenanceInspector"",""evidence_type"":""none"",""verdict"":""inconclusive"",""score"":null,""strength"":""none"",""observation"":""No C2PA claim or usable origin-bearing metadata was found."",""limitations"":""Metadata can be absent, stripped, or forged; untrusted claims do not establish origin.""}"
probe_eval_data/fake_flux/r0e661e0dt.png,r0e661e0dt,r0e661e0dt,r0e661e0dt:flux,1,flux,0.886336088180542,1,1,0.5014233589172363,1,1,0.0014233589172363281,-0.991664469242096,0,0,0.9207183718681335,0,0,0,none,none,"{""tool"":""PatchCraft"",""evidence_type"":""local_texture"",""verdict"":""fake"",""score"":0.5014233589172363,""strength"":""weak"",""observation"":""Official PatchCraft binary output; raw sigmoid score retained."",""limitations"":""Patch/residual evidence may be affected by resizing or compression.""}","{""tool"":""RIGID"",""evidence_type"":""perturbation_stability"",""verdict"":""real"",""score"":-0.991664469242096,""strength"":""weak"",""observation"":""Official DINOv2 representation stability under the fixed perturbation."",""limitations"":""The fixed binary operating point was estimated on separate calibration groups.""}","{""tool"":""ProvenanceInspector"",""evidence_type"":""none"",""verdict"":""inconclusive"",""score"":null,""strength"":""none"",""observation"":""No C2PA claim or usable origin-bearing metadata was found."",""limitations"":""Metadata can be absent, stripped, or forged; untrusted claims do not establish origin.""}"
probe_eval_data/fake_sd35/r0e661e0dt.png,r0e661e0dt,r0e661e0dt,r0e661e0dt:sd3_5,1,sd3_5,0.9998414516448975,1,1,0.9995558857917786,1,1,0.49955588579177856,-0.9972316026687622,0,0,0.8930019736289978,0,0,0,none,none,"{""tool"":""PatchCraft"",""evidence_type"":""local_texture"",""verdict"":""fake"",""score"":0.9995558857917786,""strength"":""weak"",""observation"":""Official PatchCraft binary output; raw sigmoid score retained."",""limitations"":""Patch/residual evidence may be affected by resizing or compression.""}","{""tool"":""RIGID"",""evidence_type"":""perturbation_stability"",""verdict"":""real"",""score"":-0.9972316026687622,""strength"":""weak"",""observation"":""Official DINOv2 representation stability under the fixed perturbation."",""limitations"":""The fixed binary operating point was estimated on separate calibration groups.""}","{""tool"":""ProvenanceInspector"",""evidence_type"":""none"",""verdict"":""inconclusive"",""score"":null,""strength"":""none"",""observation"":""No C2PA claim or usable origin-bearing metadata was found."",""limitations"":""Metadata can be absent, stripped, or forged; untrusted claims do not establish origin.""}"
probe_eval_data/real/r0b4d8af5t.png,r0b4d8af5t,r0b4d8af5t,r0b4d8af5t:raise,0,raise,7.652420026715845e-05,0,1,0.955428957939148,1,0,0.45542895793914795,-0.9981999397277832,0,1,0.9305137991905212,0,1,0,none,none,"{""tool"":""PatchCraft"",""evidence_type"":""local_texture"",""verdict"":""fake"",""score"":0.955428957939148,""strength"":""weak"",""observation"":""Official PatchCraft binary output; raw sigmoid score retained."",""limitations"":""Patch/residual evidence may be affected by resizing or compression.""}","{""tool"":""RIGID"",""evidence_type"":""perturbation_stability"",""verdict"":""real"",""score"":-0.9981999397277832,""strength"":""weak"",""observation"":""Official DINOv2 representation stability under the fixed perturbation."",""limitations"":""The fixed binary operating point was estimated on separate calibration groups.""}","{""tool"":""ProvenanceInspector"",""evidence_type"":""none"",""verdict"":""inconclusive"",""score"":null,""strength"":""none"",""observation"":""No C2PA claim or usable origin-bearing metadata was found."",""limitations"":""Metadata can be absent, stripped, or forged; untrusted claims do not establish origin.""}"
probe_eval_data/fake_flux/r0b4d8af5t.png,r0b4d8af5t,r0b4d8af5t,r0b4d8af5t:flux,1,flux,0.9995260238647461,1,1,0.06595643609762192,0,0,0.4340435639023781,-0.996282696723938,0,0,0.9533450603485107,0,0,0,none,none,"{""tool"":""PatchCraft"",""evidence_type"":""local_texture"",""verdict"":""real"",""score"":0.06595643609762192,""strength"":""weak"",""observation"":""Official PatchCraft binary output; raw sigmoid score retained."",""limitations"":""Patch/residual evidence may be affected by resizing or compression.""}","{""tool"":""RIGID"",""evidence_type"":""perturbation_stability"",""verdict"":""real"",""score"":-0.996282696723938,""strength"":""weak"",""observation"":""Official DINOv2 representation stability under the fixed perturbation."",""limitations"":""The fixed binary operating point was estimated on separate calibration groups.""}","{""tool"":""ProvenanceInspector"",""evidence_type"":""none"",""verdict"":""inconclusive"",""score"":null,""strength"":""none"",""observation"":""No C2PA claim or usable origin-bearing metadata was found."",""limitations"":""Metadata can be absent, stripped, or forged; untrusted claims do not establish origin.""}"
probe_eval_data/fake_sd35/r0b4d8af5t.png,r0b4d8af5t,r0b4d8af5t,r0b4d8af5t:sd3_5,1,sd3_5,0.9998137354850769,1,1,0.9981854557991028,1,1,0.4981854557991028,-0.9936803579330444,0,0,0.9646788239479065,1,1,0,none,none,"{""tool"":""PatchCraft"",""evidence_type"":""local_texture"",""verdict"":""fake"",""score"":0.9981854557991028,""strength"":""weak"",""observation"":""Official PatchCraft binary output; raw sigmoid score retained."",""limitations"":""Patch/residual evidence may be affected by resizing or compression.""}","{""tool"":""RIGID"",""evidence_type"":""perturbation_stability"",""verdict"":""real"",""score"":-0.9936803579330444,""strength"":""weak"",""observation"":""Official DINOv2 representation stability under the fixed perturbation."",""limitations"":""The fixed binary operating point was estimated on separate calibration groups.""}","{""tool"":""ProvenanceInspector"",""evidence_type"":""none"",""verdict"":""inconclusive"",""score"":null,""strength"":""none"",""observation"":""No C2PA claim or usable origin-bearing metadata was found."",""limitations"":""Metadata can be absent, stripped, or forged; untrusted claims do not establish origin.""}"
probe_eval_data/real/r03bf5648t.png,r03bf5648t,r03bf5648t,r03bf5648t:raise,0,raise,0.0010575266787782311,0,1,0.8899024128913879,1,0,0.38990241289138794,-0.9943382740020752,0,1,0.9282346963882446,0,1,0,none,none,"{""tool"":""PatchCraft"",""evidence_type"":""local_texture"",""verdict"":""fake"",""score"":0.8899024128913879,""strength"":""weak"",""observation"":""Official PatchCraft binary output; raw sigmoid score retained."",""limitations"":""Patch/residual evidence may be affected by resizing or compression.""}","{""tool"":""RIGID"",""evidence_type"":""perturbation_stability"",""verdict"":""real"",""score"":-0.9943382740020752,""strength"":""weak"",""observation"":""Official DINOv2 representation stability under the fixed perturbation."",""limitations"":""The fixed binary operating point was estimated on separate calibration groups.""}","{""tool"":""ProvenanceInspector"",""evidence_type"":""none"",""verdict"":""inconclusive"",""score"":null,""strength"":""none"",""observation"":""No C2PA claim or usable origin-bearing metadata was found."",""limitations"":""Metadata can be absent, stripped, or forged; untrusted claims do not establish origin.""}"
probe_eval_data/fake_flux/r03bf5648t.png,r03bf5648t,r03bf5648t,r03bf5648t:flux,1,flux,0.9979325532913208,1,1,0.9994264841079712,1,1,0.4994264841079712,-0.9958093762397766,0,0,0.8964838981628418,0,0,0,none,none,"{""tool"":""PatchCraft"",""evidence_type"":""local_texture"",""verdict"":""fake"",""score"":0.9994264841079712,""strength"":""weak"",""observation"":""Official PatchCraft binary output; raw sigmoid score retained."",""limitations"":""Patch/residual evidence may be affected by resizing or compression.""}","{""tool"":""RIGID"",""evidence_type"":""perturbation_stability"",""verdict"":""real"",""score"":-0.9958093762397766,""strength"":""weak"",""observation"":""Official DINOv2 representation stability under the fixed perturbation."",""limitations"":""The fixed binary operating point was estimated on separate calibration groups.""}","{""tool"":""ProvenanceInspector"",""evidence_type"":""none"",""verdict"":""inconclusive"",""score"":null,""strength"":""none"",""observation"":""No C2PA claim or usable origin-bearing metadata was found."",""limitations"":""Metadata can be absent, stripped, or forged; untrusted claims do not establish origin.""}"
probe_eval_data/fake_sd35/r03bf5648t.png,r03bf5648t,r03bf5648t,r03bf5648t:sd3_5,1,sd3_5,0.999893307685852,1,1,0.9991390705108643,1,1,0.49913907051086426,-0.9977331757545471,0,0,0.8786391615867615,0,0,0,none,none,"{""tool"":""PatchCraft"",""evidence_type"":""local_texture"",""verdict"":""fake"",""score"":0.9991390705108643,""strength"":""weak"",""observation"":""Official PatchCraft binary output; raw sigmoid score retained."",""limitations"":""Patch/residual evidence may be affected by resizing or compression.""}","{""tool"":""RIGID"",""evidence_type"":""perturbation_stability"",""verdict"":""real"",""score"":-0.9977331757545471,""strength"":""weak"",""observation"":""Official DINOv2 representation stability under the fixed perturbation."",""limitations"":""The fixed binary operating point was estimated on separate calibration groups.""}","{""tool"":""ProvenanceInspector"",""evidence_type"":""none"",""verdict"":""inconclusive"",""score"":null,""strength"":""none"",""observation"":""No C2PA claim or usable origin-bearing metadata was found."",""limitations"":""Metadata can be absent, stripped, or forged; untrusted claims do not establish origin.""}"
probe_eval_data/real/r05243256t.png,r05243256t,r05243256t,r05243256t:raise,0,raise,0.0011340657947584987,0,1,0.9896642565727234,1,0,0.4896642565727234,-0.9898536205291748,0,1,0.9413395524024963,0,1,0,none,none,"{""tool"":""PatchCraft"",""evidence_type"":""local_texture"",""verdict"":""fake"",""score"":0.9896642565727234,""strength"":""weak"",""observation"":""Official PatchCraft binary output; raw sigmoid score retained."",""limitations"":""Patch/residual evidence may be affected by resizing or compression.""}","{""tool"":""RIGID"",""evidence_type"":""perturbation_stability"",""verdict"":""real"",""score"":-0.9898536205291748,""strength"":""weak"",""observation"":""Official DINOv2 representation stability under the fixed perturbation."",""limitations"":""The fixed binary operating point was estimated on separate calibration groups.""}","{""tool"":""ProvenanceInspector"",""evidence_type"":""none"",""verdict"":""inconclusive"",""score"":null,""strength"":""none"",""observation"":""No C2PA claim or usable origin-bearing metadata was found."",""limitations"":""Metadata can be absent, stripped, or forged; untrusted claims do not establish origin.""}"
probe_eval_data/fake_flux/r05243256t.png,r05243256t,r05243256t,r05243256t:flux,1,flux,0.8991332054138184,1,1,0.11721556633710861,0,0,0.3827844336628914,-0.9528656005859375,1,1,0.8551691174507141,0,0,0,none,none,"{""tool"":""PatchCraft"",""evidence_type"":""local_texture"",""verdict"":""real"",""score"":0.11721556633710861,""strength"":""weak"",""observation"":""Official PatchCraft binary output; raw sigmoid score retained."",""limitations"":""Patch/residual evidence may be affected by resizing or compression.""}","{""tool"":""RIGID"",""evidence_type"":""perturbation_stability"",""verdict"":""fake"",""score"":-0.9528656005859375,""strength"":""weak"",""observation"":""Official DINOv2 representation stability under the fixed perturbation."",""limitations"":""The fixed binary operating point was estimated on separate calibration groups.""}","{""tool"":""ProvenanceInspector"",""evidence_type"":""none"",""verdict"":""inconclusive"",""score"":null,""strength"":""none"",""observation"":""No C2PA claim or usable origin-bearing metadata was found."",""limitations"":""Metadata can be absent, stripped, or forged; untrusted claims do not establish origin.""}"
probe_eval_data/fake_sd35/r05243256t.png,r05243256t,r05243256t,r05243256t:sd3_5,1,sd3_5,0.999896764755249,1,1,0.7362265586853027,1,1,0.23622655868530273,-0.9947935342788696,0,0,0.5439012050628662,0,0,0,none,none,"{""tool"":""PatchCraft"",""evidence_type"":""local_texture"",""verdict"":""fake"",""score"":0.7362265586853027,""strength"":""weak"",""observation"":""Official PatchCraft binary output; raw sigmoid score retained."",""limitations"":""Patch/residual evidence may be affected by resizing or compression.""}","{""tool"":""RIGID"",""evidence_type"":""perturbation_stability"",""verdict"":""real"",""score"":-0.9947935342788696,""strength"":""weak"",""observation"":""Official DINOv2 representation stability under the fixed perturbation."",""limitations"":""The fixed binary operating point was estimated on separate calibration groups.""}","{""tool"":""ProvenanceInspector"",""evidence_type"":""none"",""verdict"":""inconclusive"",""score"":null,""strength"":""none"",""observation"":""No C2PA claim or usable origin-bearing metadata was found."",""limitations"":""Metadata can be absent, stripped, or forged; untrusted claims do not establish origin.""}"
probe_eval_data/real/r0c9910e4t.png,r0c9910e4t,r0c9910e4t,r0c9910e4t:raise,0,raise,0.05566468834877014,0,1,0.9980790615081787,1,0,0.4980790615081787,-0.9698612689971924,0,1,0.947001039981842,0,1,0,none,none,"{""tool"":""PatchCraft"",""evidence_type"":""local_texture"",""verdict"":""fake"",""score"":0.9980790615081787,""strength"":""weak"",""observation"":""Official PatchCraft binary output; raw sigmoid score retained."",""limitations"":""Patch/residual evidence may be affected by resizing or compression.""}","{""tool"":""RIGID"",""evidence_type"":""perturbation_stability"",""verdict"":""real"",""score"":-0.9698612689971924,""strength"":""weak"",""observation"":""Official DINOv2 representation stability under the fixed perturbation."",""limitations"":""The fixed binary operating point was estimated on separate calibration groups.""}","{""tool"":""ProvenanceInspector"",""evidence_type"":""none"",""verdict"":""inconclusive"",""score"":null,""strength"":""none"",""observation"":""No C2PA claim or usable origin-bearing metadata was found."",""limitations"":""Metadata can be absent, stripped, or forged; untrusted claims do not establish origin.""}"
probe_eval_data/fake_flux/r0c9910e4t.png,r0c9910e4t,r0c9910e4t,r0c9910e4t:flux,1,flux,0.7999855279922485,1,1,0.9835246801376343,1,1,0.4835246801376343,-0.9886674880981445,0,0,0.9384753704071045,0,0,0,none,none,"{""tool"":""PatchCraft"",""evidence_type"":""local_texture"",""verdict"":""fake"",""score"":0.9835246801376343,""strength"":""weak"",""observation"":""Official PatchCraft binary output; raw sigmoid score retained."",""limitations"":""Patch/residual evidence may be affected by resizing or compression.""}","{""tool"":""RIGID"",""evidence_type"":""perturbation_stability"",""verdict"":""real"",""score"":-0.9886674880981445,""strength"":""weak"",""observation"":""Official DINOv2 representation stability under the fixed perturbation."",""limitations"":""The fixed binary operating point was estimated on separate calibration groups.""}","{""tool"":""ProvenanceInspector"",""evidence_type"":""none"",""verdict"":""inconclusive"",""score"":null,""strength"":""none"",""observation"":""No C2PA claim or usable origin-bearing metadata was found."",""limitations"":""Metadata can be absent, stripped, or forged; untrusted claims do not establish origin.""}"
probe_eval_data/fake_sd35/r0c9910e4t.png,r0c9910e4t,r0c9910e4t,r0c9910e4t:sd3_5,1,sd3_5,0.9972681999206543,1,1,0.9989780187606812,1,1,0.49897801876068115,-0.9914740920066833,0,0,0.9269324541091919,0,0,0,none,none,"{""tool"":""PatchCraft"",""evidence_type"":""local_texture"",""verdict"":""fake"",""score"":0.9989780187606812,""strength"":""weak"",""observation"":""Official PatchCraft binary output; raw sigmoid score retained."",""limitations"":""Patch/residual evidence may be affected by resizing or compression.""}","{""tool"":""RIGID"",""evidence_type"":""perturbation_stability"",""verdict"":""real"",""score"":-0.9914740920066833,""strength"":""weak"",""observation"":""Official DINOv2 representation stability under the fixed perturbation."",""limitations"":""The fixed binary operating point was estimated on separate calibration groups.""}","{""tool"":""ProvenanceInspector"",""evidence_type"":""none"",""verdict"":""inconclusive"",""score"":null,""strength"":""none"",""observation"":""No C2PA claim or usable origin-bearing metadata was found."",""limitations"":""Metadata can be absent, stripped, or forged; untrusted claims do not establish origin.""}"
probe_eval_data/real/r1f5ad4e0t.png,r1f5ad4e0t,r1f5ad4e0t,r1f5ad4e0t:raise,0,raise,5.9573736507445574e-05,0,1,0.624620258808136,1,0,0.12462025880813599,-0.9838300943374634,0,1,0.9604160785675049,1,0,0,none,none,"{""tool"":""PatchCraft"",""evidence_type"":""local_texture"",""verdict"":""fake"",""score"":0.624620258808136,""strength"":""weak"",""observation"":""Official PatchCraft binary output; raw sigmoid score retained."",""limitations"":""Patch/residual evidence may be affected by resizing or compression.""}","{""tool"":""RIGID"",""evidence_type"":""perturbation_stability"",""verdict"":""real"",""score"":-0.9838300943374634,""strength"":""weak"",""observation"":""Official DINOv2 representation stability under the fixed perturbation."",""limitations"":""The fixed binary operating point was estimated on separate calibration groups.""}","{""tool"":""ProvenanceInspector"",""evidence_type"":""none"",""verdict"":""inconclusive"",""score"":null,""strength"":""none"",""observation"":""No C2PA claim or usable origin-bearing metadata was found."",""limitations"":""Metadata can be absent, stripped, or forged; untrusted claims do not establish origin.""}"
probe_eval_data/fake_flux/r1f5ad4e0t.png,r1f5ad4e0t,r1f5ad4e0t,r1f5ad4e0t:flux,1,flux,0.8597614169120789,1,1,0.37884992361068726,0,0,0.12115007638931274,-0.9663528800010681,1,1,0.9527480006217957,0,0,0,none,none,"{""tool"":""PatchCraft"",""evidence_type"":""local_texture"",""verdict"":""real"",""score"":0.37884992361068726,""strength"":""weak"",""observation"":""Official PatchCraft binary output; raw sigmoid score retained."",""limitations"":""Patch/residual evidence may be affected by resizing or compression.""}","{""tool"":""RIGID"",""evidence_type"":""perturbation_stability"",""verdict"":""fake"",""score"":-0.9663528800010681,""strength"":""weak"",""observation"":""Official DINOv2 representation stability under the fixed perturbation."",""limitations"":""The fixed binary operating point was estimated on separate calibration groups.""}","{""tool"":""ProvenanceInspector"",""evidence_type"":""none"",""verdict"":""inconclusive"",""score"":null,""strength"":""none"",""observation"":""No C2PA claim or usable origin-bearing metadata was found."",""limitations"":""Metadata can be absent, stripped, or forged; untrusted claims do not establish origin.""}"
probe_eval_data/fake_sd35/r1f5ad4e0t.png,r1f5ad4e0t,r1f5ad4e0t,r1f5ad4e0t:sd3_5,1,sd3_5,0.9930498600006104,1,1,1.0,1,1,0.5,-0.9793475866317749,0,0,0.9484763145446777,0,0,0,none,none,"{""tool"":""PatchCraft"",""evidence_type"":""local_texture"",""verdict"":""fake"",""score"":1.0,""strength"":""weak"",""observation"":""Official PatchCraft binary output; raw sigmoid score retained."",""limitations"":""Patch/residual evidence may be affected by resizing or compression.""}","{""tool"":""RIGID"",""evidence_type"":""perturbation_stability"",""verdict"":""real"",""score"":-0.9793475866317749,""strength"":""weak"",""observation"":""Official DINOv2 representation stability under the fixed perturbation."",""limitations"":""The fixed binary operating point was estimated on separate calibration groups.""}","{""tool"":""ProvenanceInspector"",""evidence_type"":""none"",""verdict"":""inconclusive"",""score"":null,""strength"":""none"",""observation"":""No C2PA claim or usable origin-bearing metadata was found."",""limitations"":""Metadata can be absent, stripped, or forged; untrusted claims do not establish origin.""}"
probe_eval_data/real/r0809811bt.png,r0809811bt,r0809811bt,r0809811bt:raise,0,raise,0.00017193822714034468,0,1,0.8974436521530151,1,0,0.39744365215301514,-0.9953330755233765,0,1,0.8464802503585815,0,1,0,none,none,"{""tool"":""PatchCraft"",""evidence_type"":""local_texture"",""verdict"":""fake"",""score"":0.8974436521530151,""strength"":""weak"",""observation"":""Official PatchCraft binary output; raw sigmoid score retained."",""limitations"":""Patch/residual evidence may be affected by resizing or compression.""}","{""tool"":""RIGID"",""evidence_type"":""perturbation_stability"",""verdict"":""real"",""score"":-0.9953330755233765,""strength"":""weak"",""observation"":""Official DINOv2 representation stability under the fixed perturbation."",""limitations"":""The fixed binary operating point was estimated on separate calibration groups.""}","{""tool"":""ProvenanceInspector"",""evidence_type"":""none"",""verdict"":""inconclusive"",""score"":null,""strength"":""none"",""observation"":""No C2PA claim or usable origin-bearing metadata was found."",""limitations"":""Metadata can be absent, stripped, or forged; untrusted claims do not establish origin.""}"
probe_eval_data/fake_flux/r0809811bt.png,r0809811bt,r0809811bt,r0809811bt:flux,1,flux,0.9998915195465088,1,1,0.992163896560669,1,1,0.49216389656066895,-0.9940045475959778,0,0,0.9250861406326294,0,0,0,none,none,"{""tool"":""PatchCraft"",""evidence_type"":""local_texture"",""verdict"":""fake"",""score"":0.992163896560669,""strength"":""weak"",""observation"":""Official PatchCraft binary output; raw sigmoid score retained."",""limitations"":""Patch/residual evidence may be affected by resizing or compression.""}","{""tool"":""RIGID"",""evidence_type"":""perturbation_stability"",""verdict"":""real"",""score"":-0.9940045475959778,""strength"":""weak"",""observation"":""Official DINOv2 representation stability under the fixed perturbation."",""limitations"":""The fixed binary operating point was estimated on separate calibration groups.""}","{""tool"":""ProvenanceInspector"",""evidence_type"":""none"",""verdict"":""inconclusive"",""score"":null,""strength"":""none"",""observation"":""No C2PA claim or usable origin-bearing metadata was found."",""limitations"":""Metadata can be absent, stripped, or forged; untrusted claims do not establish origin.""}"
probe_eval_data/fake_sd35/r0809811bt.png,r0809811bt,r0809811bt,r0809811bt:sd3_5,1,sd3_5,0.9970976114273071,1,1,0.9999891519546509,1,1,0.4999891519546509,-0.997154712677002,0,0,0.9419954419136047,0,0,0,none,none,"{""tool"":""PatchCraft"",""evidence_type"":""local_texture"",""verdict"":""fake"",""score"":0.9999891519546509,""strength"":""weak"",""observation"":""Official PatchCraft binary output; raw sigmoid score retained."",""limitations"":""Patch/residual evidence may be affected by resizing or compression.""}","{""tool"":""RIGID"",""evidence_type"":""perturbation_stability"",""verdict"":""real"",""score"":-0.997154712677002,""strength"":""weak"",""observation"":""Official DINOv2 representation stability under the fixed perturbation."",""limitations"":""The fixed binary operating point was estimated on separate calibration groups.""}","{""tool"":""ProvenanceInspector"",""evidence_type"":""none"",""verdict"":""inconclusive"",""score"":null,""strength"":""none"",""observation"":""No C2PA claim or usable origin-bearing metadata was found."",""limitations"":""Metadata can be absent, stripped, or forged; untrusted claims do not establish origin.""}"
probe_eval_data/real/r04989a70t.png,r04989a70t,r04989a70t,r04989a70t:raise,0,raise,0.0002389755827607587,0,1,0.999805748462677,1,0,0.499805748462677,-0.9981291890144348,0,1,0.7907724976539612,0,1,0,none,none,"{""tool"":""PatchCraft"",""evidence_type"":""local_texture"",""verdict"":""fake"",""score"":0.999805748462677,""strength"":""weak"",""observation"":""Official PatchCraft binary output; raw sigmoid score retained."",""limitations"":""Patch/residual evidence may be affected by resizing or compression.""}","{""tool"":""RIGID"",""evidence_type"":""perturbation_stability"",""verdict"":""real"",""score"":-0.9981291890144348,""strength"":""weak"",""observation"":""Official DINOv2 representation stability under the fixed perturbation."",""limitations"":""The fixed binary operating point was estimated on separate calibration groups.""}","{""tool"":""ProvenanceInspector"",""evidence_type"":""none"",""verdict"":""inconclusive"",""score"":null,""strength"":""none"",""observation"":""No C2PA claim or usable origin-bearing metadata was found."",""limitations"":""Metadata can be absent, stripped, or forged; untrusted claims do not establish origin.""}"
probe_eval_data/fake_flux/r04989a70t.png,r04989a70t,r04989a70t,r04989a70t:flux,1,flux,0.9709334969520569,1,1,0.7181354761123657,1,1,0.21813547611236572,-0.9989879727363586,0,0,0.9748285412788391,1,1,0,none,none,"{""tool"":""PatchCraft"",""evidence_type"":""local_texture"",""verdict"":""fake"",""score"":0.7181354761123657,""strength"":""weak"",""observation"":""Official PatchCraft binary output; raw sigmoid score retained."",""limitations"":""Patch/residual evidence may be affected by resizing or compression.""}","{""tool"":""RIGID"",""evidence_type"":""perturbation_stability"",""verdict"":""real"",""score"":-0.9989879727363586,""strength"":""weak"",""observation"":""Official DINOv2 representation stability under the fixed perturbation."",""limitations"":""The fixed binary operating point was estimated on separate calibration groups.""}","{""tool"":""ProvenanceInspector"",""evidence_type"":""none"",""verdict"":""inconclusive"",""score"":null,""strength"":""none"",""observation"":""No C2PA claim or usable origin-bearing metadata was found."",""limitations"":""Metadata can be absent, stripped, or forged; untrusted claims do not establish origin.""}"
probe_eval_data/fake_sd35/r04989a70t.png,r04989a70t,r04989a70t,r04989a70t:sd3_5,1,sd3_5,0.9995847344398499,1,1,0.9965648055076599,1,1,0.4965648055076599,-0.9982601404190063,0,0,0.9167894721031189,0,0,0,none,none,"{""tool"":""PatchCraft"",""evidence_type"":""local_texture"",""verdict"":""fake"",""score"":0.9965648055076599,""strength"":""weak"",""observation"":""Official PatchCraft binary output; raw sigmoid score retained."",""limitations"":""Patch/residual evidence may be affected by resizing or compression.""}","{""tool"":""RIGID"",""evidence_type"":""perturbation_stability"",""verdict"":""real"",""score"":-0.9982601404190063,""strength"":""weak"",""observation"":""Official DINOv2 representation stability under the fixed perturbation."",""limitations"":""The fixed binary operating point was estimated on separate calibration groups.""}","{""tool"":""ProvenanceInspector"",""evidence_type"":""none"",""verdict"":""inconclusive"",""score"":null,""strength"":""none"",""observation"":""No C2PA claim or usable origin-bearing metadata was found."",""limitations"":""Metadata can be absent, stripped, or forged; untrusted claims do not establish origin.""}"
probe_eval_data/real/r1ceba29dt.png,r1ceba29dt,r1ceba29dt,r1ceba29dt:raise,0,raise,0.00013048405526205897,0,1,0.9951057434082031,1,0,0.4951057434082031,-0.9978794455528259,0,1,0.47115617990493774,0,1,0,none,none,"{""tool"":""PatchCraft"",""evidence_type"":""local_texture"",""verdict"":""fake"",""score"":0.9951057434082031,""strength"":""weak"",""observation"":""Official PatchCraft binary output; raw sigmoid score retained."",""limitations"":""Patch/residual evidence may be affected by resizing or compression.""}","{""tool"":""RIGID"",""evidence_type"":""perturbation_stability"",""verdict"":""real"",""score"":-0.9978794455528259,""strength"":""weak"",""observation"":""Official DINOv2 representation stability under the fixed perturbation."",""limitations"":""The fixed binary operating point was estimated on separate calibration groups.""}","{""tool"":""ProvenanceInspector"",""evidence_type"":""none"",""verdict"":""inconclusive"",""score"":null,""strength"":""none"",""observation"":""No C2PA claim or usable origin-bearing metadata was found."",""limitations"":""Metadata can be absent, stripped, or forged; untrusted claims do not establish origin.""}"
probe_eval_data/fake_flux/r1ceba29dt.png,r1ceba29dt,r1ceba29dt,r1ceba29dt:flux,1,flux,0.8991297483444214,1,1,0.9899892807006836,1,1,0.4899892807006836,-0.9976237416267395,0,0,0.8989442586898804,0,0,0,none,none,"{""tool"":""PatchCraft"",""evidence_type"":""local_texture"",""verdict"":""fake"",""score"":0.9899892807006836,""strength"":""weak"",""observation"":""Official PatchCraft binary output; raw sigmoid score retained."",""limitations"":""Patch/residual evidence may be affected by resizing or compression.""}","{""tool"":""RIGID"",""evidence_type"":""perturbation_stability"",""verdict"":""real"",""score"":-0.9976237416267395,""strength"":""weak"",""observation"":""Official DINOv2 representation stability under the fixed perturbation."",""limitations"":""The fixed binary operating point was estimated on separate calibration groups.""}","{""tool"":""ProvenanceInspector"",""evidence_type"":""none"",""verdict"":""inconclusive"",""score"":null,""strength"":""none"",""observation"":""No C2PA claim or usable origin-bearing metadata was found."",""limitations"":""Metadata can be absent, stripped, or forged; untrusted claims do not establish origin.""}"
probe_eval_data/fake_sd35/r1ceba29dt.png,r1ceba29dt,r1ceba29dt,r1ceba29dt:sd3_5,1,sd3_5,0.9998692274093628,1,1,0.9995173215866089,1,1,0.4995173215866089,-0.9992808103561401,0,0,0.8637891411781311,0,0,0,none,none,"{""tool"":""PatchCraft"",""evidence_type"":""local_texture"",""verdict"":""fake"",""score"":0.9995173215866089,""strength"":""weak"",""observation"":""Official PatchCraft binary output; raw sigmoid score retained."",""limitations"":""Patch/residual evidence may be affected by resizing or compression.""}","{""tool"":""RIGID"",""evidence_type"":""perturbation_stability"",""verdict"":""real"",""score"":-0.9992808103561401,""strength"":""weak"",""observation"":""Official DINOv2 representation stability under the fixed perturbation."",""limitations"":""The fixed binary operating point was estimated on separate calibration groups.""}","{""tool"":""ProvenanceInspector"",""evidence_type"":""none"",""verdict"":""inconclusive"",""score"":null,""strength"":""none"",""observation"":""No C2PA claim or usable origin-bearing metadata was found."",""limitations"":""Metadata can be absent, stripped, or forged; untrusted claims do not establish origin.""}"
probe_eval_data/real/r1e14f45ct.png,r1e14f45ct,r1e14f45ct,r1e14f45ct:raise,0,raise,0.00035120113170705736,0,1,0.12835127115249634,0,1,0.37164872884750366,-0.9897843599319458,0,1,0.8866444826126099,0,1,0,none,none,"{""tool"":""PatchCraft"",""evidence_type"":""local_texture"",""verdict"":""real"",""score"":0.12835127115249634,""strength"":""weak"",""observation"":""Official PatchCraft binary output; raw sigmoid score retained."",""limitations"":""Patch/residual evidence may be affected by resizing or compression.""}","{""tool"":""RIGID"",""evidence_type"":""perturbation_stability"",""verdict"":""real"",""score"":-0.9897843599319458,""strength"":""weak"",""observation"":""Official DINOv2 representation stability under the fixed perturbation."",""limitations"":""The fixed binary operating point was estimated on separate calibration groups.""}","{""tool"":""ProvenanceInspector"",""evidence_type"":""none"",""verdict"":""inconclusive"",""score"":null,""strength"":""none"",""observation"":""No C2PA claim or usable origin-bearing metadata was found."",""limitations"":""Metadata can be absent, stripped, or forged; untrusted claims do not establish origin.""}"
probe_eval_data/fake_flux/r1e14f45ct.png,r1e14f45ct,r1e14f45ct,r1e14f45ct:flux,1,flux,0.9924650192260742,1,1,0.5918196439743042,1,1,0.0918196439743042,-0.985404908657074,0,0,0.9348627924919128,0,0,0,none,none,"{""tool"":""PatchCraft"",""evidence_type"":""local_texture"",""verdict"":""fake"",""score"":0.5918196439743042,""strength"":""weak"",""observation"":""Official PatchCraft binary output; raw sigmoid score retained."",""limitations"":""Patch/residual evidence may be affected by resizing or compression.""}","{""tool"":""RIGID"",""evidence_type"":""perturbation_stability"",""verdict"":""real"",""score"":-0.985404908657074,""strength"":""weak"",""observation"":""Official DINOv2 representation stability under the fixed perturbation."",""limitations"":""The fixed binary operating point was estimated on separate calibration groups.""}","{""tool"":""ProvenanceInspector"",""evidence_type"":""none"",""verdict"":""inconclusive"",""score"":null,""strength"":""none"",""observation"":""No C2PA claim or usable origin-bearing metadata was found."",""limitations"":""Metadata can be absent, stripped, or forged; untrusted claims do not establish origin.""}"
probe_eval_data/fake_sd35/r1e14f45ct.png,r1e14f45ct,r1e14f45ct,r1e14f45ct:sd3_5,1,sd3_5,0.9996986389160156,1,1,0.9954482913017273,1,1,0.4954482913017273,-0.9832260012626648,0,0,0.9674838185310364,1,1,0,none,none,"{""tool"":""PatchCraft"",""evidence_type"":""local_texture"",""verdict"":""fake"",""score"":0.9954482913017273,""strength"":""weak"",""observation"":""Official PatchCraft binary output; raw sigmoid score retained."",""limitations"":""Patch/residual evidence may be affected by resizing or compression.""}","{""tool"":""RIGID"",""evidence_type"":""perturbation_stability"",""verdict"":""real"",""score"":-0.9832260012626648,""strength"":""weak"",""observation"":""Official DINOv2 representation stability under the fixed perturbation."",""limitations"":""The fixed binary operating point was estimated on separate calibration groups.""}","{""tool"":""ProvenanceInspector"",""evidence_type"":""none"",""verdict"":""inconclusive"",""score"":null,""strength"":""none"",""observation"":""No C2PA claim or usable origin-bearing metadata was found."",""limitations"":""Metadata can be absent, stripped, or forged; untrusted claims do not establish origin.""}"
probe_eval_data/real/r1d00d8ect.png,r1d00d8ect,r1d00d8ect,r1d00d8ect:raise,0,raise,0.02102646976709366,0,1,0.9983425140380859,1,0,0.49834251403808594,-0.9756391048431396,0,1,0.43611881136894226,0,1,0,none,none,"{""tool"":""PatchCraft"",""evidence_type"":""local_texture"",""verdict"":""fake"",""score"":0.9983425140380859,""strength"":""weak"",""observation"":""Official PatchCraft binary output; raw sigmoid score retained."",""limitations"":""Patch/residual evidence may be affected by resizing or compression.""}","{""tool"":""RIGID"",""evidence_type"":""perturbation_stability"",""verdict"":""real"",""score"":-0.9756391048431396,""strength"":""weak"",""observation"":""Official DINOv2 representation stability under the fixed perturbation."",""limitations"":""The fixed binary operating point was estimated on separate calibration groups.""}","{""tool"":""ProvenanceInspector"",""evidence_type"":""none"",""verdict"":""inconclusive"",""score"":null,""strength"":""none"",""observation"":""No C2PA claim or usable origin-bearing metadata was found."",""limitations"":""Metadata can be absent, stripped, or forged; untrusted claims do not establish origin.""}"
probe_eval_data/fake_flux/r1d00d8ect.png,r1d00d8ect,r1d00d8ect,r1d00d8ect:flux,1,flux,0.9348233342170715,1,1,0.999794065952301,1,1,0.499794065952301,-0.9823882579803467,0,0,0.976139485836029,1,1,0,none,none,"{""tool"":""PatchCraft"",""evidence_type"":""local_texture"",""verdict"":""fake"",""score"":0.999794065952301,""strength"":""weak"",""observation"":""Official PatchCraft binary output; raw sigmoid score retained."",""limitations"":""Patch/residual evidence may be affected by resizing or compression.""}","{""tool"":""RIGID"",""evidence_type"":""perturbation_stability"",""verdict"":""real"",""score"":-0.9823882579803467,""strength"":""weak"",""observation"":""Official DINOv2 representation stability under the fixed perturbation."",""limitations"":""The fixed binary operating point was estimated on separate calibration groups.""}","{""tool"":""ProvenanceInspector"",""evidence_type"":""none"",""verdict"":""inconclusive"",""score"":null,""strength"":""none"",""observation"":""No C2PA claim or usable origin-bearing metadata was found."",""limitations"":""Metadata can be absent, stripped, or forged; untrusted claims do not establish origin.""}"
probe_eval_data/fake_sd35/r1d00d8ect.png,r1d00d8ect,r1d00d8ect,r1d00d8ect:sd3_5,1,sd3_5,0.9998975992202759,1,1,0.999862790107727,1,1,0.49986279010772705,-0.9954965710639954,0,0,0.946877121925354,0,0,0,none,none,"{""tool"":""PatchCraft"",""evidence_type"":""local_texture"",""verdict"":""fake"",""score"":0.999862790107727,""strength"":""weak"",""observation"":""Official PatchCraft binary output; raw sigmoid score retained."",""limitations"":""Patch/residual evidence may be affected by resizing or compression.""}","{""tool"":""RIGID"",""evidence_type"":""perturbation_stability"",""verdict"":""real"",""score"":-0.9954965710639954,""strength"":""weak"",""observation"":""Official DINOv2 representation stability under the fixed perturbation."",""limitations"":""The fixed binary operating point was estimated on separate calibration groups.""}","{""tool"":""ProvenanceInspector"",""evidence_type"":""none"",""verdict"":""inconclusive"",""score"":null,""strength"":""none"",""observation"":""No C2PA claim or usable origin-bearing metadata was found."",""limitations"":""Metadata can be absent, stripped, or forged; untrusted claims do not establish origin.""}"
probe_eval_data/real/r14902ba4t.png,r14902ba4t,r14902ba4t,r14902ba4t:raise,0,raise,9.084344492293894e-05,0,1,0.9998206496238708,1,0,0.49982064962387085,-0.9965659379959106,0,1,0.9721551537513733,1,0,0,none,none,"{""tool"":""PatchCraft"",""evidence_type"":""local_texture"",""verdict"":""fake"",""score"":0.9998206496238708,""strength"":""weak"",""observation"":""Official PatchCraft binary output; raw sigmoid score retained."",""limitations"":""Patch/residual evidence may be affected by resizing or compression.""}","{""tool"":""RIGID"",""evidence_type"":""perturbation_stability"",""verdict"":""real"",""score"":-0.9965659379959106,""strength"":""weak"",""observation"":""Official DINOv2 representation stability under the fixed perturbation."",""limitations"":""The fixed binary operating point was estimated on separate calibration groups.""}","{""tool"":""ProvenanceInspector"",""evidence_type"":""none"",""verdict"":""inconclusive"",""score"":null,""strength"":""none"",""observation"":""No C2PA claim or usable origin-bearing metadata was found."",""limitations"":""Metadata can be absent, stripped, or forged; untrusted claims do not establish origin.""}"
probe_eval_data/fake_flux/r14902ba4t.png,r14902ba4t,r14902ba4t,r14902ba4t:flux,1,flux,0.9937297105789185,1,1,0.5218852162361145,1,1,0.021885216236114502,-0.9923438429832458,0,0,0.9566800594329834,1,1,0,none,none,"{""tool"":""PatchCraft"",""evidence_type"":""local_texture"",""verdict"":""fake"",""score"":0.5218852162361145,""strength"":""weak"",""observation"":""Official PatchCraft binary output; raw sigmoid score retained."",""limitations"":""Patch/residual evidence may be affected by resizing or compression.""}","{""tool"":""RIGID"",""evidence_type"":""perturbation_stability"",""verdict"":""real"",""score"":-0.9923438429832458,""strength"":""weak"",""observation"":""Official DINOv2 representation stability under the fixed perturbation."",""limitations"":""The fixed binary operating point was estimated on separate calibration groups.""}","{""tool"":""ProvenanceInspector"",""evidence_type"":""none"",""verdict"":""inconclusive"",""score"":null,""strength"":""none"",""observation"":""No C2PA claim or usable origin-bearing metadata was found."",""limitations"":""Metadata can be absent, stripped, or forged; untrusted claims do not establish origin.""}"
probe_eval_data/fake_sd35/r14902ba4t.png,r14902ba4t,r14902ba4t,r14902ba4t:sd3_5,1,sd3_5,0.9999679327011108,1,1,0.9987488985061646,1,1,0.49874889850616455,-0.9966941475868225,0,0,0.7211323380470276,0,0,0,none,none,"{""tool"":""PatchCraft"",""evidence_type"":""local_texture"",""verdict"":""fake"",""score"":0.9987488985061646,""strength"":""weak"",""observation"":""Official PatchCraft binary output; raw sigmoid score retained."",""limitations"":""Patch/residual evidence may be affected by resizing or compression.""}","{""tool"":""RIGID"",""evidence_type"":""perturbation_stability"",""verdict"":""real"",""score"":-0.9966941475868225,""strength"":""weak"",""observation"":""Official DINOv2 representation stability under the fixed perturbation."",""limitations"":""The fixed binary operating point was estimated on separate calibration groups.""}","{""tool"":""ProvenanceInspector"",""evidence_type"":""none"",""verdict"":""inconclusive"",""score"":null,""strength"":""none"",""observation"":""No C2PA claim or usable origin-bearing metadata was found."",""limitations"":""Metadata can be absent, stripped, or forged; untrusted claims do not establish origin.""}"
probe_eval_data/real/r08f2d4c6t.png,r08f2d4c6t,r08f2d4c6t,r08f2d4c6t:raise,0,raise,0.00010874208965105936,0,1,0.977093517780304,1,0,0.47709351778030396,-0.9866267442703247,0,1,0.9805755615234375,1,0,0,none,none,"{""tool"":""PatchCraft"",""evidence_type"":""local_texture"",""verdict"":""fake"",""score"":0.977093517780304,""strength"":""weak"",""observation"":""Official PatchCraft binary output; raw sigmoid score retained."",""limitations"":""Patch/residual evidence may be affected by resizing or compression.""}","{""tool"":""RIGID"",""evidence_type"":""perturbation_stability"",""verdict"":""real"",""score"":-0.9866267442703247,""strength"":""weak"",""observation"":""Official DINOv2 representation stability under the fixed perturbation."",""limitations"":""The fixed binary operating point was estimated on separate calibration groups.""}","{""tool"":""ProvenanceInspector"",""evidence_type"":""none"",""verdict"":""inconclusive"",""score"":null,""strength"":""none"",""observation"":""No C2PA claim or usable origin-bearing metadata was found."",""limitations"":""Metadata can be absent, stripped, or forged; untrusted claims do not establish origin.""}"
probe_eval_data/fake_flux/r08f2d4c6t.png,r08f2d4c6t,r08f2d4c6t,r08f2d4c6t:flux,1,flux,0.9990092515945435,1,1,0.9934859871864319,1,1,0.4934859871864319,-0.9846062660217285,0,0,0.9530438184738159,0,0,0,none,none,"{""tool"":""PatchCraft"",""evidence_type"":""local_texture"",""verdict"":""fake"",""score"":0.9934859871864319,""strength"":""weak"",""observation"":""Official PatchCraft binary output; raw sigmoid score retained."",""limitations"":""Patch/residual evidence may be affected by resizing or compression.""}","{""tool"":""RIGID"",""evidence_type"":""perturbation_stability"",""verdict"":""real"",""score"":-0.9846062660217285,""strength"":""weak"",""observation"":""Official DINOv2 representation stability under the fixed perturbation."",""limitations"":""The fixed binary operating point was estimated on separate calibration groups.""}","{""tool"":""ProvenanceInspector"",""evidence_type"":""none"",""verdict"":""inconclusive"",""score"":null,""strength"":""none"",""observation"":""No C2PA claim or usable origin-bearing metadata was found."",""limitations"":""Metadata can be absent, stripped, or forged; untrusted claims do not establish origin.""}"
probe_eval_data/fake_sd35/r08f2d4c6t.png,r08f2d4c6t,r08f2d4c6t,r08f2d4c6t:sd3_5,1,sd3_5,0.9998505115509033,1,1,0.9975982308387756,1,1,0.49759823083877563,-0.9978978633880615,0,0,0.9690993428230286,1,1,0,none,none,"{""tool"":""PatchCraft"",""evidence_type"":""local_texture"",""verdict"":""fake"",""score"":0.9975982308387756,""strength"":""weak"",""observation"":""Official PatchCraft binary output; raw sigmoid score retained."",""limitations"":""Patch/residual evidence may be affected by resizing or compression.""}","{""tool"":""RIGID"",""evidence_type"":""perturbation_stability"",""verdict"":""real"",""score"":-0.9978978633880615,""strength"":""weak"",""observation"":""Official DINOv2 representation stability under the fixed perturbation."",""limitations"":""The fixed binary operating point was estimated on separate calibration groups.""}","{""tool"":""ProvenanceInspector"",""evidence_type"":""none"",""verdict"":""inconclusive"",""score"":null,""strength"":""none"",""observation"":""No C2PA claim or usable origin-bearing metadata was found."",""limitations"":""Metadata can be absent, stripped, or forged; untrusted claims do not establish origin.""}"
probe_eval_data/real/r1c4d4720t.png,r1c4d4720t,r1c4d4720t,r1c4d4720t:raise,0,raise,0.0022124082315713167,0,1,0.9990596175193787,1,0,0.49905961751937866,-0.9815723896026611,0,1,0.6951625347137451,0,1,0,none,none,"{""tool"":""PatchCraft"",""evidence_type"":""local_texture"",""verdict"":""fake"",""score"":0.9990596175193787,""strength"":""weak"",""observation"":""Official PatchCraft binary output; raw sigmoid score retained."",""limitations"":""Patch/residual evidence may be affected by resizing or compression.""}","{""tool"":""RIGID"",""evidence_type"":""perturbation_stability"",""verdict"":""real"",""score"":-0.9815723896026611,""strength"":""weak"",""observation"":""Official DINOv2 representation stability under the fixed perturbation."",""limitations"":""The fixed binary operating point was estimated on separate calibration groups.""}","{""tool"":""ProvenanceInspector"",""evidence_type"":""none"",""verdict"":""inconclusive"",""score"":null,""strength"":""none"",""observation"":""No C2PA claim or usable origin-bearing metadata was found."",""limitations"":""Metadata can be absent, stripped, or forged; untrusted claims do not establish origin.""}"
probe_eval_data/fake_flux/r1c4d4720t.png,r1c4d4720t,r1c4d4720t,r1c4d4720t:flux,1,flux,0.9868506789207458,1,1,0.9999679327011108,1,1,0.49996793270111084,-0.9593515396118164,1,1,0.9391776323318481,0,0,0,none,none,"{""tool"":""PatchCraft"",""evidence_type"":""local_texture"",""verdict"":""fake"",""score"":0.9999679327011108,""strength"":""weak"",""observation"":""Official PatchCraft binary output; raw sigmoid score retained."",""limitations"":""Patch/residual evidence may be affected by resizing or compression.""}","{""tool"":""RIGID"",""evidence_type"":""perturbation_stability"",""verdict"":""fake"",""score"":-0.9593515396118164,""strength"":""weak"",""observation"":""Official DINOv2 representation stability under the fixed perturbation."",""limitations"":""The fixed binary operating point was estimated on separate calibration groups.""}","{""tool"":""ProvenanceInspector"",""evidence_type"":""none"",""verdict"":""inconclusive"",""score"":null,""strength"":""none"",""observation"":""No C2PA claim or usable origin-bearing metadata was found."",""limitations"":""Metadata can be absent, stripped, or forged; untrusted claims do not establish origin.""}"
probe_eval_data/fake_sd35/r1c4d4720t.png,r1c4d4720t,r1c4d4720t,r1c4d4720t:sd3_5,1,sd3_5,0.9949612617492676,1,1,1.0,1,1,0.5,-0.9850460290908813,0,0,0.9494799375534058,0,0,0,none,none,"{""tool"":""PatchCraft"",""evidence_type"":""local_texture"",""verdict"":""fake"",""score"":1.0,""strength"":""weak"",""observation"":""Official PatchCraft binary output; raw sigmoid score retained."",""limitations"":""Patch/residual evidence may be affected by resizing or compression.""}","{""tool"":""RIGID"",""evidence_type"":""perturbation_stability"",""verdict"":""real"",""score"":-0.9850460290908813,""strength"":""weak"",""observation"":""Official DINOv2 representation stability under the fixed perturbation."",""limitations"":""The fixed binary operating point was estimated on separate calibration groups.""}","{""tool"":""ProvenanceInspector"",""evidence_type"":""none"",""verdict"":""inconclusive"",""score"":null,""strength"":""none"",""observation"":""No C2PA claim or usable origin-bearing metadata was found."",""limitations"":""Metadata can be absent, stripped, or forged; untrusted claims do not establish origin.""}"
probe_eval_data/real/r09dc6407t.png,r09dc6407t,r09dc6407t,r09dc6407t:raise,0,raise,0.009328629821538925,0,1,0.9672510027885437,1,0,0.4672510027885437,-0.975908637046814,0,1,0.8510888814926147,0,1,0,none,none,"{""tool"":""PatchCraft"",""evidence_type"":""local_texture"",""verdict"":""fake"",""score"":0.9672510027885437,""strength"":""weak"",""observation"":""Official PatchCraft binary output; raw sigmoid score retained."",""limitations"":""Patch/residual evidence may be affected by resizing or compression.""}","{""tool"":""RIGID"",""evidence_type"":""perturbation_stability"",""verdict"":""real"",""score"":-0.975908637046814,""strength"":""weak"",""observation"":""Official DINOv2 representation stability under the fixed perturbation."",""limitations"":""The fixed binary operating point was estimated on separate calibration groups.""}","{""tool"":""ProvenanceInspector"",""evidence_type"":""none"",""verdict"":""inconclusive"",""score"":null,""strength"":""none"",""observation"":""No C2PA claim or usable origin-bearing metadata was found."",""limitations"":""Metadata can be absent, stripped, or forged; untrusted claims do not establish origin.""}"
probe_eval_data/fake_flux/r09dc6407t.png,r09dc6407t,r09dc6407t,r09dc6407t:flux,1,flux,0.9986745119094849,1,1,0.982815682888031,1,1,0.482815682888031,-0.9845720529556274,0,0,0.68687504529953,0,0,0,none,none,"{""tool"":""PatchCraft"",""evidence_type"":""local_texture"",""verdict"":""fake"",""score"":0.982815682888031,""strength"":""weak"",""observation"":""Official PatchCraft binary output; raw sigmoid score retained."",""limitations"":""Patch/residual evidence may be affected by resizing or compression.""}","{""tool"":""RIGID"",""evidence_type"":""perturbation_stability"",""verdict"":""real"",""score"":-0.9845720529556274,""strength"":""weak"",""observation"":""Official DINOv2 representation stability under the fixed perturbation."",""limitations"":""The fixed binary operating point was estimated on separate calibration groups.""}","{""tool"":""ProvenanceInspector"",""evidence_type"":""none"",""verdict"":""inconclusive"",""score"":null,""strength"":""none"",""observation"":""No C2PA claim or usable origin-bearing metadata was found."",""limitations"":""Metadata can be absent, stripped, or forged; untrusted claims do not establish origin.""}"
probe_eval_data/fake_sd35/r09dc6407t.png,r09dc6407t,r09dc6407t,r09dc6407t:sd3_5,1,sd3_5,0.9989252686500549,1,1,0.5669463276863098,1,1,0.06694632768630981,-0.9933711886405945,0,0,0.9759568572044373,1,1,0,none,none,"{""tool"":""PatchCraft"",""evidence_type"":""local_texture"",""verdict"":""fake"",""score"":0.5669463276863098,""strength"":""weak"",""observation"":""Official PatchCraft binary output; raw sigmoid score retained."",""limitations"":""Patch/residual evidence may be affected by resizing or compression.""}","{""tool"":""RIGID"",""evidence_type"":""perturbation_stability"",""verdict"":""real"",""score"":-0.9933711886405945,""strength"":""weak"",""observation"":""Official DINOv2 representation stability under the fixed perturbation."",""limitations"":""The fixed binary operating point was estimated on separate calibration groups.""}","{""tool"":""ProvenanceInspector"",""evidence_type"":""none"",""verdict"":""inconclusive"",""score"":null,""strength"":""none"",""observation"":""No C2PA claim or usable origin-bearing metadata was found."",""limitations"":""Metadata can be absent, stripped, or forged; untrusted claims do not establish origin.""}"
probe_eval_data/real/r0703243bt.png,r0703243bt,r0703243bt,r0703243bt:raise,0,raise,9.381887502968311e-05,0,1,0.9999239444732666,1,0,0.4999239444732666,-0.9953514933586121,0,1,0.6959644556045532,0,1,0,none,none,"{""tool"":""PatchCraft"",""evidence_type"":""local_texture"",""verdict"":""fake"",""score"":0.9999239444732666,""strength"":""weak"",""observation"":""Official PatchCraft binary output; raw sigmoid score retained."",""limitations"":""Patch/residual evidence may be affected by resizing or compression.""}","{""tool"":""RIGID"",""evidence_type"":""perturbation_stability"",""verdict"":""real"",""score"":-0.9953514933586121,""strength"":""weak"",""observation"":""Official DINOv2 representation stability under the fixed perturbation."",""limitations"":""The fixed binary operating point was estimated on separate calibration groups.""}","{""tool"":""ProvenanceInspector"",""evidence_type"":""none"",""verdict"":""inconclusive"",""score"":null,""strength"":""none"",""observation"":""No C2PA claim or usable origin-bearing metadata was found."",""limitations"":""Metadata can be absent, stripped, or forged; untrusted claims do not establish origin.""}"
probe_eval_data/fake_flux/r0703243bt.png,r0703243bt,r0703243bt,r0703243bt:flux,1,flux,0.9997462630271912,1,1,1.0,1,1,0.5,-0.996452808380127,0,0,0.9182327389717102,0,0,0,none,none,"{""tool"":""PatchCraft"",""evidence_type"":""local_texture"",""verdict"":""fake"",""score"":1.0,""strength"":""weak"",""observation"":""Official PatchCraft binary output; raw sigmoid score retained."",""limitations"":""Patch/residual evidence may be affected by resizing or compression.""}","{""tool"":""RIGID"",""evidence_type"":""perturbation_stability"",""verdict"":""real"",""score"":-0.996452808380127,""strength"":""weak"",""observation"":""Official DINOv2 representation stability under the fixed perturbation."",""limitations"":""The fixed binary operating point was estimated on separate calibration groups.""}","{""tool"":""ProvenanceInspector"",""evidence_type"":""none"",""verdict"":""inconclusive"",""score"":null,""strength"":""none"",""observation"":""No C2PA claim or usable origin-bearing metadata was found."",""limitations"":""Metadata can be absent, stripped, or forged; untrusted claims do not establish origin.""}"
probe_eval_data/fake_sd35/r0703243bt.png,r0703243bt,r0703243bt,r0703243bt:sd3_5,1,sd3_5,0.9999595880508423,1,1,0.9966965913772583,1,1,0.4966965913772583,-0.9952876567840576,0,0,0.84365314245224,0,0,0,none,none,"{""tool"":""PatchCraft"",""evidence_type"":""local_texture"",""verdict"":""fake"",""score"":0.9966965913772583,""strength"":""weak"",""observation"":""Official PatchCraft binary output; raw sigmoid score retained."",""limitations"":""Patch/residual evidence may be affected by resizing or compression.""}","{""tool"":""RIGID"",""evidence_type"":""perturbation_stability"",""verdict"":""real"",""score"":-0.9952876567840576,""strength"":""weak"",""observation"":""Official DINOv2 representation stability under the fixed perturbation."",""limitations"":""The fixed binary operating point was estimated on separate calibration groups.""}","{""tool"":""ProvenanceInspector"",""evidence_type"":""none"",""verdict"":""inconclusive"",""score"":null,""strength"":""none"",""observation"":""No C2PA claim or usable origin-bearing metadata was found."",""limitations"":""Metadata can be absent, stripped, or forged; untrusted claims do not establish origin.""}"
probe_eval_data/real/r10a207det.png,r10a207det,r10a207det,r10a207det:raise,0,raise,0.00015257035556714982,0,1,0.9999932050704956,1,0,0.4999932050704956,-0.9891343712806702,0,1,0.889175295829773,0,1,0,none,none,"{""tool"":""PatchCraft"",""evidence_type"":""local_texture"",""verdict"":""fake"",""score"":0.9999932050704956,""strength"":""weak"",""observation"":""Official PatchCraft binary output; raw sigmoid score retained."",""limitations"":""Patch/residual evidence may be affected by resizing or compression.""}","{""tool"":""RIGID"",""evidence_type"":""perturbation_stability"",""verdict"":""real"",""score"":-0.9891343712806702,""strength"":""weak"",""observation"":""Official DINOv2 representation stability under the fixed perturbation."",""limitations"":""The fixed binary operating point was estimated on separate calibration groups.""}","{""tool"":""ProvenanceInspector"",""evidence_type"":""none"",""verdict"":""inconclusive"",""score"":null,""strength"":""none"",""observation"":""No C2PA claim or usable origin-bearing metadata was found."",""limitations"":""Metadata can be absent, stripped, or forged; untrusted claims do not establish origin.""}"
probe_eval_data/fake_flux/r10a207det.png,r10a207det,r10a207det,r10a207det:flux,1,flux,0.9717803597450256,1,1,0.9999997615814209,1,1,0.4999997615814209,-0.9865578413009644,0,0,0.9250418543815613,0,0,0,none,none,"{""tool"":""PatchCraft"",""evidence_type"":""local_texture"",""verdict"":""fake"",""score"":0.9999997615814209,""strength"":""weak"",""observation"":""Official PatchCraft binary output; raw sigmoid score retained."",""limitations"":""Patch/residual evidence may be affected by resizing or compression.""}","{""tool"":""RIGID"",""evidence_type"":""perturbation_stability"",""verdict"":""real"",""score"":-0.9865578413009644,""strength"":""weak"",""observation"":""Official DINOv2 representation stability under the fixed perturbation."",""limitations"":""The fixed binary operating point was estimated on separate calibration groups.""}","{""tool"":""ProvenanceInspector"",""evidence_type"":""none"",""verdict"":""inconclusive"",""score"":null,""strength"":""none"",""observation"":""No C2PA claim or usable origin-bearing metadata was found."",""limitations"":""Metadata can be absent, stripped, or forged; untrusted claims do not establish origin.""}"
probe_eval_data/fake_sd35/r10a207det.png,r10a207det,r10a207det,r10a207det:sd3_5,1,sd3_5,0.999941349029541,1,1,0.9999887943267822,1,1,0.4999887943267822,-0.9930950403213501,0,0,0.9781332015991211,1,1,0,none,none,"{""tool"":""PatchCraft"",""evidence_type"":""local_texture"",""verdict"":""fake"",""score"":0.9999887943267822,""strength"":""weak"",""observation"":""Official PatchCraft binary output; raw sigmoid score retained."",""limitations"":""Patch/residual evidence may be affected by resizing or compression.""}","{""tool"":""RIGID"",""evidence_type"":""perturbation_stability"",""verdict"":""real"",""score"":-0.9930950403213501,""strength"":""weak"",""observation"":""Official DINOv2 representation stability under the fixed perturbation."",""limitations"":""The fixed binary operating point was estimated on separate calibration groups.""}","{""tool"":""ProvenanceInspector"",""evidence_type"":""none"",""verdict"":""inconclusive"",""score"":null,""strength"":""none"",""observation"":""No C2PA claim or usable origin-bearing metadata was found."",""limitations"":""Metadata can be absent, stripped, or forged; untrusted claims do not establish origin.""}"
probe_eval_data/real/r1cd8d9a4t.png,r1cd8d9a4t,r1cd8d9a4t,r1cd8d9a4t:raise,0,raise,0.0008121042628772557,0,1,0.24200472235679626,0,1,0.25799527764320374,-0.9751700162887573,0,1,0.7652466893196106,0,1,0,none,none,"{""tool"":""PatchCraft"",""evidence_type"":""local_texture"",""verdict"":""real"",""score"":0.24200472235679626,""strength"":""weak"",""observation"":""Official PatchCraft binary output; raw sigmoid score retained."",""limitations"":""Patch/residual evidence may be affected by resizing or compression.""}","{""tool"":""RIGID"",""evidence_type"":""perturbation_stability"",""verdict"":""real"",""score"":-0.9751700162887573,""strength"":""weak"",""observation"":""Official DINOv2 representation stability under the fixed perturbation."",""limitations"":""The fixed binary operating point was estimated on separate calibration groups.""}","{""tool"":""ProvenanceInspector"",""evidence_type"":""none"",""verdict"":""inconclusive"",""score"":null,""strength"":""none"",""observation"":""No C2PA claim or usable origin-bearing metadata was found."",""limitations"":""Metadata can be absent, stripped, or forged; untrusted claims do not establish origin.""}"
probe_eval_data/fake_flux/r1cd8d9a4t.png,r1cd8d9a4t,r1cd8d9a4t,r1cd8d9a4t:flux,1,flux,0.31075072288513184,0,0,0.05066888779401779,0,0,0.4493311122059822,-0.9847562909126282,0,0,0.9813401103019714,1,1,0,none,none,"{""tool"":""PatchCraft"",""evidence_type"":""local_texture"",""verdict"":""real"",""score"":0.05066888779401779,""strength"":""weak"",""observation"":""Official PatchCraft binary output; raw sigmoid score retained."",""limitations"":""Patch/residual evidence may be affected by resizing or compression.""}","{""tool"":""RIGID"",""evidence_type"":""perturbation_stability"",""verdict"":""real"",""score"":-0.9847562909126282,""strength"":""weak"",""observation"":""Official DINOv2 representation stability under the fixed perturbation."",""limitations"":""The fixed binary operating point was estimated on separate calibration groups.""}","{""tool"":""ProvenanceInspector"",""evidence_type"":""none"",""verdict"":""inconclusive"",""score"":null,""strength"":""none"",""observation"":""No C2PA claim or usable origin-bearing metadata was found."",""limitations"":""Metadata can be absent, stripped, or forged; untrusted claims do not establish origin.""}"
probe_eval_data/fake_sd35/r1cd8d9a4t.png,r1cd8d9a4t,r1cd8d9a4t,r1cd8d9a4t:sd3_5,1,sd3_5,0.999248206615448,1,1,0.9949471354484558,1,1,0.4949471354484558,-0.9960216283798218,0,0,0.9427175521850586,0,0,0,none,none,"{""tool"":""PatchCraft"",""evidence_type"":""local_texture"",""verdict"":""fake"",""score"":0.9949471354484558,""strength"":""weak"",""observation"":""Official PatchCraft binary output; raw sigmoid score retained."",""limitations"":""Patch/residual evidence may be affected by resizing or compression.""}","{""tool"":""RIGID"",""evidence_type"":""perturbation_stability"",""verdict"":""real"",""score"":-0.9960216283798218,""strength"":""weak"",""observation"":""Official DINOv2 representation stability under the fixed perturbation."",""limitations"":""The fixed binary operating point was estimated on separate calibration groups.""}","{""tool"":""ProvenanceInspector"",""evidence_type"":""none"",""verdict"":""inconclusive"",""score"":null,""strength"":""none"",""observation"":""No C2PA claim or usable origin-bearing metadata was found."",""limitations"":""Metadata can be absent, stripped, or forged; untrusted claims do not establish origin.""}"
probe_eval_data/real/r1a485a99t.png,r1a485a99t,r1a485a99t,r1a485a99t:raise,0,raise,0.0001385894720442593,0,1,0.9978524446487427,1,0,0.4978524446487427,-0.9928892850875854,0,1,0.9150801301002502,0,1,0,none,none,"{""tool"":""PatchCraft"",""evidence_type"":""local_texture"",""verdict"":""fake"",""score"":0.9978524446487427,""strength"":""weak"",""observation"":""Official PatchCraft binary output; raw sigmoid score retained."",""limitations"":""Patch/residual evidence may be affected by resizing or compression.""}","{""tool"":""RIGID"",""evidence_type"":""perturbation_stability"",""verdict"":""real"",""score"":-0.9928892850875854,""strength"":""weak"",""observation"":""Official DINOv2 representation stability under the fixed perturbation."",""limitations"":""The fixed binary operating point was estimated on separate calibration groups.""}","{""tool"":""ProvenanceInspector"",""evidence_type"":""none"",""verdict"":""inconclusive"",""score"":null,""strength"":""none"",""observation"":""No C2PA claim or usable origin-bearing metadata was found."",""limitations"":""Metadata can be absent, stripped, or forged; untrusted claims do not establish origin.""}"
probe_eval_data/fake_flux/r1a485a99t.png,r1a485a99t,r1a485a99t,r1a485a99t:flux,1,flux,0.9998276233673096,1,1,0.20490577816963196,0,0,0.29509422183036804,-0.9843737483024597,0,0,0.9434612393379211,0,0,0,none,none,"{""tool"":""PatchCraft"",""evidence_type"":""local_texture"",""verdict"":""real"",""score"":0.20490577816963196,""strength"":""weak"",""observation"":""Official PatchCraft binary output; raw sigmoid score retained."",""limitations"":""Patch/residual evidence may be affected by resizing or compression.""}","{""tool"":""RIGID"",""evidence_type"":""perturbation_stability"",""verdict"":""real"",""score"":-0.9843737483024597,""strength"":""weak"",""observation"":""Official DINOv2 representation stability under the fixed perturbation."",""limitations"":""The fixed binary operating point was estimated on separate calibration groups.""}","{""tool"":""ProvenanceInspector"",""evidence_type"":""none"",""verdict"":""inconclusive"",""score"":null,""strength"":""none"",""observation"":""No C2PA claim or usable origin-bearing metadata was found."",""limitations"":""Metadata can be absent, stripped, or forged; untrusted claims do not establish origin.""}"
probe_eval_data/fake_sd35/r1a485a99t.png,r1a485a99t,r1a485a99t,r1a485a99t:sd3_5,1,sd3_5,0.9999715089797974,1,1,0.5878021717071533,1,1,0.08780217170715332,-0.995880126953125,0,0,0.9508504271507263,0,0,0,none,none,"{""tool"":""PatchCraft"",""evidence_type"":""local_texture"",""verdict"":""fake"",""score"":0.5878021717071533,""strength"":""weak"",""observation"":""Official PatchCraft binary output; raw sigmoid score retained."",""limitations"":""Patch/residual evidence may be affected by resizing or compression.""}","{""tool"":""RIGID"",""evidence_type"":""perturbation_stability"",""verdict"":""real"",""score"":-0.995880126953125,""strength"":""weak"",""observation"":""Official DINOv2 representation stability under the fixed perturbation."",""limitations"":""The fixed binary operating point was estimated on separate calibration groups.""}","{""tool"":""ProvenanceInspector"",""evidence_type"":""none"",""verdict"":""inconclusive"",""score"":null,""strength"":""none"",""observation"":""No C2PA claim or usable origin-bearing metadata was found."",""limitations"":""Metadata can be absent, stripped, or forged; untrusted claims do not establish origin.""}"
probe_eval_data/real/r1a8ee526t.png,r1a8ee526t,r1a8ee526t,r1a8ee526t:raise,0,raise,0.024381643161177635,0,1,0.8938303589820862,1,0,0.3938303589820862,-0.9888641238212585,0,1,0.9276546835899353,0,1,0,none,none,"{""tool"":""PatchCraft"",""evidence_type"":""local_texture"",""verdict"":""fake"",""score"":0.8938303589820862,""strength"":""weak"",""observation"":""Official PatchCraft binary output; raw sigmoid score retained."",""limitations"":""Patch/residual evidence may be affected by resizing or compression.""}","{""tool"":""RIGID"",""evidence_type"":""perturbation_stability"",""verdict"":""real"",""score"":-0.9888641238212585,""strength"":""weak"",""observation"":""Official DINOv2 representation stability under the fixed perturbation."",""limitations"":""The fixed binary operating point was estimated on separate calibration groups.""}","{""tool"":""ProvenanceInspector"",""evidence_type"":""none"",""verdict"":""inconclusive"",""score"":null,""strength"":""none"",""observation"":""No C2PA claim or usable origin-bearing metadata was found."",""limitations"":""Metadata can be absent, stripped, or forged; untrusted claims do not establish origin.""}"
probe_eval_data/fake_flux/r1a8ee526t.png,r1a8ee526t,r1a8ee526t,r1a8ee526t:flux,1,flux,0.9990779161453247,1,1,0.022569363936781883,0,0,0.4774306360632181,-0.9905521273612976,0,0,0.9707791805267334,1,1,0,none,none,"{""tool"":""PatchCraft"",""evidence_type"":""local_texture"",""verdict"":""real"",""score"":0.022569363936781883,""strength"":""weak"",""observation"":""Official PatchCraft binary output; raw sigmoid score retained."",""limitations"":""Patch/residual evidence may be affected by resizing or compression.""}","{""tool"":""RIGID"",""evidence_type"":""perturbation_stability"",""verdict"":""real"",""score"":-0.9905521273612976,""strength"":""weak"",""observation"":""Official DINOv2 representation stability under the fixed perturbation."",""limitations"":""The fixed binary operating point was estimated on separate calibration groups.""}","{""tool"":""ProvenanceInspector"",""evidence_type"":""none"",""verdict"":""inconclusive"",""score"":null,""strength"":""none"",""observation"":""No C2PA claim or usable origin-bearing metadata was found."",""limitations"":""Metadata can be absent, stripped, or forged; untrusted claims do not establish origin.""}"
probe_eval_data/fake_sd35/r1a8ee526t.png,r1a8ee526t,r1a8ee526t,r1a8ee526t:sd3_5,1,sd3_5,0.9999138116836548,1,1,0.9735985398292542,1,1,0.47359853982925415,-0.9978954195976257,0,0,0.32017967104911804,0,0,0,none,none,"{""tool"":""PatchCraft"",""evidence_type"":""local_texture"",""verdict"":""fake"",""score"":0.9735985398292542,""strength"":""weak"",""observation"":""Official PatchCraft binary output; raw sigmoid score retained."",""limitations"":""Patch/residual evidence may be affected by resizing or compression.""}","{""tool"":""RIGID"",""evidence_type"":""perturbation_stability"",""verdict"":""real"",""score"":-0.9978954195976257,""strength"":""weak"",""observation"":""Official DINOv2 representation stability under the fixed perturbation."",""limitations"":""The fixed binary operating point was estimated on separate calibration groups.""}","{""tool"":""ProvenanceInspector"",""evidence_type"":""none"",""verdict"":""inconclusive"",""score"":null,""strength"":""none"",""observation"":""No C2PA claim or usable origin-bearing metadata was found."",""limitations"":""Metadata can be absent, stripped, or forged; untrusted claims do not establish origin.""}"
probe_eval_data/real/r1ea8ccbbt.png,r1ea8ccbbt,r1ea8ccbbt,r1ea8ccbbt:raise,0,raise,8.653132681502029e-05,0,1,0.9938617944717407,1,0,0.4938617944717407,-0.9929783344268799,0,1,0.9756592512130737,1,0,0,none,none,"{""tool"":""PatchCraft"",""evidence_type"":""local_texture"",""verdict"":""fake"",""score"":0.9938617944717407,""strength"":""weak"",""observation"":""Official PatchCraft binary output; raw sigmoid score retained."",""limitations"":""Patch/residual evidence may be affected by resizing or compression.""}","{""tool"":""RIGID"",""evidence_type"":""perturbation_stability"",""verdict"":""real"",""score"":-0.9929783344268799,""strength"":""weak"",""observation"":""Official DINOv2 representation stability under the fixed perturbation."",""limitations"":""The fixed binary operating point was estimated on separate calibration groups.""}","{""tool"":""ProvenanceInspector"",""evidence_type"":""none"",""verdict"":""inconclusive"",""score"":null,""strength"":""none"",""observation"":""No C2PA claim or usable origin-bearing metadata was found."",""limitations"":""Metadata can be absent, stripped, or forged; untrusted claims do not establish origin.""}"
probe_eval_data/fake_flux/r1ea8ccbbt.png,r1ea8ccbbt,r1ea8ccbbt,r1ea8ccbbt:flux,1,flux,0.9874239563941956,1,1,0.9999924898147583,1,1,0.4999924898147583,-0.9871091842651367,0,0,0.9476205110549927,0,0,0,none,none,"{""tool"":""PatchCraft"",""evidence_type"":""local_texture"",""verdict"":""fake"",""score"":0.9999924898147583,""strength"":""weak"",""observation"":""Official PatchCraft binary output; raw sigmoid score retained."",""limitations"":""Patch/residual evidence may be affected by resizing or compression.""}","{""tool"":""RIGID"",""evidence_type"":""perturbation_stability"",""verdict"":""real"",""score"":-0.9871091842651367,""strength"":""weak"",""observation"":""Official DINOv2 representation stability under the fixed perturbation."",""limitations"":""The fixed binary operating point was estimated on separate calibration groups.""}","{""tool"":""ProvenanceInspector"",""evidence_type"":""none"",""verdict"":""inconclusive"",""score"":null,""strength"":""none"",""observation"":""No C2PA claim or usable origin-bearing metadata was found."",""limitations"":""Metadata can be absent, stripped, or forged; untrusted claims do not establish origin.""}"
probe_eval_data/fake_sd35/r1ea8ccbbt.png,r1ea8ccbbt,r1ea8ccbbt,r1ea8ccbbt:sd3_5,1,sd3_5,0.9993240833282471,1,1,0.9358136057853699,1,1,0.4358136057853699,-0.994137167930603,0,0,0.9314385056495667,0,0,0,none,none,"{""tool"":""PatchCraft"",""evidence_type"":""local_texture"",""verdict"":""fake"",""score"":0.9358136057853699,""strength"":""weak"",""observation"":""Official PatchCraft binary output; raw sigmoid score retained."",""limitations"":""Patch/residual evidence may be affected by resizing or compression.""}","{""tool"":""RIGID"",""evidence_type"":""perturbation_stability"",""verdict"":""real"",""score"":-0.994137167930603,""strength"":""weak"",""observation"":""Official DINOv2 representation stability under the fixed perturbation."",""limitations"":""The fixed binary operating point was estimated on separate calibration groups.""}","{""tool"":""ProvenanceInspector"",""evidence_type"":""none"",""verdict"":""inconclusive"",""score"":null,""strength"":""none"",""observation"":""No C2PA claim or usable origin-bearing metadata was found."",""limitations"":""Metadata can be absent, stripped, or forged; untrusted claims do not establish origin.""}"
probe_eval_data/real/r110f894ft.png,r110f894ft,r110f894ft,r110f894ft:raise,0,raise,0.0026539957616478205,0,1,0.9999802112579346,1,0,0.49998021125793457,-0.9635521173477173,1,0,0.8655509948730469,0,1,0,none,none,"{""tool"":""PatchCraft"",""evidence_type"":""local_texture"",""verdict"":""fake"",""score"":0.9999802112579346,""strength"":""weak"",""observation"":""Official PatchCraft binary output; raw sigmoid score retained."",""limitations"":""Patch/residual evidence may be affected by resizing or compression.""}","{""tool"":""RIGID"",""evidence_type"":""perturbation_stability"",""verdict"":""fake"",""score"":-0.9635521173477173,""strength"":""weak"",""observation"":""Official DINOv2 representation stability under the fixed perturbation."",""limitations"":""The fixed binary operating point was estimated on separate calibration groups.""}","{""tool"":""ProvenanceInspector"",""evidence_type"":""none"",""verdict"":""inconclusive"",""score"":null,""strength"":""none"",""observation"":""No C2PA claim or usable origin-bearing metadata was found."",""limitations"":""Metadata can be absent, stripped, or forged; untrusted claims do not establish origin.""}"
probe_eval_data/fake_flux/r110f894ft.png,r110f894ft,r110f894ft,r110f894ft:flux,1,flux,0.9756971597671509,1,1,0.9062420725822449,1,1,0.4062420725822449,-0.9764936566352844,0,0,0.9652326107025146,1,1,0,none,none,"{""tool"":""PatchCraft"",""evidence_type"":""local_texture"",""verdict"":""fake"",""score"":0.9062420725822449,""strength"":""weak"",""observation"":""Official PatchCraft binary output; raw sigmoid score retained."",""limitations"":""Patch/residual evidence may be affected by resizing or compression.""}","{""tool"":""RIGID"",""evidence_type"":""perturbation_stability"",""verdict"":""real"",""score"":-0.9764936566352844,""strength"":""weak"",""observation"":""Official DINOv2 representation stability under the fixed perturbation."",""limitations"":""The fixed binary operating point was estimated on separate calibration groups.""}","{""tool"":""ProvenanceInspector"",""evidence_type"":""none"",""verdict"":""inconclusive"",""score"":null,""strength"":""none"",""observation"":""No C2PA claim or usable origin-bearing metadata was found."",""limitations"":""Metadata can be absent, stripped, or forged; untrusted claims do not establish origin.""}"
probe_eval_data/fake_sd35/r110f894ft.png,r110f894ft,r110f894ft,r110f894ft:sd3_5,1,sd3_5,0.9998435974121094,1,1,0.9952492713928223,1,1,0.49524927139282227,-0.9790717363357544,0,0,0.9585179686546326,1,1,0,none,none,"{""tool"":""PatchCraft"",""evidence_type"":""local_texture"",""verdict"":""fake"",""score"":0.9952492713928223,""strength"":""weak"",""observation"":""Official PatchCraft binary output; raw sigmoid score retained."",""limitations"":""Patch/residual evidence may be affected by resizing or compression.""}","{""tool"":""RIGID"",""evidence_type"":""perturbation_stability"",""verdict"":""real"",""score"":-0.9790717363357544,""strength"":""weak"",""observation"":""Official DINOv2 representation stability under the fixed perturbation."",""limitations"":""The fixed binary operating point was estimated on separate calibration groups.""}","{""tool"":""ProvenanceInspector"",""evidence_type"":""none"",""verdict"":""inconclusive"",""score"":null,""strength"":""none"",""observation"":""No C2PA claim or usable origin-bearing metadata was found."",""limitations"":""Metadata can be absent, stripped, or forged; untrusted claims do not establish origin.""}"
probe_eval_data/real/r16422663t.png,r16422663t,r16422663t,r16422663t:raise,0,raise,0.00244001392275095,0,1,1.0,1,0,0.5,-0.9846764802932739,0,1,0.942712128162384,0,1,0,none,none,"{""tool"":""PatchCraft"",""evidence_type"":""local_texture"",""verdict"":""fake"",""score"":1.0,""strength"":""weak"",""observation"":""Official PatchCraft binary output; raw sigmoid score retained."",""limitations"":""Patch/residual evidence may be affected by resizing or compression.""}","{""tool"":""RIGID"",""evidence_type"":""perturbation_stability"",""verdict"":""real"",""score"":-0.9846764802932739,""strength"":""weak"",""observation"":""Official DINOv2 representation stability under the fixed perturbation."",""limitations"":""The fixed binary operating point was estimated on separate calibration groups.""}","{""tool"":""ProvenanceInspector"",""evidence_type"":""none"",""verdict"":""inconclusive"",""score"":null,""strength"":""none"",""observation"":""No C2PA claim or usable origin-bearing metadata was found."",""limitations"":""Metadata can be absent, stripped, or forged; untrusted claims do not establish origin.""}"
probe_eval_data/fake_flux/r16422663t.png,r16422663t,r16422663t,r16422663t:flux,1,flux,0.9929617047309875,1,1,0.003902811324223876,0,0,0.4960971886757761,-0.9929032325744629,0,0,0.9714357256889343,1,1,0,none,none,"{""tool"":""PatchCraft"",""evidence_type"":""local_texture"",""verdict"":""real"",""score"":0.003902811324223876,""strength"":""weak"",""observation"":""Official PatchCraft binary output; raw sigmoid score retained."",""limitations"":""Patch/residual evidence may be affected by resizing or compression.""}","{""tool"":""RIGID"",""evidence_type"":""perturbation_stability"",""verdict"":""real"",""score"":-0.9929032325744629,""strength"":""weak"",""observation"":""Official DINOv2 representation stability under the fixed perturbation."",""limitations"":""The fixed binary operating point was estimated on separate calibration groups.""}","{""tool"":""ProvenanceInspector"",""evidence_type"":""none"",""verdict"":""inconclusive"",""score"":null,""strength"":""none"",""observation"":""No C2PA claim or usable origin-bearing metadata was found."",""limitations"":""Metadata can be absent, stripped, or forged; untrusted claims do not establish origin.""}"
probe_eval_data/fake_sd35/r16422663t.png,r16422663t,r16422663t,r16422663t:sd3_5,1,sd3_5,0.9972854852676392,1,1,0.9999734163284302,1,1,0.4999734163284302,-0.9819120764732361,0,0,0.9638826251029968,1,1,0,none,none,"{""tool"":""PatchCraft"",""evidence_type"":""local_texture"",""verdict"":""fake"",""score"":0.9999734163284302,""strength"":""weak"",""observation"":""Official PatchCraft binary output; raw sigmoid score retained."",""limitations"":""Patch/residual evidence may be affected by resizing or compression.""}","{""tool"":""RIGID"",""evidence_type"":""perturbation_stability"",""verdict"":""real"",""score"":-0.9819120764732361,""strength"":""weak"",""observation"":""Official DINOv2 representation stability under the fixed perturbation."",""limitations"":""The fixed binary operating point was estimated on separate calibration groups.""}","{""tool"":""ProvenanceInspector"",""evidence_type"":""none"",""verdict"":""inconclusive"",""score"":null,""strength"":""none"",""observation"":""No C2PA claim or usable origin-bearing metadata was found."",""limitations"":""Metadata can be absent, stripped, or forged; untrusted claims do not establish origin.""}"
probe_eval_data/real/r1aa4db16t.png,r1aa4db16t,r1aa4db16t,r1aa4db16t:raise,0,raise,6.211615982465446e-05,0,1,2.7294147002976388e-05,0,1,0.499972705852997,-0.994590163230896,0,1,0.4833424389362335,0,1,0,none,none,"{""tool"":""PatchCraft"",""evidence_type"":""local_texture"",""verdict"":""real"",""score"":2.7294147002976388e-05,""strength"":""weak"",""observation"":""Official PatchCraft binary output; raw sigmoid score retained."",""limitations"":""Patch/residual evidence may be affected by resizing or compression.""}","{""tool"":""RIGID"",""evidence_type"":""perturbation_stability"",""verdict"":""real"",""score"":-0.994590163230896,""strength"":""weak"",""observation"":""Official DINOv2 representation stability under the fixed perturbation."",""limitations"":""The fixed binary operating point was estimated on separate calibration groups.""}","{""tool"":""ProvenanceInspector"",""evidence_type"":""none"",""verdict"":""inconclusive"",""score"":null,""strength"":""none"",""observation"":""No C2PA claim or usable origin-bearing metadata was found."",""limitations"":""Metadata can be absent, stripped, or forged; untrusted claims do not establish origin.""}"
probe_eval_data/fake_flux/r1aa4db16t.png,r1aa4db16t,r1aa4db16t,r1aa4db16t:flux,1,flux,0.9991955161094666,1,1,0.9842386841773987,1,1,0.4842386841773987,-0.993232011795044,0,0,0.9098533987998962,0,0,0,none,none,"{""tool"":""PatchCraft"",""evidence_type"":""local_texture"",""verdict"":""fake"",""score"":0.9842386841773987,""strength"":""weak"",""observation"":""Official PatchCraft binary output; raw sigmoid score retained."",""limitations"":""Patch/residual evidence may be affected by resizing or compression.""}","{""tool"":""RIGID"",""evidence_type"":""perturbation_stability"",""verdict"":""real"",""score"":-0.993232011795044,""strength"":""weak"",""observation"":""Official DINOv2 representation stability under the fixed perturbation."",""limitations"":""The fixed binary operating point was estimated on separate calibration groups.""}","{""tool"":""ProvenanceInspector"",""evidence_type"":""none"",""verdict"":""inconclusive"",""score"":null,""strength"":""none"",""observation"":""No C2PA claim or usable origin-bearing metadata was found."",""limitations"":""Metadata can be absent, stripped, or forged; untrusted claims do not establish origin.""}"
probe_eval_data/fake_sd35/r1aa4db16t.png,r1aa4db16t,r1aa4db16t,r1aa4db16t:sd3_5,1,sd3_5,0.999834418296814,1,1,0.9999995231628418,1,1,0.4999995231628418,-0.9731353521347046,0,0,0.9577050805091858,1,1,0,none,none,"{""tool"":""PatchCraft"",""evidence_type"":""local_texture"",""verdict"":""fake"",""score"":0.9999995231628418,""strength"":""weak"",""observation"":""Official PatchCraft binary output; raw sigmoid score retained."",""limitations"":""Patch/residual evidence may be affected by resizing or compression.""}","{""tool"":""RIGID"",""evidence_type"":""perturbation_stability"",""verdict"":""real"",""score"":-0.9731353521347046,""strength"":""weak"",""observation"":""Official DINOv2 representation stability under the fixed perturbation."",""limitations"":""The fixed binary operating point was estimated on separate calibration groups.""}","{""tool"":""ProvenanceInspector"",""evidence_type"":""none"",""verdict"":""inconclusive"",""score"":null,""strength"":""none"",""observation"":""No C2PA claim or usable origin-bearing metadata was found."",""limitations"":""Metadata can be absent, stripped, or forged; untrusted claims do not establish origin.""}"
probe_eval_data/real/r193b12aet.png,r193b12aet,r193b12aet,r193b12aet:raise,0,raise,0.0008049893658608198,0,1,0.009372898377478123,0,1,0.4906271016225219,-0.9819321632385254,0,1,0.928508996963501,0,1,0,none,none,"{""tool"":""PatchCraft"",""evidence_type"":""local_texture"",""verdict"":""real"",""score"":0.009372898377478123,""strength"":""weak"",""observation"":""Official PatchCraft binary output; raw sigmoid score retained."",""limitations"":""Patch/residual evidence may be affected by resizing or compression.""}","{""tool"":""RIGID"",""evidence_type"":""perturbation_stability"",""verdict"":""real"",""score"":-0.9819321632385254,""strength"":""weak"",""observation"":""Official DINOv2 representation stability under the fixed perturbation."",""limitations"":""The fixed binary operating point was estimated on separate calibration groups.""}","{""tool"":""ProvenanceInspector"",""evidence_type"":""none"",""verdict"":""inconclusive"",""score"":null,""strength"":""none"",""observation"":""No C2PA claim or usable origin-bearing metadata was found."",""limitations"":""Metadata can be absent, stripped, or forged; untrusted claims do not establish origin.""}"
probe_eval_data/fake_flux/r193b12aet.png,r193b12aet,r193b12aet,r193b12aet:flux,1,flux,0.996895432472229,1,1,0.10377988964319229,0,0,0.3962201103568077,-0.9782514572143555,0,0,0.9192190170288086,0,0,0,none,none,"{""tool"":""PatchCraft"",""evidence_type"":""local_texture"",""verdict"":""real"",""score"":0.10377988964319229,""strength"":""weak"",""observation"":""Official PatchCraft binary output; raw sigmoid score retained."",""limitations"":""Patch/residual evidence may be affected by resizing or compression.""}","{""tool"":""RIGID"",""evidence_type"":""perturbation_stability"",""verdict"":""real"",""score"":-0.9782514572143555,""strength"":""weak"",""observation"":""Official DINOv2 representation stability under the fixed perturbation."",""limitations"":""The fixed binary operating point was estimated on separate calibration groups.""}","{""tool"":""ProvenanceInspector"",""evidence_type"":""none"",""verdict"":""inconclusive"",""score"":null,""strength"":""none"",""observation"":""No C2PA claim or usable origin-bearing metadata was found."",""limitations"":""Metadata can be absent, stripped, or forged; untrusted claims do not establish origin.""}"
probe_eval_data/fake_sd35/r193b12aet.png,r193b12aet,r193b12aet,r193b12aet:sd3_5,1,sd3_5,0.9986892342567444,1,1,0.9997557997703552,1,1,0.4997557997703552,-0.980122983455658,0,0,0.6947621703147888,0,0,0,none,none,"{""tool"":""PatchCraft"",""evidence_type"":""local_texture"",""verdict"":""fake"",""score"":0.9997557997703552,""strength"":""weak"",""observation"":""Official PatchCraft binary output; raw sigmoid score retained."",""limitations"":""Patch/residual evidence may be affected by resizing or compression.""}","{""tool"":""RIGID"",""evidence_type"":""perturbation_stability"",""verdict"":""real"",""score"":-0.980122983455658,""strength"":""weak"",""observation"":""Official DINOv2 representation stability under the fixed perturbation."",""limitations"":""The fixed binary operating point was estimated on separate calibration groups.""}","{""tool"":""ProvenanceInspector"",""evidence_type"":""none"",""verdict"":""inconclusive"",""score"":null,""strength"":""none"",""observation"":""No C2PA claim or usable origin-bearing metadata was found."",""limitations"":""Metadata can be absent, stripped, or forged; untrusted claims do not establish origin.""}"
probe_eval_data/real/r1f4f8a51t.png,r1f4f8a51t,r1f4f8a51t,r1f4f8a51t:raise,0,raise,0.0015566813526675105,0,1,0.9999470710754395,1,0,0.49994707107543945,-0.9870482683181763,0,1,0.977766752243042,1,0,0,none,none,"{""tool"":""PatchCraft"",""evidence_type"":""local_texture"",""verdict"":""fake"",""score"":0.9999470710754395,""strength"":""weak"",""observation"":""Official PatchCraft binary output; raw sigmoid score retained."",""limitations"":""Patch/residual evidence may be affected by resizing or compression.""}","{""tool"":""RIGID"",""evidence_type"":""perturbation_stability"",""verdict"":""real"",""score"":-0.9870482683181763,""strength"":""weak"",""observation"":""Official DINOv2 representation stability under the fixed perturbation."",""limitations"":""The fixed binary operating point was estimated on separate calibration groups.""}","{""tool"":""ProvenanceInspector"",""evidence_type"":""none"",""verdict"":""inconclusive"",""score"":null,""strength"":""none"",""observation"":""No C2PA claim or usable origin-bearing metadata was found."",""limitations"":""Metadata can be absent, stripped, or forged; untrusted claims do not establish origin.""}"
probe_eval_data/fake_flux/r1f4f8a51t.png,r1f4f8a51t,r1f4f8a51t,r1f4f8a51t:flux,1,flux,0.999067485332489,1,1,0.20238295197486877,0,0,0.2976170480251312,-0.9917982816696167,0,0,0.942889928817749,0,0,0,none,none,"{""tool"":""PatchCraft"",""evidence_type"":""local_texture"",""verdict"":""real"",""score"":0.20238295197486877,""strength"":""weak"",""observation"":""Official PatchCraft binary output; raw sigmoid score retained."",""limitations"":""Patch/residual evidence may be affected by resizing or compression.""}","{""tool"":""RIGID"",""evidence_type"":""perturbation_stability"",""verdict"":""real"",""score"":-0.9917982816696167,""strength"":""weak"",""observation"":""Official DINOv2 representation stability under the fixed perturbation."",""limitations"":""The fixed binary operating point was estimated on separate calibration groups.""}","{""tool"":""ProvenanceInspector"",""evidence_type"":""none"",""verdict"":""inconclusive"",""score"":null,""strength"":""none"",""observation"":""No C2PA claim or usable origin-bearing metadata was found."",""limitations"":""Metadata can be absent, stripped, or forged; untrusted claims do not establish origin.""}"
probe_eval_data/fake_sd35/r1f4f8a51t.png,r1f4f8a51t,r1f4f8a51t,r1f4f8a51t:sd3_5,1,sd3_5,0.9998705387115479,1,1,0.6680228114128113,1,1,0.16802281141281128,-0.9874523878097534,0,0,0.9349827170372009,0,0,0,none,none,"{""tool"":""PatchCraft"",""evidence_type"":""local_texture"",""verdict"":""fake"",""score"":0.6680228114128113,""strength"":""weak"",""observation"":""Official PatchCraft binary output; raw sigmoid score retained."",""limitations"":""Patch/residual evidence may be affected by resizing or compression.""}","{""tool"":""RIGID"",""evidence_type"":""perturbation_stability"",""verdict"":""real"",""score"":-0.9874523878097534,""strength"":""weak"",""observation"":""Official DINOv2 representation stability under the fixed perturbation."",""limitations"":""The fixed binary operating point was estimated on separate calibration groups.""}","{""tool"":""ProvenanceInspector"",""evidence_type"":""none"",""verdict"":""inconclusive"",""score"":null,""strength"":""none"",""observation"":""No C2PA claim or usable origin-bearing metadata was found."",""limitations"":""Metadata can be absent, stripped, or forged; untrusted claims do not establish origin.""}"
probe_eval_data/real/r0ba4c4c0t.png,r0ba4c4c0t,r0ba4c4c0t,r0ba4c4c0t:raise,0,raise,0.00046412457595579326,0,1,0.9989625215530396,1,0,0.49896252155303955,-0.9923557043075562,0,1,0.9168798327445984,0,1,0,none,none,"{""tool"":""PatchCraft"",""evidence_type"":""local_texture"",""verdict"":""fake"",""score"":0.9989625215530396,""strength"":""weak"",""observation"":""Official PatchCraft binary output; raw sigmoid score retained."",""limitations"":""Patch/residual evidence may be affected by resizing or compression.""}","{""tool"":""RIGID"",""evidence_type"":""perturbation_stability"",""verdict"":""real"",""score"":-0.9923557043075562,""strength"":""weak"",""observation"":""Official DINOv2 representation stability under the fixed perturbation."",""limitations"":""The fixed binary operating point was estimated on separate calibration groups.""}","{""tool"":""ProvenanceInspector"",""evidence_type"":""none"",""verdict"":""inconclusive"",""score"":null,""strength"":""none"",""observation"":""No C2PA claim or usable origin-bearing metadata was found."",""limitations"":""Metadata can be absent, stripped, or forged; untrusted claims do not establish origin.""}"
probe_eval_data/fake_flux/r0ba4c4c0t.png,r0ba4c4c0t,r0ba4c4c0t,r0ba4c4c0t:flux,1,flux,0.9997947812080383,1,1,0.5498484373092651,1,1,0.04984843730926514,-0.9965994358062744,0,0,0.6057514548301697,0,0,0,none,none,"{""tool"":""PatchCraft"",""evidence_type"":""local_texture"",""verdict"":""fake"",""score"":0.5498484373092651,""strength"":""weak"",""observation"":""Official PatchCraft binary output; raw sigmoid score retained."",""limitations"":""Patch/residual evidence may be affected by resizing or compression.""}","{""tool"":""RIGID"",""evidence_type"":""perturbation_stability"",""verdict"":""real"",""score"":-0.9965994358062744,""strength"":""weak"",""observation"":""Official DINOv2 representation stability under the fixed perturbation."",""limitations"":""The fixed binary operating point was estimated on separate calibration groups.""}","{""tool"":""ProvenanceInspector"",""evidence_type"":""none"",""verdict"":""inconclusive"",""score"":null,""strength"":""none"",""observation"":""No C2PA claim or usable origin-bearing metadata was found."",""limitations"":""Metadata can be absent, stripped, or forged; untrusted claims do not establish origin.""}"
probe_eval_data/fake_sd35/r0ba4c4c0t.png,r0ba4c4c0t,r0ba4c4c0t,r0ba4c4c0t:sd3_5,1,sd3_5,0.9998706579208374,1,1,0.9998193383216858,1,1,0.4998193383216858,-0.9982971549034119,0,0,0.3218390941619873,0,0,0,none,none,"{""tool"":""PatchCraft"",""evidence_type"":""local_texture"",""verdict"":""fake"",""score"":0.9998193383216858,""strength"":""weak"",""observation"":""Official PatchCraft binary output; raw sigmoid score retained."",""limitations"":""Patch/residual evidence may be affected by resizing or compression.""}","{""tool"":""RIGID"",""evidence_type"":""perturbation_stability"",""verdict"":""real"",""score"":-0.9982971549034119,""strength"":""weak"",""observation"":""Official DINOv2 representation stability under the fixed perturbation."",""limitations"":""The fixed binary operating point was estimated on separate calibration groups.""}","{""tool"":""ProvenanceInspector"",""evidence_type"":""none"",""verdict"":""inconclusive"",""score"":null,""strength"":""none"",""observation"":""No C2PA claim or usable origin-bearing metadata was found."",""limitations"":""Metadata can be absent, stripped, or forged; untrusted claims do not establish origin.""}"
probe_eval_data/real/r0141f0c9t.png,r0141f0c9t,r0141f0c9t,r0141f0c9t:raise,0,raise,0.00012911861995235085,0,1,0.9744258522987366,1,0,0.4744258522987366,-0.9904689192771912,0,1,0.902701199054718,0,1,0,none,none,"{""tool"":""PatchCraft"",""evidence_type"":""local_texture"",""verdict"":""fake"",""score"":0.9744258522987366,""strength"":""weak"",""observation"":""Official PatchCraft binary output; raw sigmoid score retained."",""limitations"":""Patch/residual evidence may be affected by resizing or compression.""}","{""tool"":""RIGID"",""evidence_type"":""perturbation_stability"",""verdict"":""real"",""score"":-0.9904689192771912,""strength"":""weak"",""observation"":""Official DINOv2 representation stability under the fixed perturbation."",""limitations"":""The fixed binary operating point was estimated on separate calibration groups.""}","{""tool"":""ProvenanceInspector"",""evidence_type"":""none"",""verdict"":""inconclusive"",""score"":null,""strength"":""none"",""observation"":""No C2PA claim or usable origin-bearing metadata was found."",""limitations"":""Metadata can be absent, stripped, or forged; untrusted claims do not establish origin.""}"
probe_eval_data/fake_flux/r0141f0c9t.png,r0141f0c9t,r0141f0c9t,r0141f0c9t:flux,1,flux,0.9976032376289368,1,1,0.11508176475763321,0,0,0.3849182352423668,-0.948200523853302,1,1,0.9338641166687012,0,0,0,none,none,"{""tool"":""PatchCraft"",""evidence_type"":""local_texture"",""verdict"":""real"",""score"":0.11508176475763321,""strength"":""weak"",""observation"":""Official PatchCraft binary output; raw sigmoid score retained."",""limitations"":""Patch/residual evidence may be affected by resizing or compression.""}","{""tool"":""RIGID"",""evidence_type"":""perturbation_stability"",""verdict"":""fake"",""score"":-0.948200523853302,""strength"":""weak"",""observation"":""Official DINOv2 representation stability under the fixed perturbation."",""limitations"":""The fixed binary operating point was estimated on separate calibration groups.""}","{""tool"":""ProvenanceInspector"",""evidence_type"":""none"",""verdict"":""inconclusive"",""score"":null,""strength"":""none"",""observation"":""No C2PA claim or usable origin-bearing metadata was found."",""limitations"":""Metadata can be absent, stripped, or forged; untrusted claims do not establish origin.""}"
probe_eval_data/fake_sd35/r0141f0c9t.png,r0141f0c9t,r0141f0c9t,r0141f0c9t:sd3_5,1,sd3_5,0.9969972372055054,1,1,0.7926595211029053,1,1,0.2926595211029053,-0.9939010739326477,0,0,0.890254557132721,0,0,0,none,none,"{""tool"":""PatchCraft"",""evidence_type"":""local_texture"",""verdict"":""fake"",""score"":0.7926595211029053,""strength"":""weak"",""observation"":""Official PatchCraft binary output; raw sigmoid score retained."",""limitations"":""Patch/residual evidence may be affected by resizing or compression.""}","{""tool"":""RIGID"",""evidence_type"":""perturbation_stability"",""verdict"":""real"",""score"":-0.9939010739326477,""strength"":""weak"",""observation"":""Official DINOv2 representation stability under the fixed perturbation."",""limitations"":""The fixed binary operating point was estimated on separate calibration groups.""}","{""tool"":""ProvenanceInspector"",""evidence_type"":""none"",""verdict"":""inconclusive"",""score"":null,""strength"":""none"",""observation"":""No C2PA claim or usable origin-bearing metadata was found."",""limitations"":""Metadata can be absent, stripped, or forged; untrusted claims do not establish origin.""}"
probe_eval_data/real/r0225b88bt.png,r0225b88bt,r0225b88bt,r0225b88bt:raise,0,raise,0.00012086772767361253,0,1,0.9964830875396729,1,0,0.49648308753967285,-0.9683143496513367,1,0,0.8234423398971558,0,1,0,none,none,"{""tool"":""PatchCraft"",""evidence_type"":""local_texture"",""verdict"":""fake"",""score"":0.9964830875396729,""strength"":""weak"",""observation"":""Official PatchCraft binary output; raw sigmoid score retained."",""limitations"":""Patch/residual evidence may be affected by resizing or compression.""}","{""tool"":""RIGID"",""evidence_type"":""perturbation_stability"",""verdict"":""fake"",""score"":-0.9683143496513367,""strength"":""weak"",""observation"":""Official DINOv2 representation stability under the fixed perturbation."",""limitations"":""The fixed binary operating point was estimated on separate calibration groups.""}","{""tool"":""ProvenanceInspector"",""evidence_type"":""none"",""verdict"":""inconclusive"",""score"":null,""strength"":""none"",""observation"":""No C2PA claim or usable origin-bearing metadata was found."",""limitations"":""Metadata can be absent, stripped, or forged; untrusted claims do not establish origin.""}"
probe_eval_data/fake_flux/r0225b88bt.png,r0225b88bt,r0225b88bt,r0225b88bt:flux,1,flux,0.9993153810501099,1,1,0.6723034381866455,1,1,0.1723034381866455,-0.9739464521408081,0,0,0.9523195028305054,0,0,0,none,none,"{""tool"":""PatchCraft"",""evidence_type"":""local_texture"",""verdict"":""fake"",""score"":0.6723034381866455,""strength"":""weak"",""observation"":""Official PatchCraft binary output; raw sigmoid score retained."",""limitations"":""Patch/residual evidence may be affected by resizing or compression.""}","{""tool"":""RIGID"",""evidence_type"":""perturbation_stability"",""verdict"":""real"",""score"":-0.9739464521408081,""strength"":""weak"",""observation"":""Official DINOv2 representation stability under the fixed perturbation."",""limitations"":""The fixed binary operating point was estimated on separate calibration groups.""}","{""tool"":""ProvenanceInspector"",""evidence_type"":""none"",""verdict"":""inconclusive"",""score"":null,""strength"":""none"",""observation"":""No C2PA claim or usable origin-bearing metadata was found."",""limitations"":""Metadata can be absent, stripped, or forged; untrusted claims do not establish origin.""}"
probe_eval_data/fake_sd35/r0225b88bt.png,r0225b88bt,r0225b88bt,r0225b88bt:sd3_5,1,sd3_5,0.9999200105667114,1,1,0.9998656511306763,1,1,0.49986565113067627,-0.9837275147438049,0,0,0.963396430015564,1,1,0,none,none,"{""tool"":""PatchCraft"",""evidence_type"":""local_texture"",""verdict"":""fake"",""score"":0.9998656511306763,""strength"":""weak"",""observation"":""Official PatchCraft binary output; raw sigmoid score retained."",""limitations"":""Patch/residual evidence may be affected by resizing or compression.""}","{""tool"":""RIGID"",""evidence_type"":""perturbation_stability"",""verdict"":""real"",""score"":-0.9837275147438049,""strength"":""weak"",""observation"":""Official DINOv2 representation stability under the fixed perturbation."",""limitations"":""The fixed binary operating point was estimated on separate calibration groups.""}","{""tool"":""ProvenanceInspector"",""evidence_type"":""none"",""verdict"":""inconclusive"",""score"":null,""strength"":""none"",""observation"":""No C2PA claim or usable origin-bearing metadata was found."",""limitations"":""Metadata can be absent, stripped, or forged; untrusted claims do not establish origin.""}"
probe_eval_data/real/r02354285t.png,r02354285t,r02354285t,r02354285t:raise,0,raise,0.00034051697002723813,0,1,0.9945666790008545,1,0,0.4945666790008545,-0.9902005791664124,0,1,0.8000103235244751,0,1,0,none,none,"{""tool"":""PatchCraft"",""evidence_type"":""local_texture"",""verdict"":""fake"",""score"":0.9945666790008545,""strength"":""weak"",""observation"":""Official PatchCraft binary output; raw sigmoid score retained."",""limitations"":""Patch/residual evidence may be affected by resizing or compression.""}","{""tool"":""RIGID"",""evidence_type"":""perturbation_stability"",""verdict"":""real"",""score"":-0.9902005791664124,""strength"":""weak"",""observation"":""Official DINOv2 representation stability under the fixed perturbation."",""limitations"":""The fixed binary operating point was estimated on separate calibration groups.""}","{""tool"":""ProvenanceInspector"",""evidence_type"":""none"",""verdict"":""inconclusive"",""score"":null,""strength"":""none"",""observation"":""No C2PA claim or usable origin-bearing metadata was found."",""limitations"":""Metadata can be absent, stripped, or forged; untrusted claims do not establish origin.""}"
probe_eval_data/fake_flux/r02354285t.png,r02354285t,r02354285t,r02354285t:flux,1,flux,0.9990474581718445,1,1,0.9944325089454651,1,1,0.4944325089454651,-0.9939723610877991,0,0,0.9334149956703186,0,0,0,none,none,"{""tool"":""PatchCraft"",""evidence_type"":""local_texture"",""verdict"":""fake"",""score"":0.9944325089454651,""strength"":""weak"",""observation"":""Official PatchCraft binary output; raw sigmoid score retained."",""limitations"":""Patch/residual evidence may be affected by resizing or compression.""}","{""tool"":""RIGID"",""evidence_type"":""perturbation_stability"",""verdict"":""real"",""score"":-0.9939723610877991,""strength"":""weak"",""observation"":""Official DINOv2 representation stability under the fixed perturbation."",""limitations"":""The fixed binary operating point was estimated on separate calibration groups.""}","{""tool"":""ProvenanceInspector"",""evidence_type"":""none"",""verdict"":""inconclusive"",""score"":null,""strength"":""none"",""observation"":""No C2PA claim or usable origin-bearing metadata was found."",""limitations"":""Metadata can be absent, stripped, or forged; untrusted claims do not establish origin.""}"
probe_eval_data/fake_sd35/r02354285t.png,r02354285t,r02354285t,r02354285t:sd3_5,1,sd3_5,0.9999630451202393,1,1,0.9998881816864014,1,1,0.49988818168640137,-0.9974766373634338,0,0,0.6442654728889465,0,0,0,none,none,"{""tool"":""PatchCraft"",""evidence_type"":""local_texture"",""verdict"":""fake"",""score"":0.9998881816864014,""strength"":""weak"",""observation"":""Official PatchCraft binary output; raw sigmoid score retained."",""limitations"":""Patch/residual evidence may be affected by resizing or compression.""}","{""tool"":""RIGID"",""evidence_type"":""perturbation_stability"",""verdict"":""real"",""score"":-0.9974766373634338,""strength"":""weak"",""observation"":""Official DINOv2 representation stability under the fixed perturbation."",""limitations"":""The fixed binary operating point was estimated on separate calibration groups.""}","{""tool"":""ProvenanceInspector"",""evidence_type"":""none"",""verdict"":""inconclusive"",""score"":null,""strength"":""none"",""observation"":""No C2PA claim or usable origin-bearing metadata was found."",""limitations"":""Metadata can be absent, stripped, or forged; untrusted claims do not establish origin.""}"
probe_eval_data/real/r06bfc92at.png,r06bfc92at,r06bfc92at,r06bfc92at:raise,0,raise,0.0003307910228613764,0,1,0.9604088068008423,1,0,0.4604088068008423,-0.9895437359809875,0,1,0.9851299524307251,1,0,0,none,none,"{""tool"":""PatchCraft"",""evidence_type"":""local_texture"",""verdict"":""fake"",""score"":0.9604088068008423,""strength"":""weak"",""observation"":""Official PatchCraft binary output; raw sigmoid score retained."",""limitations"":""Patch/residual evidence may be affected by resizing or compression.""}","{""tool"":""RIGID"",""evidence_type"":""perturbation_stability"",""verdict"":""real"",""score"":-0.9895437359809875,""strength"":""weak"",""observation"":""Official DINOv2 representation stability under the fixed perturbation."",""limitations"":""The fixed binary operating point was estimated on separate calibration groups.""}","{""tool"":""ProvenanceInspector"",""evidence_type"":""none"",""verdict"":""inconclusive"",""score"":null,""strength"":""none"",""observation"":""No C2PA claim or usable origin-bearing metadata was found."",""limitations"":""Metadata can be absent, stripped, or forged; untrusted claims do not establish origin.""}"
probe_eval_data/fake_flux/r06bfc92at.png,r06bfc92at,r06bfc92at,r06bfc92at:flux,1,flux,0.9954981803894043,1,1,0.02044212818145752,0,0,0.4795578718185425,-0.9888072609901428,0,0,0.9312071204185486,0,0,0,none,none,"{""tool"":""PatchCraft"",""evidence_type"":""local_texture"",""verdict"":""real"",""score"":0.02044212818145752,""strength"":""weak"",""observation"":""Official PatchCraft binary output; raw sigmoid score retained."",""limitations"":""Patch/residual evidence may be affected by resizing or compression.""}","{""tool"":""RIGID"",""evidence_type"":""perturbation_stability"",""verdict"":""real"",""score"":-0.9888072609901428,""strength"":""weak"",""observation"":""Official DINOv2 representation stability under the fixed perturbation."",""limitations"":""The fixed binary operating point was estimated on separate calibration groups.""}","{""tool"":""ProvenanceInspector"",""evidence_type"":""none"",""verdict"":""inconclusive"",""score"":null,""strength"":""none"",""observation"":""No C2PA claim or usable origin-bearing metadata was found."",""limitations"":""Metadata can be absent, stripped, or forged; untrusted claims do not establish origin.""}"
probe_eval_data/fake_sd35/r06bfc92at.png,r06bfc92at,r06bfc92at,r06bfc92at:sd3_5,1,sd3_5,0.9997435212135315,1,1,0.9926432967185974,1,1,0.4926432967185974,-0.9924027323722839,0,0,0.8573588132858276,0,0,0,none,none,"{""tool"":""PatchCraft"",""evidence_type"":""local_texture"",""verdict"":""fake"",""score"":0.9926432967185974,""strength"":""weak"",""observation"":""Official PatchCraft binary output; raw sigmoid score retained."",""limitations"":""Patch/residual evidence may be affected by resizing or compression.""}","{""tool"":""RIGID"",""evidence_type"":""perturbation_stability"",""verdict"":""real"",""score"":-0.9924027323722839,""strength"":""weak"",""observation"":""Official DINOv2 representation stability under the fixed perturbation."",""limitations"":""The fixed binary operating point was estimated on separate calibration groups.""}","{""tool"":""ProvenanceInspector"",""evidence_type"":""none"",""verdict"":""inconclusive"",""score"":null,""strength"":""none"",""observation"":""No C2PA claim or usable origin-bearing metadata was found."",""limitations"":""Metadata can be absent, stripped, or forged; untrusted claims do not establish origin.""}"
probe_eval_data/real/r07598392t.png,r07598392t,r07598392t,r07598392t:raise,0,raise,9.653234883444384e-05,0,1,0.9238911271095276,1,0,0.4238911271095276,-0.9924472570419312,0,1,0.8851391673088074,0,1,0,none,none,"{""tool"":""PatchCraft"",""evidence_type"":""local_texture"",""verdict"":""fake"",""score"":0.9238911271095276,""strength"":""weak"",""observation"":""Official PatchCraft binary output; raw sigmoid score retained."",""limitations"":""Patch/residual evidence may be affected by resizing or compression.""}","{""tool"":""RIGID"",""evidence_type"":""perturbation_stability"",""verdict"":""real"",""score"":-0.9924472570419312,""strength"":""weak"",""observation"":""Official DINOv2 representation stability under the fixed perturbation."",""limitations"":""The fixed binary operating point was estimated on separate calibration groups.""}","{""tool"":""ProvenanceInspector"",""evidence_type"":""none"",""verdict"":""inconclusive"",""score"":null,""strength"":""none"",""observation"":""No C2PA claim or usable origin-bearing metadata was found."",""limitations"":""Metadata can be absent, stripped, or forged; untrusted claims do not establish origin.""}"
probe_eval_data/fake_flux/r07598392t.png,r07598392t,r07598392t,r07598392t:flux,1,flux,0.9896859526634216,1,1,0.9846631288528442,1,1,0.48466312885284424,-0.9888120293617249,0,0,0.9492403864860535,0,0,0,none,none,"{""tool"":""PatchCraft"",""evidence_type"":""local_texture"",""verdict"":""fake"",""score"":0.9846631288528442,""strength"":""weak"",""observation"":""Official PatchCraft binary output; raw sigmoid score retained."",""limitations"":""Patch/residual evidence may be affected by resizing or compression.""}","{""tool"":""RIGID"",""evidence_type"":""perturbation_stability"",""verdict"":""real"",""score"":-0.9888120293617249,""strength"":""weak"",""observation"":""Official DINOv2 representation stability under the fixed perturbation."",""limitations"":""The fixed binary operating point was estimated on separate calibration groups.""}","{""tool"":""ProvenanceInspector"",""evidence_type"":""none"",""verdict"":""inconclusive"",""score"":null,""strength"":""none"",""observation"":""No C2PA claim or usable origin-bearing metadata was found."",""limitations"":""Metadata can be absent, stripped, or forged; untrusted claims do not establish origin.""}"
probe_eval_data/fake_sd35/r07598392t.png,r07598392t,r07598392t,r07598392t:sd3_5,1,sd3_5,0.9997856020927429,1,1,1.0,1,1,0.5,-0.9951596260070801,0,0,0.928402304649353,0,0,0,none,none,"{""tool"":""PatchCraft"",""evidence_type"":""local_texture"",""verdict"":""fake"",""score"":1.0,""strength"":""weak"",""observation"":""Official PatchCraft binary output; raw sigmoid score retained."",""limitations"":""Patch/residual evidence may be affected by resizing or compression.""}","{""tool"":""RIGID"",""evidence_type"":""perturbation_stability"",""verdict"":""real"",""score"":-0.9951596260070801,""strength"":""weak"",""observation"":""Official DINOv2 representation stability under the fixed perturbation."",""limitations"":""The fixed binary operating point was estimated on separate calibration groups.""}","{""tool"":""ProvenanceInspector"",""evidence_type"":""none"",""verdict"":""inconclusive"",""score"":null,""strength"":""none"",""observation"":""No C2PA claim or usable origin-bearing metadata was found."",""limitations"":""Metadata can be absent, stripped, or forged; untrusted claims do not establish origin.""}"
probe_eval_data/real/r042d7b17t.png,r042d7b17t,r042d7b17t,r042d7b17t:raise,0,raise,0.0014237887226045132,0,1,0.9948170781135559,1,0,0.4948170781135559,-0.9893994331359863,0,1,0.9062935709953308,0,1,0,none,none,"{""tool"":""PatchCraft"",""evidence_type"":""local_texture"",""verdict"":""fake"",""score"":0.9948170781135559,""strength"":""weak"",""observation"":""Official PatchCraft binary output; raw sigmoid score retained."",""limitations"":""Patch/residual evidence may be affected by resizing or compression.""}","{""tool"":""RIGID"",""evidence_type"":""perturbation_stability"",""verdict"":""real"",""score"":-0.9893994331359863,""strength"":""weak"",""observation"":""Official DINOv2 representation stability under the fixed perturbation."",""limitations"":""The fixed binary operating point was estimated on separate calibration groups.""}","{""tool"":""ProvenanceInspector"",""evidence_type"":""none"",""verdict"":""inconclusive"",""score"":null,""strength"":""none"",""observation"":""No C2PA claim or usable origin-bearing metadata was found."",""limitations"":""Metadata can be absent, stripped, or forged; untrusted claims do not establish origin.""}"
probe_eval_data/fake_flux/r042d7b17t.png,r042d7b17t,r042d7b17t,r042d7b17t:flux,1,flux,0.9907330274581909,1,1,0.09783536195755005,0,0,0.40216463804244995,-0.9724960327148438,0,0,0.9056175947189331,0,0,0,none,none,"{""tool"":""PatchCraft"",""evidence_type"":""local_texture"",""verdict"":""real"",""score"":0.09783536195755005,""strength"":""weak"",""observation"":""Official PatchCraft binary output; raw sigmoid score retained."",""limitations"":""Patch/residual evidence may be affected by resizing or compression.""}","{""tool"":""RIGID"",""evidence_type"":""perturbation_stability"",""verdict"":""real"",""score"":-0.9724960327148438,""strength"":""weak"",""observation"":""Official DINOv2 representation stability under the fixed perturbation."",""limitations"":""The fixed binary operating point was estimated on separate calibration groups.""}","{""tool"":""ProvenanceInspector"",""evidence_type"":""none"",""verdict"":""inconclusive"",""score"":null,""strength"":""none"",""observation"":""No C2PA claim or usable origin-bearing metadata was found."",""limitations"":""Metadata can be absent, stripped, or forged; untrusted claims do not establish origin.""}"
probe_eval_data/fake_sd35/r042d7b17t.png,r042d7b17t,r042d7b17t,r042d7b17t:sd3_5,1,sd3_5,0.9998424053192139,1,1,0.999943733215332,1,1,0.49994373321533203,-0.9955967664718628,0,0,0.9607043266296387,1,1,0,none,none,"{""tool"":""PatchCraft"",""evidence_type"":""local_texture"",""verdict"":""fake"",""score"":0.999943733215332,""strength"":""weak"",""observation"":""Official PatchCraft binary output; raw sigmoid score retained."",""limitations"":""Patch/residual evidence may be affected by resizing or compression.""}","{""tool"":""RIGID"",""evidence_type"":""perturbation_stability"",""verdict"":""real"",""score"":-0.9955967664718628,""strength"":""weak"",""observation"":""Official DINOv2 representation stability under the fixed perturbation."",""limitations"":""The fixed binary operating point was estimated on separate calibration groups.""}","{""tool"":""ProvenanceInspector"",""evidence_type"":""none"",""verdict"":""inconclusive"",""score"":null,""strength"":""none"",""observation"":""No C2PA claim or usable origin-bearing metadata was found."",""limitations"":""Metadata can be absent, stripped, or forged; untrusted claims do not establish origin.""}"
probe_eval_data/real/r13b45303t.png,r13b45303t,r13b45303t,r13b45303t:raise,0,raise,0.0002863098052330315,0,1,0.9998927116394043,1,0,0.4998927116394043,-0.9885435104370117,0,1,0.8835969567298889,0,1,0,none,none,"{""tool"":""PatchCraft"",""evidence_type"":""local_texture"",""verdict"":""fake"",""score"":0.9998927116394043,""strength"":""weak"",""observation"":""Official PatchCraft binary output; raw sigmoid score retained."",""limitations"":""Patch/residual evidence may be affected by resizing or compression.""}","{""tool"":""RIGID"",""evidence_type"":""perturbation_stability"",""verdict"":""real"",""score"":-0.9885435104370117,""strength"":""weak"",""observation"":""Official DINOv2 representation stability under the fixed perturbation."",""limitations"":""The fixed binary operating point was estimated on separate calibration groups.""}","{""tool"":""ProvenanceInspector"",""evidence_type"":""none"",""verdict"":""inconclusive"",""score"":null,""strength"":""none"",""observation"":""No C2PA claim or usable origin-bearing metadata was found."",""limitations"":""Metadata can be absent, stripped, or forged; untrusted claims do not establish origin.""}"
probe_eval_data/fake_flux/r13b45303t.png,r13b45303t,r13b45303t,r13b45303t:flux,1,flux,0.9985613226890564,1,1,0.9981979727745056,1,1,0.4981979727745056,-0.9679639339447021,1,1,0.8912755846977234,0,0,0,none,none,"{""tool"":""PatchCraft"",""evidence_type"":""local_texture"",""verdict"":""fake"",""score"":0.9981979727745056,""strength"":""weak"",""observation"":""Official PatchCraft binary output; raw sigmoid score retained."",""limitations"":""Patch/residual evidence may be affected by resizing or compression.""}","{""tool"":""RIGID"",""evidence_type"":""perturbation_stability"",""verdict"":""fake"",""score"":-0.9679639339447021,""strength"":""weak"",""observation"":""Official DINOv2 representation stability under the fixed perturbation."",""limitations"":""The fixed binary operating point was estimated on separate calibration groups.""}","{""tool"":""ProvenanceInspector"",""evidence_type"":""none"",""verdict"":""inconclusive"",""score"":null,""strength"":""none"",""observation"":""No C2PA claim or usable origin-bearing metadata was found."",""limitations"":""Metadata can be absent, stripped, or forged; untrusted claims do not establish origin.""}"
probe_eval_data/fake_sd35/r13b45303t.png,r13b45303t,r13b45303t,r13b45303t:sd3_5,1,sd3_5,0.9836576581001282,1,1,0.9620680212974548,1,1,0.46206802129745483,-0.9947134256362915,0,0,0.9797779321670532,1,1,0,none,none,"{""tool"":""PatchCraft"",""evidence_type"":""local_texture"",""verdict"":""fake"",""score"":0.9620680212974548,""strength"":""weak"",""observation"":""Official PatchCraft binary output; raw sigmoid score retained."",""limitations"":""Patch/residual evidence may be affected by resizing or compression.""}","{""tool"":""RIGID"",""evidence_type"":""perturbation_stability"",""verdict"":""real"",""score"":-0.9947134256362915,""strength"":""weak"",""observation"":""Official DINOv2 representation stability under the fixed perturbation."",""limitations"":""The fixed binary operating point was estimated on separate calibration groups.""}","{""tool"":""ProvenanceInspector"",""evidence_type"":""none"",""verdict"":""inconclusive"",""score"":null,""strength"":""none"",""observation"":""No C2PA claim or usable origin-bearing metadata was found."",""limitations"":""Metadata can be absent, stripped, or forged; untrusted claims do not establish origin.""}"
probe_eval_data/real/r12d4cabat.png,r12d4cabat,r12d4cabat,r12d4cabat:raise,0,raise,0.0018202168866991997,0,1,0.9999998807907104,1,0,0.49999988079071045,-0.9854463338851929,0,1,0.3074687123298645,0,1,0,none,none,"{""tool"":""PatchCraft"",""evidence_type"":""local_texture"",""verdict"":""fake"",""score"":0.9999998807907104,""strength"":""weak"",""observation"":""Official PatchCraft binary output; raw sigmoid score retained."",""limitations"":""Patch/residual evidence may be affected by resizing or compression.""}","{""tool"":""RIGID"",""evidence_type"":""perturbation_stability"",""verdict"":""real"",""score"":-0.9854463338851929,""strength"":""weak"",""observation"":""Official DINOv2 representation stability under the fixed perturbation."",""limitations"":""The fixed binary operating point was estimated on separate calibration groups.""}","{""tool"":""ProvenanceInspector"",""evidence_type"":""none"",""verdict"":""inconclusive"",""score"":null,""strength"":""none"",""observation"":""No C2PA claim or usable origin-bearing metadata was found."",""limitations"":""Metadata can be absent, stripped, or forged; untrusted claims do not establish origin.""}"
probe_eval_data/fake_flux/r12d4cabat.png,r12d4cabat,r12d4cabat,r12d4cabat:flux,1,flux,0.9989861845970154,1,1,0.030088184401392937,0,0,0.46991181559860706,-0.9940993785858154,0,0,0.8931102752685547,0,0,0,none,none,"{""tool"":""PatchCraft"",""evidence_type"":""local_texture"",""verdict"":""real"",""score"":0.030088184401392937,""strength"":""weak"",""observation"":""Official PatchCraft binary output; raw sigmoid score retained."",""limitations"":""Patch/residual evidence may be affected by resizing or compression.""}","{""tool"":""RIGID"",""evidence_type"":""perturbation_stability"",""verdict"":""real"",""score"":-0.9940993785858154,""strength"":""weak"",""observation"":""Official DINOv2 representation stability under the fixed perturbation."",""limitations"":""The fixed binary operating point was estimated on separate calibration groups.""}","{""tool"":""ProvenanceInspector"",""evidence_type"":""none"",""verdict"":""inconclusive"",""score"":null,""strength"":""none"",""observation"":""No C2PA claim or usable origin-bearing metadata was found."",""limitations"":""Metadata can be absent, stripped, or forged; untrusted claims do not establish origin.""}"
probe_eval_data/fake_sd35/r12d4cabat.png,r12d4cabat,r12d4cabat,r12d4cabat:sd3_5,1,sd3_5,0.9999585151672363,1,1,0.9999891519546509,1,1,0.4999891519546509,-0.9896806478500366,0,0,0.9112668037414551,0,0,0,none,none,"{""tool"":""PatchCraft"",""evidence_type"":""local_texture"",""verdict"":""fake"",""score"":0.9999891519546509,""strength"":""weak"",""observation"":""Official PatchCraft binary output; raw sigmoid score retained."",""limitations"":""Patch/residual evidence may be affected by resizing or compression.""}","{""tool"":""RIGID"",""evidence_type"":""perturbation_stability"",""verdict"":""real"",""score"":-0.9896806478500366,""strength"":""weak"",""observation"":""Official DINOv2 representation stability under the fixed perturbation."",""limitations"":""The fixed binary operating point was estimated on separate calibration groups.""}","{""tool"":""ProvenanceInspector"",""evidence_type"":""none"",""verdict"":""inconclusive"",""score"":null,""strength"":""none"",""observation"":""No C2PA claim or usable origin-bearing metadata was found."",""limitations"":""Metadata can be absent, stripped, or forged; untrusted claims do not establish origin.""}"
probe_eval_data/real/r1d527f65t.png,r1d527f65t,r1d527f65t,r1d527f65t:raise,0,raise,0.006667951587587595,0,1,1.0,1,0,0.5,-0.9819567203521729,0,1,0.9514522552490234,0,1,0,none,none,"{""tool"":""PatchCraft"",""evidence_type"":""local_texture"",""verdict"":""fake"",""score"":1.0,""strength"":""weak"",""observation"":""Official PatchCraft binary output; raw sigmoid score retained."",""limitations"":""Patch/residual evidence may be affected by resizing or compression.""}","{""tool"":""RIGID"",""evidence_type"":""perturbation_stability"",""verdict"":""real"",""score"":-0.9819567203521729,""strength"":""weak"",""observation"":""Official DINOv2 representation stability under the fixed perturbation."",""limitations"":""The fixed binary operating point was estimated on separate calibration groups.""}","{""tool"":""ProvenanceInspector"",""evidence_type"":""none"",""verdict"":""inconclusive"",""score"":null,""strength"":""none"",""observation"":""No C2PA claim or usable origin-bearing metadata was found."",""limitations"":""Metadata can be absent, stripped, or forged; untrusted claims do not establish origin.""}"
probe_eval_data/fake_flux/r1d527f65t.png,r1d527f65t,r1d527f65t,r1d527f65t:flux,1,flux,0.9434506297111511,1,1,0.45694732666015625,0,0,0.04305267333984375,-0.9864817261695862,0,0,0.9393458962440491,0,0,0,none,none,"{""tool"":""PatchCraft"",""evidence_type"":""local_texture"",""verdict"":""real"",""score"":0.45694732666015625,""strength"":""weak"",""observation"":""Official PatchCraft binary output; raw sigmoid score retained."",""limitations"":""Patch/residual evidence may be affected by resizing or compression.""}","{""tool"":""RIGID"",""evidence_type"":""perturbation_stability"",""verdict"":""real"",""score"":-0.9864817261695862,""strength"":""weak"",""observation"":""Official DINOv2 representation stability under the fixed perturbation."",""limitations"":""The fixed binary operating point was estimated on separate calibration groups.""}","{""tool"":""ProvenanceInspector"",""evidence_type"":""none"",""verdict"":""inconclusive"",""score"":null,""strength"":""none"",""observation"":""No C2PA claim or usable origin-bearing metadata was found."",""limitations"":""Metadata can be absent, stripped, or forged; untrusted claims do not establish origin.""}"
probe_eval_data/fake_sd35/r1d527f65t.png,r1d527f65t,r1d527f65t,r1d527f65t:sd3_5,1,sd3_5,0.9999371767044067,1,1,0.9989379048347473,1,1,0.4989379048347473,-0.9879544973373413,0,0,0.9297162294387817,0,0,0,none,none,"{""tool"":""PatchCraft"",""evidence_type"":""local_texture"",""verdict"":""fake"",""score"":0.9989379048347473,""strength"":""weak"",""observation"":""Official PatchCraft binary output; raw sigmoid score retained."",""limitations"":""Patch/residual evidence may be affected by resizing or compression.""}","{""tool"":""RIGID"",""evidence_type"":""perturbation_stability"",""verdict"":""real"",""score"":-0.9879544973373413,""strength"":""weak"",""observation"":""Official DINOv2 representation stability under the fixed perturbation."",""limitations"":""The fixed binary operating point was estimated on separate calibration groups.""}","{""tool"":""ProvenanceInspector"",""evidence_type"":""none"",""verdict"":""inconclusive"",""score"":null,""strength"":""none"",""observation"":""No C2PA claim or usable origin-bearing metadata was found."",""limitations"":""Metadata can be absent, stripped, or forged; untrusted claims do not establish origin.""}"
probe_eval_data/real/r042d5308t.png,r042d5308t,r042d5308t,r042d5308t:raise,0,raise,0.00011521516717039049,0,1,0.3434324264526367,0,1,0.15656757354736328,-0.99398273229599,0,1,0.9598112106323242,1,0,0,none,none,"{""tool"":""PatchCraft"",""evidence_type"":""local_texture"",""verdict"":""real"",""score"":0.3434324264526367,""strength"":""weak"",""observation"":""Official PatchCraft binary output; raw sigmoid score retained."",""limitations"":""Patch/residual evidence may be affected by resizing or compression.""}","{""tool"":""RIGID"",""evidence_type"":""perturbation_stability"",""verdict"":""real"",""score"":-0.99398273229599,""strength"":""weak"",""observation"":""Official DINOv2 representation stability under the fixed perturbation."",""limitations"":""The fixed binary operating point was estimated on separate calibration groups.""}","{""tool"":""ProvenanceInspector"",""evidence_type"":""none"",""verdict"":""inconclusive"",""score"":null,""strength"":""none"",""observation"":""No C2PA claim or usable origin-bearing metadata was found."",""limitations"":""Metadata can be absent, stripped, or forged; untrusted claims do not establish origin.""}"
probe_eval_data/fake_flux/r042d5308t.png,r042d5308t,r042d5308t,r042d5308t:flux,1,flux,0.535323977470398,1,1,0.4000610411167145,0,0,0.09993895888328552,-0.9951456785202026,0,0,0.9219517707824707,0,0,0,none,none,"{""tool"":""PatchCraft"",""evidence_type"":""local_texture"",""verdict"":""real"",""score"":0.4000610411167145,""strength"":""weak"",""observation"":""Official PatchCraft binary output; raw sigmoid score retained."",""limitations"":""Patch/residual evidence may be affected by resizing or compression.""}","{""tool"":""RIGID"",""evidence_type"":""perturbation_stability"",""verdict"":""real"",""score"":-0.9951456785202026,""strength"":""weak"",""observation"":""Official DINOv2 representation stability under the fixed perturbation."",""limitations"":""The fixed binary operating point was estimated on separate calibration groups.""}","{""tool"":""ProvenanceInspector"",""evidence_type"":""none"",""verdict"":""inconclusive"",""score"":null,""strength"":""none"",""observation"":""No C2PA claim or usable origin-bearing metadata was found."",""limitations"":""Metadata can be absent, stripped, or forged; untrusted claims do not establish origin.""}"
probe_eval_data/fake_sd35/r042d5308t.png,r042d5308t,r042d5308t,r042d5308t:sd3_5,1,sd3_5,0.9995855689048767,1,1,0.9991632699966431,1,1,0.49916326999664307,-0.9970461130142212,0,0,0.8360310196876526,0,0,0,none,none,"{""tool"":""PatchCraft"",""evidence_type"":""local_texture"",""verdict"":""fake"",""score"":0.9991632699966431,""strength"":""weak"",""observation"":""Official PatchCraft binary output; raw sigmoid score retained."",""limitations"":""Patch/residual evidence may be affected by resizing or compression.""}","{""tool"":""RIGID"",""evidence_type"":""perturbation_stability"",""verdict"":""real"",""score"":-0.9970461130142212,""strength"":""weak"",""observation"":""Official DINOv2 representation stability under the fixed perturbation."",""limitations"":""The fixed binary operating point was estimated on separate calibration groups.""}","{""tool"":""ProvenanceInspector"",""evidence_type"":""none"",""verdict"":""inconclusive"",""score"":null,""strength"":""none"",""observation"":""No C2PA claim or usable origin-bearing metadata was found."",""limitations"":""Metadata can be absent, stripped, or forged; untrusted claims do not establish origin.""}"
probe_eval_data/real/r116ce066t.png,r116ce066t,r116ce066t,r116ce066t:raise,0,raise,0.0011332397116348147,0,1,0.9295216798782349,1,0,0.42952167987823486,-0.9910052418708801,0,1,0.6924611926078796,0,1,0,none,none,"{""tool"":""PatchCraft"",""evidence_type"":""local_texture"",""verdict"":""fake"",""score"":0.9295216798782349,""strength"":""weak"",""observation"":""Official PatchCraft binary output; raw sigmoid score retained."",""limitations"":""Patch/residual evidence may be affected by resizing or compression.""}","{""tool"":""RIGID"",""evidence_type"":""perturbation_stability"",""verdict"":""real"",""score"":-0.9910052418708801,""strength"":""weak"",""observation"":""Official DINOv2 representation stability under the fixed perturbation."",""limitations"":""The fixed binary operating point was estimated on separate calibration groups.""}","{""tool"":""ProvenanceInspector"",""evidence_type"":""none"",""verdict"":""inconclusive"",""score"":null,""strength"":""none"",""observation"":""No C2PA claim or usable origin-bearing metadata was found."",""limitations"":""Metadata can be absent, stripped, or forged; untrusted claims do not establish origin.""}"
probe_eval_data/fake_flux/r116ce066t.png,r116ce066t,r116ce066t,r116ce066t:flux,1,flux,0.9995394945144653,1,1,0.9938386082649231,1,1,0.4938386082649231,-0.9927986860275269,0,0,0.8928608298301697,0,0,0,none,none,"{""tool"":""PatchCraft"",""evidence_type"":""local_texture"",""verdict"":""fake"",""score"":0.9938386082649231,""strength"":""weak"",""observation"":""Official PatchCraft binary output; raw sigmoid score retained."",""limitations"":""Patch/residual evidence may be affected by resizing or compression.""}","{""tool"":""RIGID"",""evidence_type"":""perturbation_stability"",""verdict"":""real"",""score"":-0.9927986860275269,""strength"":""weak"",""observation"":""Official DINOv2 representation stability under the fixed perturbation."",""limitations"":""The fixed binary operating point was estimated on separate calibration groups.""}","{""tool"":""ProvenanceInspector"",""evidence_type"":""none"",""verdict"":""inconclusive"",""score"":null,""strength"":""none"",""observation"":""No C2PA claim or usable origin-bearing metadata was found."",""limitations"":""Metadata can be absent, stripped, or forged; untrusted claims do not establish origin.""}"
probe_eval_data/fake_sd35/r116ce066t.png,r116ce066t,r116ce066t,r116ce066t:sd3_5,1,sd3_5,0.9999387264251709,1,1,0.9997419714927673,1,1,0.49974197149276733,-0.9808278679847717,0,0,0.9596535563468933,1,1,0,none,none,"{""tool"":""PatchCraft"",""evidence_type"":""local_texture"",""verdict"":""fake"",""score"":0.9997419714927673,""strength"":""weak"",""observation"":""Official PatchCraft binary output; raw sigmoid score retained."",""limitations"":""Patch/residual evidence may be affected by resizing or compression.""}","{""tool"":""RIGID"",""evidence_type"":""perturbation_stability"",""verdict"":""real"",""score"":-0.9808278679847717,""strength"":""weak"",""observation"":""Official DINOv2 representation stability under the fixed perturbation."",""limitations"":""The fixed binary operating point was estimated on separate calibration groups.""}","{""tool"":""ProvenanceInspector"",""evidence_type"":""none"",""verdict"":""inconclusive"",""score"":null,""strength"":""none"",""observation"":""No C2PA claim or usable origin-bearing metadata was found."",""limitations"":""Metadata can be absent, stripped, or forged; untrusted claims do not establish origin.""}"
probe_eval_data/real/r150058a4t.png,r150058a4t,r150058a4t,r150058a4t:raise,0,raise,0.0004888072144240141,0,1,0.5067023634910583,1,0,0.00670236349105835,-0.9969645738601685,0,1,0.9359712600708008,0,1,0,none,none,"{""tool"":""PatchCraft"",""evidence_type"":""local_texture"",""verdict"":""fake"",""score"":0.5067023634910583,""strength"":""weak"",""observation"":""Official PatchCraft binary output; raw sigmoid score retained."",""limitations"":""Patch/residual evidence may be affected by resizing or compression.""}","{""tool"":""RIGID"",""evidence_type"":""perturbation_stability"",""verdict"":""real"",""score"":-0.9969645738601685,""strength"":""weak"",""observation"":""Official DINOv2 representation stability under the fixed perturbation."",""limitations"":""The fixed binary operating point was estimated on separate calibration groups.""}","{""tool"":""ProvenanceInspector"",""evidence_type"":""none"",""verdict"":""inconclusive"",""score"":null,""strength"":""none"",""observation"":""No C2PA claim or usable origin-bearing metadata was found."",""limitations"":""Metadata can be absent, stripped, or forged; untrusted claims do not establish origin.""}"
probe_eval_data/fake_flux/r150058a4t.png,r150058a4t,r150058a4t,r150058a4t:flux,1,flux,0.9988017082214355,1,1,0.9999078512191772,1,1,0.49990785121917725,-0.9915930032730103,0,0,0.946256160736084,0,0,0,none,none,"{""tool"":""PatchCraft"",""evidence_type"":""local_texture"",""verdict"":""fake"",""score"":0.9999078512191772,""strength"":""weak"",""observation"":""Official PatchCraft binary output; raw sigmoid score retained."",""limitations"":""Patch/residual evidence may be affected by resizing or compression.""}","{""tool"":""RIGID"",""evidence_type"":""perturbation_stability"",""verdict"":""real"",""score"":-0.9915930032730103,""strength"":""weak"",""observation"":""Official DINOv2 representation stability under the fixed perturbation."",""limitations"":""The fixed binary operating point was estimated on separate calibration groups.""}","{""tool"":""ProvenanceInspector"",""evidence_type"":""none"",""verdict"":""inconclusive"",""score"":null,""strength"":""none"",""observation"":""No C2PA claim or usable origin-bearing metadata was found."",""limitations"":""Metadata can be absent, stripped, or forged; untrusted claims do not establish origin.""}"
probe_eval_data/fake_sd35/r150058a4t.png,r150058a4t,r150058a4t,r150058a4t:sd3_5,1,sd3_5,0.999923825263977,1,1,0.9999756813049316,1,1,0.49997568130493164,-0.995803952217102,0,0,0.9426420331001282,0,0,0,none,none,"{""tool"":""PatchCraft"",""evidence_type"":""local_texture"",""verdict"":""fake"",""score"":0.9999756813049316,""strength"":""weak"",""observation"":""Official PatchCraft binary output; raw sigmoid score retained."",""limitations"":""Patch/residual evidence may be affected by resizing or compression.""}","{""tool"":""RIGID"",""evidence_type"":""perturbation_stability"",""verdict"":""real"",""score"":-0.995803952217102,""strength"":""weak"",""observation"":""Official DINOv2 representation stability under the fixed perturbation."",""limitations"":""The fixed binary operating point was estimated on separate calibration groups.""}","{""tool"":""ProvenanceInspector"",""evidence_type"":""none"",""verdict"":""inconclusive"",""score"":null,""strength"":""none"",""observation"":""No C2PA claim or usable origin-bearing metadata was found."",""limitations"":""Metadata can be absent, stripped, or forged; untrusted claims do not establish origin.""}"
probe_eval_data/real/r0ed019a4t.png,r0ed019a4t,r0ed019a4t,r0ed019a4t:raise,0,raise,3.971577825723216e-05,0,1,0.9999992847442627,1,0,0.4999992847442627,-0.9800875186920166,0,1,0.8867301940917969,0,1,0,none,none,"{""tool"":""PatchCraft"",""evidence_type"":""local_texture"",""verdict"":""fake"",""score"":0.9999992847442627,""strength"":""weak"",""observation"":""Official PatchCraft binary output; raw sigmoid score retained."",""limitations"":""Patch/residual evidence may be affected by resizing or compression.""}","{""tool"":""RIGID"",""evidence_type"":""perturbation_stability"",""verdict"":""real"",""score"":-0.9800875186920166,""strength"":""weak"",""observation"":""Official DINOv2 representation stability under the fixed perturbation."",""limitations"":""The fixed binary operating point was estimated on separate calibration groups.""}","{""tool"":""ProvenanceInspector"",""evidence_type"":""none"",""verdict"":""inconclusive"",""score"":null,""strength"":""none"",""observation"":""No C2PA claim or usable origin-bearing metadata was found."",""limitations"":""Metadata can be absent, stripped, or forged; untrusted claims do not establish origin.""}"
probe_eval_data/fake_flux/r0ed019a4t.png,r0ed019a4t,r0ed019a4t,r0ed019a4t:flux,1,flux,0.999691367149353,1,1,0.9924516081809998,1,1,0.49245160818099976,-0.9899907112121582,0,0,0.9314755797386169,0,0,0,none,none,"{""tool"":""PatchCraft"",""evidence_type"":""local_texture"",""verdict"":""fake"",""score"":0.9924516081809998,""strength"":""weak"",""observation"":""Official PatchCraft binary output; raw sigmoid score retained."",""limitations"":""Patch/residual evidence may be affected by resizing or compression.""}","{""tool"":""RIGID"",""evidence_type"":""perturbation_stability"",""verdict"":""real"",""score"":-0.9899907112121582,""strength"":""weak"",""observation"":""Official DINOv2 representation stability under the fixed perturbation."",""limitations"":""The fixed binary operating point was estimated on separate calibration groups.""}","{""tool"":""ProvenanceInspector"",""evidence_type"":""none"",""verdict"":""inconclusive"",""score"":null,""strength"":""none"",""observation"":""No C2PA claim or usable origin-bearing metadata was found."",""limitations"":""Metadata can be absent, stripped, or forged; untrusted claims do not establish origin.""}"
probe_eval_data/fake_sd35/r0ed019a4t.png,r0ed019a4t,r0ed019a4t,r0ed019a4t:sd3_5,1,sd3_5,0.9999356269836426,1,1,0.4717457890510559,0,0,0.028254210948944092,-0.9956856966018677,0,0,0.9628238081932068,1,1,0,none,none,"{""tool"":""PatchCraft"",""evidence_type"":""local_texture"",""verdict"":""real"",""score"":0.4717457890510559,""strength"":""weak"",""observation"":""Official PatchCraft binary output; raw sigmoid score retained."",""limitations"":""Patch/residual evidence may be affected by resizing or compression.""}","{""tool"":""RIGID"",""evidence_type"":""perturbation_stability"",""verdict"":""real"",""score"":-0.9956856966018677,""strength"":""weak"",""observation"":""Official DINOv2 representation stability under the fixed perturbation."",""limitations"":""The fixed binary operating point was estimated on separate calibration groups.""}","{""tool"":""ProvenanceInspector"",""evidence_type"":""none"",""verdict"":""inconclusive"",""score"":null,""strength"":""none"",""observation"":""No C2PA claim or usable origin-bearing metadata was found."",""limitations"":""Metadata can be absent, stripped, or forged; untrusted claims do not establish origin.""}"
probe_eval_data/real/r1aa53167t.png,r1aa53167t,r1aa53167t,r1aa53167t:raise,0,raise,5.03691662743222e-05,0,1,0.9895498752593994,1,0,0.4895498752593994,-0.9844068884849548,0,1,0.4367068409919739,0,1,0,none,none,"{""tool"":""PatchCraft"",""evidence_type"":""local_texture"",""verdict"":""fake"",""score"":0.9895498752593994,""strength"":""weak"",""observation"":""Official PatchCraft binary output; raw sigmoid score retained."",""limitations"":""Patch/residual evidence may be affected by resizing or compression.""}","{""tool"":""RIGID"",""evidence_type"":""perturbation_stability"",""verdict"":""real"",""score"":-0.9844068884849548,""strength"":""weak"",""observation"":""Official DINOv2 representation stability under the fixed perturbation."",""limitations"":""The fixed binary operating point was estimated on separate calibration groups.""}","{""tool"":""ProvenanceInspector"",""evidence_type"":""none"",""verdict"":""inconclusive"",""score"":null,""strength"":""none"",""observation"":""No C2PA claim or usable origin-bearing metadata was found."",""limitations"":""Metadata can be absent, stripped, or forged; untrusted claims do not establish origin.""}"
probe_eval_data/fake_flux/r1aa53167t.png,r1aa53167t,r1aa53167t,r1aa53167t:flux,1,flux,0.9969466328620911,1,1,0.9999998807907104,1,1,0.49999988079071045,-0.9965800046920776,0,0,0.9304484724998474,0,0,0,none,none,"{""tool"":""PatchCraft"",""evidence_type"":""local_texture"",""verdict"":""fake"",""score"":0.9999998807907104,""strength"":""weak"",""observation"":""Official PatchCraft binary output; raw sigmoid score retained."",""limitations"":""Patch/residual evidence may be affected by resizing or compression.""}","{""tool"":""RIGID"",""evidence_type"":""perturbation_stability"",""verdict"":""real"",""score"":-0.9965800046920776,""strength"":""weak"",""observation"":""Official DINOv2 representation stability under the fixed perturbation."",""limitations"":""The fixed binary operating point was estimated on separate calibration groups.""}","{""tool"":""ProvenanceInspector"",""evidence_type"":""none"",""verdict"":""inconclusive"",""score"":null,""strength"":""none"",""observation"":""No C2PA claim or usable origin-bearing metadata was found."",""limitations"":""Metadata can be absent, stripped, or forged; untrusted claims do not establish origin.""}"
probe_eval_data/fake_sd35/r1aa53167t.png,r1aa53167t,r1aa53167t,r1aa53167t:sd3_5,1,sd3_5,0.999958872795105,1,1,0.9991707801818848,1,1,0.49917078018188477,-0.9973978996276855,0,0,0.9736287593841553,1,1,0,none,none,"{""tool"":""PatchCraft"",""evidence_type"":""local_texture"",""verdict"":""fake"",""score"":0.9991707801818848,""strength"":""weak"",""observation"":""Official PatchCraft binary output; raw sigmoid score retained."",""limitations"":""Patch/residual evidence may be affected by resizing or compression.""}","{""tool"":""RIGID"",""evidence_type"":""perturbation_stability"",""verdict"":""real"",""score"":-0.9973978996276855,""strength"":""weak"",""observation"":""Official DINOv2 representation stability under the fixed perturbation."",""limitations"":""The fixed binary operating point was estimated on separate calibration groups.""}","{""tool"":""ProvenanceInspector"",""evidence_type"":""none"",""verdict"":""inconclusive"",""score"":null,""strength"":""none"",""observation"":""No C2PA claim or usable origin-bearing metadata was found."",""limitations"":""Metadata can be absent, stripped, or forged; untrusted claims do not establish origin.""}"
probe_eval_data/real/r0a54ed98t.png,r0a54ed98t,r0a54ed98t,r0a54ed98t:raise,0,raise,0.00013856067380402237,0,1,0.34533047676086426,0,1,0.15466952323913574,-0.9872021675109863,0,1,0.5400547385215759,0,1,0,none,none,"{""tool"":""PatchCraft"",""evidence_type"":""local_texture"",""verdict"":""real"",""score"":0.34533047676086426,""strength"":""weak"",""observation"":""Official PatchCraft binary output; raw sigmoid score retained."",""limitations"":""Patch/residual evidence may be affected by resizing or compression.""}","{""tool"":""RIGID"",""evidence_type"":""perturbation_stability"",""verdict"":""real"",""score"":-0.9872021675109863,""strength"":""weak"",""observation"":""Official DINOv2 representation stability under the fixed perturbation."",""limitations"":""The fixed binary operating point was estimated on separate calibration groups.""}","{""tool"":""ProvenanceInspector"",""evidence_type"":""none"",""verdict"":""inconclusive"",""score"":null,""strength"":""none"",""observation"":""No C2PA claim or usable origin-bearing metadata was found."",""limitations"":""Metadata can be absent, stripped, or forged; untrusted claims do not establish origin.""}"
probe_eval_data/fake_flux/r0a54ed98t.png,r0a54ed98t,r0a54ed98t,r0a54ed98t:flux,1,flux,0.9975138902664185,1,1,0.5894412398338318,1,1,0.08944123983383179,-0.9741238355636597,0,0,0.9559993147850037,0,0,0,none,none,"{""tool"":""PatchCraft"",""evidence_type"":""local_texture"",""verdict"":""fake"",""score"":0.5894412398338318,""strength"":""weak"",""observation"":""Official PatchCraft binary output; raw sigmoid score retained."",""limitations"":""Patch/residual evidence may be affected by resizing or compression.""}","{""tool"":""RIGID"",""evidence_type"":""perturbation_stability"",""verdict"":""real"",""score"":-0.9741238355636597,""strength"":""weak"",""observation"":""Official DINOv2 representation stability under the fixed perturbation."",""limitations"":""The fixed binary operating point was estimated on separate calibration groups.""}","{""tool"":""ProvenanceInspector"",""evidence_type"":""none"",""verdict"":""inconclusive"",""score"":null,""strength"":""none"",""observation"":""No C2PA claim or usable origin-bearing metadata was found."",""limitations"":""Metadata can be absent, stripped, or forged; untrusted claims do not establish origin.""}"
probe_eval_data/fake_sd35/r0a54ed98t.png,r0a54ed98t,r0a54ed98t,r0a54ed98t:sd3_5,1,sd3_5,0.9957379102706909,1,1,0.25731712579727173,0,0,0.24268287420272827,-0.9952431917190552,0,0,0.8783907294273376,0,0,0,none,none,"{""tool"":""PatchCraft"",""evidence_type"":""local_texture"",""verdict"":""real"",""score"":0.25731712579727173,""strength"":""weak"",""observation"":""Official PatchCraft binary output; raw sigmoid score retained."",""limitations"":""Patch/residual evidence may be affected by resizing or compression.""}","{""tool"":""RIGID"",""evidence_type"":""perturbation_stability"",""verdict"":""real"",""score"":-0.9952431917190552,""strength"":""weak"",""observation"":""Official DINOv2 representation stability under the fixed perturbation."",""limitations"":""The fixed binary operating point was estimated on separate calibration groups.""}","{""tool"":""ProvenanceInspector"",""evidence_type"":""none"",""verdict"":""inconclusive"",""score"":null,""strength"":""none"",""observation"":""No C2PA claim or usable origin-bearing metadata was found."",""limitations"":""Metadata can be absent, stripped, or forged; untrusted claims do not establish origin.""}"
probe_eval_data/real/r06b7849at.png,r06b7849at,r06b7849at,r06b7849at:raise,0,raise,0.0008708920795470476,0,1,1.0,1,0,0.5,-0.9867967963218689,0,1,0.5953165292739868,0,1,0,none,none,"{""tool"":""PatchCraft"",""evidence_type"":""local_texture"",""verdict"":""fake"",""score"":1.0,""strength"":""weak"",""observation"":""Official PatchCraft binary output; raw sigmoid score retained."",""limitations"":""Patch/residual evidence may be affected by resizing or compression.""}","{""tool"":""RIGID"",""evidence_type"":""perturbation_stability"",""verdict"":""real"",""score"":-0.9867967963218689,""strength"":""weak"",""observation"":""Official DINOv2 representation stability under the fixed perturbation."",""limitations"":""The fixed binary operating point was estimated on separate calibration groups.""}","{""tool"":""ProvenanceInspector"",""evidence_type"":""none"",""verdict"":""inconclusive"",""score"":null,""strength"":""none"",""observation"":""No C2PA claim or usable origin-bearing metadata was found."",""limitations"":""Metadata can be absent, stripped, or forged; untrusted claims do not establish origin.""}"
probe_eval_data/fake_flux/r06b7849at.png,r06b7849at,r06b7849at,r06b7849at:flux,1,flux,0.9993600249290466,1,1,0.9989047050476074,1,1,0.4989047050476074,-0.9195715188980103,1,1,0.9200030565261841,0,0,0,none,none,"{""tool"":""PatchCraft"",""evidence_type"":""local_texture"",""verdict"":""fake"",""score"":0.9989047050476074,""strength"":""weak"",""observation"":""Official PatchCraft binary output; raw sigmoid score retained."",""limitations"":""Patch/residual evidence may be affected by resizing or compression.""}","{""tool"":""RIGID"",""evidence_type"":""perturbation_stability"",""verdict"":""fake"",""score"":-0.9195715188980103,""strength"":""weak"",""observation"":""Official DINOv2 representation stability under the fixed perturbation."",""limitations"":""The fixed binary operating point was estimated on separate calibration groups.""}","{""tool"":""ProvenanceInspector"",""evidence_type"":""none"",""verdict"":""inconclusive"",""score"":null,""strength"":""none"",""observation"":""No C2PA claim or usable origin-bearing metadata was found."",""limitations"":""Metadata can be absent, stripped, or forged; untrusted claims do not establish origin.""}"
probe_eval_data/fake_sd35/r06b7849at.png,r06b7849at,r06b7849at,r06b7849at:sd3_5,1,sd3_5,0.9999115467071533,1,1,0.9999902248382568,1,1,0.49999022483825684,-0.9903914332389832,0,0,0.49509429931640625,0,0,0,none,none,"{""tool"":""PatchCraft"",""evidence_type"":""local_texture"",""verdict"":""fake"",""score"":0.9999902248382568,""strength"":""weak"",""observation"":""Official PatchCraft binary output; raw sigmoid score retained."",""limitations"":""Patch/residual evidence may be affected by resizing or compression.""}","{""tool"":""RIGID"",""evidence_type"":""perturbation_stability"",""verdict"":""real"",""score"":-0.9903914332389832,""strength"":""weak"",""observation"":""Official DINOv2 representation stability under the fixed perturbation."",""limitations"":""The fixed binary operating point was estimated on separate calibration groups.""}","{""tool"":""ProvenanceInspector"",""evidence_type"":""none"",""verdict"":""inconclusive"",""score"":null,""strength"":""none"",""observation"":""No C2PA claim or usable origin-bearing metadata was found."",""limitations"":""Metadata can be absent, stripped, or forged; untrusted claims do not establish origin.""}"
probe_eval_data/real/r066ef803t.png,r066ef803t,r066ef803t,r066ef803t:raise,0,raise,0.0005693641724064946,0,1,0.996711254119873,1,0,0.49671125411987305,-0.9862589240074158,0,1,0.8716931939125061,0,1,0,none,none,"{""tool"":""PatchCraft"",""evidence_type"":""local_texture"",""verdict"":""fake"",""score"":0.996711254119873,""strength"":""weak"",""observation"":""Official PatchCraft binary output; raw sigmoid score retained."",""limitations"":""Patch/residual evidence may be affected by resizing or compression.""}","{""tool"":""RIGID"",""evidence_type"":""perturbation_stability"",""verdict"":""real"",""score"":-0.9862589240074158,""strength"":""weak"",""observation"":""Official DINOv2 representation stability under the fixed perturbation."",""limitations"":""The fixed binary operating point was estimated on separate calibration groups.""}","{""tool"":""ProvenanceInspector"",""evidence_type"":""none"",""verdict"":""inconclusive"",""score"":null,""strength"":""none"",""observation"":""No C2PA claim or usable origin-bearing metadata was found."",""limitations"":""Metadata can be absent, stripped, or forged; untrusted claims do not establish origin.""}"
probe_eval_data/fake_flux/r066ef803t.png,r066ef803t,r066ef803t,r066ef803t:flux,1,flux,0.911363422870636,1,1,0.9986041188240051,1,1,0.4986041188240051,-0.9189795851707458,1,1,0.9479186534881592,0,0,0,none,none,"{""tool"":""PatchCraft"",""evidence_type"":""local_texture"",""verdict"":""fake"",""score"":0.9986041188240051,""strength"":""weak"",""observation"":""Official PatchCraft binary output; raw sigmoid score retained."",""limitations"":""Patch/residual evidence may be affected by resizing or compression.""}","{""tool"":""RIGID"",""evidence_type"":""perturbation_stability"",""verdict"":""fake"",""score"":-0.9189795851707458,""strength"":""weak"",""observation"":""Official DINOv2 representation stability under the fixed perturbation."",""limitations"":""The fixed binary operating point was estimated on separate calibration groups.""}","{""tool"":""ProvenanceInspector"",""evidence_type"":""none"",""verdict"":""inconclusive"",""score"":null,""strength"":""none"",""observation"":""No C2PA claim or usable origin-bearing metadata was found."",""limitations"":""Metadata can be absent, stripped, or forged; untrusted claims do not establish origin.""}"
probe_eval_data/fake_sd35/r066ef803t.png,r066ef803t,r066ef803t,r066ef803t:sd3_5,1,sd3_5,0.9999129772186279,1,1,1.0,1,1,0.5,-0.9937971830368042,0,0,0.9457384347915649,0,0,0,none,none,"{""tool"":""PatchCraft"",""evidence_type"":""local_texture"",""verdict"":""fake"",""score"":1.0,""strength"":""weak"",""observation"":""Official PatchCraft binary output; raw sigmoid score retained."",""limitations"":""Patch/residual evidence may be affected by resizing or compression.""}","{""tool"":""RIGID"",""evidence_type"":""perturbation_stability"",""verdict"":""real"",""score"":-0.9937971830368042,""strength"":""weak"",""observation"":""Official DINOv2 representation stability under the fixed perturbation."",""limitations"":""The fixed binary operating point was estimated on separate calibration groups.""}","{""tool"":""ProvenanceInspector"",""evidence_type"":""none"",""verdict"":""inconclusive"",""score"":null,""strength"":""none"",""observation"":""No C2PA claim or usable origin-bearing metadata was found."",""limitations"":""Metadata can be absent, stripped, or forged; untrusted claims do not establish origin.""}"
probe_eval_data/real/r1717ae55t.png,r1717ae55t,r1717ae55t,r1717ae55t:raise,0,raise,0.0008358083432540298,0,1,0.7613736987113953,1,0,0.26137369871139526,-0.9930633306503296,0,1,0.8622638583183289,0,1,0,none,none,"{""tool"":""PatchCraft"",""evidence_type"":""local_texture"",""verdict"":""fake"",""score"":0.7613736987113953,""strength"":""weak"",""observation"":""Official PatchCraft binary output; raw sigmoid score retained."",""limitations"":""Patch/residual evidence may be affected by resizing or compression.""}","{""tool"":""RIGID"",""evidence_type"":""perturbation_stability"",""verdict"":""real"",""score"":-0.9930633306503296,""strength"":""weak"",""observation"":""Official DINOv2 representation stability under the fixed perturbation."",""limitations"":""The fixed binary operating point was estimated on separate calibration groups.""}","{""tool"":""ProvenanceInspector"",""evidence_type"":""none"",""verdict"":""inconclusive"",""score"":null,""strength"":""none"",""observation"":""No C2PA claim or usable origin-bearing metadata was found."",""limitations"":""Metadata can be absent, stripped, or forged; untrusted claims do not establish origin.""}"
probe_eval_data/fake_flux/r1717ae55t.png,r1717ae55t,r1717ae55t,r1717ae55t:flux,1,flux,0.9673200249671936,1,1,0.941067099571228,1,1,0.441067099571228,-0.9935213327407837,0,0,0.5727086067199707,0,0,0,none,none,"{""tool"":""PatchCraft"",""evidence_type"":""local_texture"",""verdict"":""fake"",""score"":0.941067099571228,""strength"":""weak"",""observation"":""Official PatchCraft binary output; raw sigmoid score retained."",""limitations"":""Patch/residual evidence may be affected by resizing or compression.""}","{""tool"":""RIGID"",""evidence_type"":""perturbation_stability"",""verdict"":""real"",""score"":-0.9935213327407837,""strength"":""weak"",""observation"":""Official DINOv2 representation stability under the fixed perturbation."",""limitations"":""The fixed binary operating point was estimated on separate calibration groups.""}","{""tool"":""ProvenanceInspector"",""evidence_type"":""none"",""verdict"":""inconclusive"",""score"":null,""strength"":""none"",""observation"":""No C2PA claim or usable origin-bearing metadata was found."",""limitations"":""Metadata can be absent, stripped, or forged; untrusted claims do not establish origin.""}"
probe_eval_data/fake_sd35/r1717ae55t.png,r1717ae55t,r1717ae55t,r1717ae55t:sd3_5,1,sd3_5,0.9005926251411438,1,1,0.969843864440918,1,1,0.46984386444091797,-0.9912563562393188,0,0,0.927120566368103,0,0,0,none,none,"{""tool"":""PatchCraft"",""evidence_type"":""local_texture"",""verdict"":""fake"",""score"":0.969843864440918,""strength"":""weak"",""observation"":""Official PatchCraft binary output; raw sigmoid score retained."",""limitations"":""Patch/residual evidence may be affected by resizing or compression.""}","{""tool"":""RIGID"",""evidence_type"":""perturbation_stability"",""verdict"":""real"",""score"":-0.9912563562393188,""strength"":""weak"",""observation"":""Official DINOv2 representation stability under the fixed perturbation."",""limitations"":""The fixed binary operating point was estimated on separate calibration groups.""}","{""tool"":""ProvenanceInspector"",""evidence_type"":""none"",""verdict"":""inconclusive"",""score"":null,""strength"":""none"",""observation"":""No C2PA claim or usable origin-bearing metadata was found."",""limitations"":""Metadata can be absent, stripped, or forged; untrusted claims do not establish origin.""}"
probe_eval_data/real/r021429abt.png,r021429abt,r021429abt,r021429abt:raise,0,raise,0.0010559115326032043,0,1,0.999987006187439,1,0,0.49998700618743896,-0.9929244518280029,0,1,0.8285382986068726,0,1,0,none,none,"{""tool"":""PatchCraft"",""evidence_type"":""local_texture"",""verdict"":""fake"",""score"":0.999987006187439,""strength"":""weak"",""observation"":""Official PatchCraft binary output; raw sigmoid score retained."",""limitations"":""Patch/residual evidence may be affected by resizing or compression.""}","{""tool"":""RIGID"",""evidence_type"":""perturbation_stability"",""verdict"":""real"",""score"":-0.9929244518280029,""strength"":""weak"",""observation"":""Official DINOv2 representation stability under the fixed perturbation."",""limitations"":""The fixed binary operating point was estimated on separate calibration groups.""}","{""tool"":""ProvenanceInspector"",""evidence_type"":""none"",""verdict"":""inconclusive"",""score"":null,""strength"":""none"",""observation"":""No C2PA claim or usable origin-bearing metadata was found."",""limitations"":""Metadata can be absent, stripped, or forged; untrusted claims do not establish origin.""}"
probe_eval_data/fake_flux/r021429abt.png,r021429abt,r021429abt,r021429abt:flux,1,flux,0.9939715266227722,1,1,0.9964810609817505,1,1,0.4964810609817505,-0.9790915846824646,0,0,0.9291884899139404,0,0,0,none,none,"{""tool"":""PatchCraft"",""evidence_type"":""local_texture"",""verdict"":""fake"",""score"":0.9964810609817505,""strength"":""weak"",""observation"":""Official PatchCraft binary output; raw sigmoid score retained."",""limitations"":""Patch/residual evidence may be affected by resizing or compression.""}","{""tool"":""RIGID"",""evidence_type"":""perturbation_stability"",""verdict"":""real"",""score"":-0.9790915846824646,""strength"":""weak"",""observation"":""Official DINOv2 representation stability under the fixed perturbation."",""limitations"":""The fixed binary operating point was estimated on separate calibration groups.""}","{""tool"":""ProvenanceInspector"",""evidence_type"":""none"",""verdict"":""inconclusive"",""score"":null,""strength"":""none"",""observation"":""No C2PA claim or usable origin-bearing metadata was found."",""limitations"":""Metadata can be absent, stripped, or forged; untrusted claims do not establish origin.""}"
probe_eval_data/fake_sd35/r021429abt.png,r021429abt,r021429abt,r021429abt:sd3_5,1,sd3_5,0.9996672868728638,1,1,0.9999997615814209,1,1,0.4999997615814209,-0.9908397197723389,0,0,0.8597109317779541,0,0,0,none,none,"{""tool"":""PatchCraft"",""evidence_type"":""local_texture"",""verdict"":""fake"",""score"":0.9999997615814209,""strength"":""weak"",""observation"":""Official PatchCraft binary output; raw sigmoid score retained."",""limitations"":""Patch/residual evidence may be affected by resizing or compression.""}","{""tool"":""RIGID"",""evidence_type"":""perturbation_stability"",""verdict"":""real"",""score"":-0.9908397197723389,""strength"":""weak"",""observation"":""Official DINOv2 representation stability under the fixed perturbation."",""limitations"":""The fixed binary operating point was estimated on separate calibration groups.""}","{""tool"":""ProvenanceInspector"",""evidence_type"":""none"",""verdict"":""inconclusive"",""score"":null,""strength"":""none"",""observation"":""No C2PA claim or usable origin-bearing metadata was found."",""limitations"":""Metadata can be absent, stripped, or forged; untrusted claims do not establish origin.""}"
probe_eval_data/real/r1e698e5dt.png,r1e698e5dt,r1e698e5dt,r1e698e5dt:raise,0,raise,0.000651675567496568,0,1,0.9553099274635315,1,0,0.4553099274635315,-0.9939156770706177,0,1,0.9792796969413757,1,0,0,none,none,"{""tool"":""PatchCraft"",""evidence_type"":""local_texture"",""verdict"":""fake"",""score"":0.9553099274635315,""strength"":""weak"",""observation"":""Official PatchCraft binary output; raw sigmoid score retained."",""limitations"":""Patch/residual evidence may be affected by resizing or compression.""}","{""tool"":""RIGID"",""evidence_type"":""perturbation_stability"",""verdict"":""real"",""score"":-0.9939156770706177,""strength"":""weak"",""observation"":""Official DINOv2 representation stability under the fixed perturbation."",""limitations"":""The fixed binary operating point was estimated on separate calibration groups.""}","{""tool"":""ProvenanceInspector"",""evidence_type"":""none"",""verdict"":""inconclusive"",""score"":null,""strength"":""none"",""observation"":""No C2PA claim or usable origin-bearing metadata was found."",""limitations"":""Metadata can be absent, stripped, or forged; untrusted claims do not establish origin.""}"
probe_eval_data/fake_flux/r1e698e5dt.png,r1e698e5dt,r1e698e5dt,r1e698e5dt:flux,1,flux,0.9977906942367554,1,1,0.33727961778640747,0,0,0.16272038221359253,-0.9931491017341614,0,0,0.945158839225769,0,0,0,none,none,"{""tool"":""PatchCraft"",""evidence_type"":""local_texture"",""verdict"":""real"",""score"":0.33727961778640747,""strength"":""weak"",""observation"":""Official PatchCraft binary output; raw sigmoid score retained."",""limitations"":""Patch/residual evidence may be affected by resizing or compression.""}","{""tool"":""RIGID"",""evidence_type"":""perturbation_stability"",""verdict"":""real"",""score"":-0.9931491017341614,""strength"":""weak"",""observation"":""Official DINOv2 representation stability under the fixed perturbation."",""limitations"":""The fixed binary operating point was estimated on separate calibration groups.""}","{""tool"":""ProvenanceInspector"",""evidence_type"":""none"",""verdict"":""inconclusive"",""score"":null,""strength"":""none"",""observation"":""No C2PA claim or usable origin-bearing metadata was found."",""limitations"":""Metadata can be absent, stripped, or forged; untrusted claims do not establish origin.""}"
probe_eval_data/fake_sd35/r1e698e5dt.png,r1e698e5dt,r1e698e5dt,r1e698e5dt:sd3_5,1,sd3_5,0.9921401143074036,1,1,0.9984018206596375,1,1,0.49840182065963745,-0.9860827922821045,0,0,0.942820131778717,0,0,0,none,none,"{""tool"":""PatchCraft"",""evidence_type"":""local_texture"",""verdict"":""fake"",""score"":0.9984018206596375,""strength"":""weak"",""observation"":""Official PatchCraft binary output; raw sigmoid score retained."",""limitations"":""Patch/residual evidence may be affected by resizing or compression.""}","{""tool"":""RIGID"",""evidence_type"":""perturbation_stability"",""verdict"":""real"",""score"":-0.9860827922821045,""strength"":""weak"",""observation"":""Official DINOv2 representation stability under the fixed perturbation."",""limitations"":""The fixed binary operating point was estimated on separate calibration groups.""}","{""tool"":""ProvenanceInspector"",""evidence_type"":""none"",""verdict"":""inconclusive"",""score"":null,""strength"":""none"",""observation"":""No C2PA claim or usable origin-bearing metadata was found."",""limitations"":""Metadata can be absent, stripped, or forged; untrusted claims do not establish origin.""}"
probe_eval_data/real/r1554cfadt.png,r1554cfadt,r1554cfadt,r1554cfadt:raise,0,raise,0.0003498070582281798,0,1,0.9999994039535522,1,0,0.49999940395355225,-0.9858593344688416,0,1,0.966555118560791,1,0,0,none,none,"{""tool"":""PatchCraft"",""evidence_type"":""local_texture"",""verdict"":""fake"",""score"":0.9999994039535522,""strength"":""weak"",""observation"":""Official PatchCraft binary output; raw sigmoid score retained."",""limitations"":""Patch/residual evidence may be affected by resizing or compression.""}","{""tool"":""RIGID"",""evidence_type"":""perturbation_stability"",""verdict"":""real"",""score"":-0.9858593344688416,""strength"":""weak"",""observation"":""Official DINOv2 representation stability under the fixed perturbation."",""limitations"":""The fixed binary operating point was estimated on separate calibration groups.""}","{""tool"":""ProvenanceInspector"",""evidence_type"":""none"",""verdict"":""inconclusive"",""score"":null,""strength"":""none"",""observation"":""No C2PA claim or usable origin-bearing metadata was found."",""limitations"":""Metadata can be absent, stripped, or forged; untrusted claims do not establish origin.""}"
probe_eval_data/fake_flux/r1554cfadt.png,r1554cfadt,r1554cfadt,r1554cfadt:flux,1,flux,0.9988526105880737,1,1,0.2401362955570221,0,0,0.2598637044429779,-0.9832062721252441,0,0,0.9159491658210754,0,0,0,none,none,"{""tool"":""PatchCraft"",""evidence_type"":""local_texture"",""verdict"":""real"",""score"":0.2401362955570221,""strength"":""weak"",""observation"":""Official PatchCraft binary output; raw sigmoid score retained."",""limitations"":""Patch/residual evidence may be affected by resizing or compression.""}","{""tool"":""RIGID"",""evidence_type"":""perturbation_stability"",""verdict"":""real"",""score"":-0.9832062721252441,""strength"":""weak"",""observation"":""Official DINOv2 representation stability under the fixed perturbation."",""limitations"":""The fixed binary operating point was estimated on separate calibration groups.""}","{""tool"":""ProvenanceInspector"",""evidence_type"":""none"",""verdict"":""inconclusive"",""score"":null,""strength"":""none"",""observation"":""No C2PA claim or usable origin-bearing metadata was found."",""limitations"":""Metadata can be absent, stripped, or forged; untrusted claims do not establish origin.""}"
probe_eval_data/fake_sd35/r1554cfadt.png,r1554cfadt,r1554cfadt,r1554cfadt:sd3_5,1,sd3_5,0.9989258646965027,1,1,0.9999998807907104,1,1,0.49999988079071045,-0.98987877368927,0,0,0.9103538990020752,0,0,0,none,none,"{""tool"":""PatchCraft"",""evidence_type"":""local_texture"",""verdict"":""fake"",""score"":0.9999998807907104,""strength"":""weak"",""observation"":""Official PatchCraft binary output; raw sigmoid score retained."",""limitations"":""Patch/residual evidence may be affected by resizing or compression.""}","{""tool"":""RIGID"",""evidence_type"":""perturbation_stability"",""verdict"":""real"",""score"":-0.98987877368927,""strength"":""weak"",""observation"":""Official DINOv2 representation stability under the fixed perturbation."",""limitations"":""The fixed binary operating point was estimated on separate calibration groups.""}","{""tool"":""ProvenanceInspector"",""evidence_type"":""none"",""verdict"":""inconclusive"",""score"":null,""strength"":""none"",""observation"":""No C2PA claim or usable origin-bearing metadata was found."",""limitations"":""Metadata can be absent, stripped, or forged; untrusted claims do not establish origin.""}"
probe_eval_data/real/r00c4a543t.png,r00c4a543t,r00c4a543t,r00c4a543t:raise,0,raise,0.00012124046770622954,0,1,0.9889206886291504,1,0,0.4889206886291504,-0.9896023273468018,0,1,0.7529852390289307,0,1,0,none,none,"{""tool"":""PatchCraft"",""evidence_type"":""local_texture"",""verdict"":""fake"",""score"":0.9889206886291504,""strength"":""weak"",""observation"":""Official PatchCraft binary output; raw sigmoid score retained."",""limitations"":""Patch/residual evidence may be affected by resizing or compression.""}","{""tool"":""RIGID"",""evidence_type"":""perturbation_stability"",""verdict"":""real"",""score"":-0.9896023273468018,""strength"":""weak"",""observation"":""Official DINOv2 representation stability under the fixed perturbation."",""limitations"":""The fixed binary operating point was estimated on separate calibration groups.""}","{""tool"":""ProvenanceInspector"",""evidence_type"":""none"",""verdict"":""inconclusive"",""score"":null,""strength"":""none"",""observation"":""No C2PA claim or usable origin-bearing metadata was found."",""limitations"":""Metadata can be absent, stripped, or forged; untrusted claims do not establish origin.""}"
probe_eval_data/fake_flux/r00c4a543t.png,r00c4a543t,r00c4a543t,r00c4a543t:flux,1,flux,0.9372506737709045,1,1,0.919980525970459,1,1,0.419980525970459,-0.9313318729400635,1,1,0.9545824527740479,0,0,0,none,none,"{""tool"":""PatchCraft"",""evidence_type"":""local_texture"",""verdict"":""fake"",""score"":0.919980525970459,""strength"":""weak"",""observation"":""Official PatchCraft binary output; raw sigmoid score retained."",""limitations"":""Patch/residual evidence may be affected by resizing or compression.""}","{""tool"":""RIGID"",""evidence_type"":""perturbation_stability"",""verdict"":""fake"",""score"":-0.9313318729400635,""strength"":""weak"",""observation"":""Official DINOv2 representation stability under the fixed perturbation."",""limitations"":""The fixed binary operating point was estimated on separate calibration groups.""}","{""tool"":""ProvenanceInspector"",""evidence_type"":""none"",""verdict"":""inconclusive"",""score"":null,""strength"":""none"",""observation"":""No C2PA claim or usable origin-bearing metadata was found."",""limitations"":""Metadata can be absent, stripped, or forged; untrusted claims do not establish origin.""}"
probe_eval_data/fake_sd35/r00c4a543t.png,r00c4a543t,r00c4a543t,r00c4a543t:sd3_5,1,sd3_5,0.9998660087585449,1,1,0.97298264503479,1,1,0.47298264503479004,-0.9790111780166626,0,0,0.8044074177742004,0,0,0,none,none,"{""tool"":""PatchCraft"",""evidence_type"":""local_texture"",""verdict"":""fake"",""score"":0.97298264503479,""strength"":""weak"",""observation"":""Official PatchCraft binary output; raw sigmoid score retained."",""limitations"":""Patch/residual evidence may be affected by resizing or compression.""}","{""tool"":""RIGID"",""evidence_type"":""perturbation_stability"",""verdict"":""real"",""score"":-0.9790111780166626,""strength"":""weak"",""observation"":""Official DINOv2 representation stability under the fixed perturbation."",""limitations"":""The fixed binary operating point was estimated on separate calibration groups.""}","{""tool"":""ProvenanceInspector"",""evidence_type"":""none"",""verdict"":""inconclusive"",""score"":null,""strength"":""none"",""observation"":""No C2PA claim or usable origin-bearing metadata was found."",""limitations"":""Metadata can be absent, stripped, or forged; untrusted claims do not establish origin.""}"
probe_eval_data/real/r1a020c3ft.png,r1a020c3ft,r1a020c3ft,r1a020c3ft:raise,0,raise,0.0009593500872142613,0,1,0.9992244243621826,1,0,0.4992244243621826,-0.9920486211776733,0,1,0.8603487610816956,0,1,0,none,none,"{""tool"":""PatchCraft"",""evidence_type"":""local_texture"",""verdict"":""fake"",""score"":0.9992244243621826,""strength"":""weak"",""observation"":""Official PatchCraft binary output; raw sigmoid score retained."",""limitations"":""Patch/residual evidence may be affected by resizing or compression.""}","{""tool"":""RIGID"",""evidence_type"":""perturbation_stability"",""verdict"":""real"",""score"":-0.9920486211776733,""strength"":""weak"",""observation"":""Official DINOv2 representation stability under the fixed perturbation."",""limitations"":""The fixed binary operating point was estimated on separate calibration groups.""}","{""tool"":""ProvenanceInspector"",""evidence_type"":""none"",""verdict"":""inconclusive"",""score"":null,""strength"":""none"",""observation"":""No C2PA claim or usable origin-bearing metadata was found."",""limitations"":""Metadata can be absent, stripped, or forged; untrusted claims do not establish origin.""}"
probe_eval_data/fake_flux/r1a020c3ft.png,r1a020c3ft,r1a020c3ft,r1a020c3ft:flux,1,flux,0.9998356103897095,1,1,0.9926337599754333,1,1,0.49263375997543335,-0.9922231435775757,0,0,0.951847493648529,0,0,0,none,none,"{""tool"":""PatchCraft"",""evidence_type"":""local_texture"",""verdict"":""fake"",""score"":0.9926337599754333,""strength"":""weak"",""observation"":""Official PatchCraft binary output; raw sigmoid score retained."",""limitations"":""Patch/residual evidence may be affected by resizing or compression.""}","{""tool"":""RIGID"",""evidence_type"":""perturbation_stability"",""verdict"":""real"",""score"":-0.9922231435775757,""strength"":""weak"",""observation"":""Official DINOv2 representation stability under the fixed perturbation."",""limitations"":""The fixed binary operating point was estimated on separate calibration groups.""}","{""tool"":""ProvenanceInspector"",""evidence_type"":""none"",""verdict"":""inconclusive"",""score"":null,""strength"":""none"",""observation"":""No C2PA claim or usable origin-bearing metadata was found."",""limitations"":""Metadata can be absent, stripped, or forged; untrusted claims do not establish origin.""}"
probe_eval_data/fake_sd35/r1a020c3ft.png,r1a020c3ft,r1a020c3ft,r1a020c3ft:sd3_5,1,sd3_5,0.9999651908874512,1,1,0.9995599389076233,1,1,0.4995599389076233,-0.9867302179336548,0,0,0.9613459706306458,1,1,0,none,none,"{""tool"":""PatchCraft"",""evidence_type"":""local_texture"",""verdict"":""fake"",""score"":0.9995599389076233,""strength"":""weak"",""observation"":""Official PatchCraft binary output; raw sigmoid score retained."",""limitations"":""Patch/residual evidence may be affected by resizing or compression.""}","{""tool"":""RIGID"",""evidence_type"":""perturbation_stability"",""verdict"":""real"",""score"":-0.9867302179336548,""strength"":""weak"",""observation"":""Official DINOv2 representation stability under the fixed perturbation."",""limitations"":""The fixed binary operating point was estimated on separate calibration groups.""}","{""tool"":""ProvenanceInspector"",""evidence_type"":""none"",""verdict"":""inconclusive"",""score"":null,""strength"":""none"",""observation"":""No C2PA claim or usable origin-bearing metadata was found."",""limitations"":""Metadata can be absent, stripped, or forged; untrusted claims do not establish origin.""}"
probe_eval_data/real/r0ebb0bb4t.png,r0ebb0bb4t,r0ebb0bb4t,r0ebb0bb4t:raise,0,raise,0.0001396948064211756,0,1,0.014570393599569798,0,1,0.4854296064004302,-0.9970040321350098,0,1,0.46803149580955505,0,1,0,none,none,"{""tool"":""PatchCraft"",""evidence_type"":""local_texture"",""verdict"":""real"",""score"":0.014570393599569798,""strength"":""weak"",""observation"":""Official PatchCraft binary output; raw sigmoid score retained."",""limitations"":""Patch/residual evidence may be affected by resizing or compression.""}","{""tool"":""RIGID"",""evidence_type"":""perturbation_stability"",""verdict"":""real"",""score"":-0.9970040321350098,""strength"":""weak"",""observation"":""Official DINOv2 representation stability under the fixed perturbation."",""limitations"":""The fixed binary operating point was estimated on separate calibration groups.""}","{""tool"":""ProvenanceInspector"",""evidence_type"":""none"",""verdict"":""inconclusive"",""score"":null,""strength"":""none"",""observation"":""No C2PA claim or usable origin-bearing metadata was found."",""limitations"":""Metadata can be absent, stripped, or forged; untrusted claims do not establish origin.""}"
probe_eval_data/fake_flux/r0ebb0bb4t.png,r0ebb0bb4t,r0ebb0bb4t,r0ebb0bb4t:flux,1,flux,0.9957725405693054,1,1,0.7197230458259583,1,1,0.21972304582595825,-0.9874612092971802,0,0,0.9652786254882812,1,1,0,none,none,"{""tool"":""PatchCraft"",""evidence_type"":""local_texture"",""verdict"":""fake"",""score"":0.7197230458259583,""strength"":""weak"",""observation"":""Official PatchCraft binary output; raw sigmoid score retained."",""limitations"":""Patch/residual evidence may be affected by resizing or compression.""}","{""tool"":""RIGID"",""evidence_type"":""perturbation_stability"",""verdict"":""real"",""score"":-0.9874612092971802,""strength"":""weak"",""observation"":""Official DINOv2 representation stability under the fixed perturbation."",""limitations"":""The fixed binary operating point was estimated on separate calibration groups.""}","{""tool"":""ProvenanceInspector"",""evidence_type"":""none"",""verdict"":""inconclusive"",""score"":null,""strength"":""none"",""observation"":""No C2PA claim or usable origin-bearing metadata was found."",""limitations"":""Metadata can be absent, stripped, or forged; untrusted claims do not establish origin.""}"
probe_eval_data/fake_sd35/r0ebb0bb4t.png,r0ebb0bb4t,r0ebb0bb4t,r0ebb0bb4t:sd3_5,1,sd3_5,0.9999589920043945,1,1,0.9987266659736633,1,1,0.49872666597366333,-0.9903861880302429,0,0,0.7717095017433167,0,0,0,none,none,"{""tool"":""PatchCraft"",""evidence_type"":""local_texture"",""verdict"":""fake"",""score"":0.9987266659736633,""strength"":""weak"",""observation"":""Official PatchCraft binary output; raw sigmoid score retained."",""limitations"":""Patch/residual evidence may be affected by resizing or compression.""}","{""tool"":""RIGID"",""evidence_type"":""perturbation_stability"",""verdict"":""real"",""score"":-0.9903861880302429,""strength"":""weak"",""observation"":""Official DINOv2 representation stability under the fixed perturbation."",""limitations"":""The fixed binary operating point was estimated on separate calibration groups.""}","{""tool"":""ProvenanceInspector"",""evidence_type"":""none"",""verdict"":""inconclusive"",""score"":null,""strength"":""none"",""observation"":""No C2PA claim or usable origin-bearing metadata was found."",""limitations"":""Metadata can be absent, stripped, or forged; untrusted claims do not establish origin.""}"
probe_eval_data/real/r1234de87t.png,r1234de87t,r1234de87t,r1234de87t:raise,0,raise,0.0001571491884533316,0,1,0.9996023774147034,1,0,0.49960237741470337,-0.9900141358375549,0,1,0.8383724689483643,0,1,0,none,none,"{""tool"":""PatchCraft"",""evidence_type"":""local_texture"",""verdict"":""fake"",""score"":0.9996023774147034,""strength"":""weak"",""observation"":""Official PatchCraft binary output; raw sigmoid score retained."",""limitations"":""Patch/residual evidence may be affected by resizing or compression.""}","{""tool"":""RIGID"",""evidence_type"":""perturbation_stability"",""verdict"":""real"",""score"":-0.9900141358375549,""strength"":""weak"",""observation"":""Official DINOv2 representation stability under the fixed perturbation."",""limitations"":""The fixed binary operating point was estimated on separate calibration groups.""}","{""tool"":""ProvenanceInspector"",""evidence_type"":""none"",""verdict"":""inconclusive"",""score"":null,""strength"":""none"",""observation"":""No C2PA claim or usable origin-bearing metadata was found."",""limitations"":""Metadata can be absent, stripped, or forged; untrusted claims do not establish origin.""}"
probe_eval_data/fake_flux/r1234de87t.png,r1234de87t,r1234de87t,r1234de87t:flux,1,flux,0.9906111359596252,1,1,0.1135047897696495,0,0,0.3864952102303505,-0.9680349826812744,1,1,0.9700700640678406,1,1,0,none,none,"{""tool"":""PatchCraft"",""evidence_type"":""local_texture"",""verdict"":""real"",""score"":0.1135047897696495,""strength"":""weak"",""observation"":""Official PatchCraft binary output; raw sigmoid score retained."",""limitations"":""Patch/residual evidence may be affected by resizing or compression.""}","{""tool"":""RIGID"",""evidence_type"":""perturbation_stability"",""verdict"":""fake"",""score"":-0.9680349826812744,""strength"":""weak"",""observation"":""Official DINOv2 representation stability under the fixed perturbation."",""limitations"":""The fixed binary operating point was estimated on separate calibration groups.""}","{""tool"":""ProvenanceInspector"",""evidence_type"":""none"",""verdict"":""inconclusive"",""score"":null,""strength"":""none"",""observation"":""No C2PA claim or usable origin-bearing metadata was found."",""limitations"":""Metadata can be absent, stripped, or forged; untrusted claims do not establish origin.""}"
probe_eval_data/fake_sd35/r1234de87t.png,r1234de87t,r1234de87t,r1234de87t:sd3_5,1,sd3_5,0.9998699426651001,1,1,0.9999359846115112,1,1,0.49993598461151123,-0.9950690269470215,0,0,0.9195861220359802,0,0,0,none,none,"{""tool"":""PatchCraft"",""evidence_type"":""local_texture"",""verdict"":""fake"",""score"":0.9999359846115112,""strength"":""weak"",""observation"":""Official PatchCraft binary output; raw sigmoid score retained."",""limitations"":""Patch/residual evidence may be affected by resizing or compression.""}","{""tool"":""RIGID"",""evidence_type"":""perturbation_stability"",""verdict"":""real"",""score"":-0.9950690269470215,""strength"":""weak"",""observation"":""Official DINOv2 representation stability under the fixed perturbation."",""limitations"":""The fixed binary operating point was estimated on separate calibration groups.""}","{""tool"":""ProvenanceInspector"",""evidence_type"":""none"",""verdict"":""inconclusive"",""score"":null,""strength"":""none"",""observation"":""No C2PA claim or usable origin-bearing metadata was found."",""limitations"":""Metadata can be absent, stripped, or forged; untrusted claims do not establish origin.""}"
probe_eval_data/real/r0e5b5159t.png,r0e5b5159t,r0e5b5159t,r0e5b5159t:raise,0,raise,4.282850932213478e-05,0,1,0.0815395712852478,0,1,0.4184604287147522,-0.9892263412475586,0,1,0.5721941590309143,0,1,0,none,none,"{""tool"":""PatchCraft"",""evidence_type"":""local_texture"",""verdict"":""real"",""score"":0.0815395712852478,""strength"":""weak"",""observation"":""Official PatchCraft binary output; raw sigmoid score retained."",""limitations"":""Patch/residual evidence may be affected by resizing or compression.""}","{""tool"":""RIGID"",""evidence_type"":""perturbation_stability"",""verdict"":""real"",""score"":-0.9892263412475586,""strength"":""weak"",""observation"":""Official DINOv2 representation stability under the fixed perturbation."",""limitations"":""The fixed binary operating point was estimated on separate calibration groups.""}","{""tool"":""ProvenanceInspector"",""evidence_type"":""none"",""verdict"":""inconclusive"",""score"":null,""strength"":""none"",""observation"":""No C2PA claim or usable origin-bearing metadata was found."",""limitations"":""Metadata can be absent, stripped, or forged; untrusted claims do not establish origin.""}"
probe_eval_data/fake_flux/r0e5b5159t.png,r0e5b5159t,r0e5b5159t,r0e5b5159t:flux,1,flux,0.9927524328231812,1,1,0.9992458820343018,1,1,0.49924588203430176,-0.9941898584365845,0,0,0.9644922018051147,1,1,0,none,none,"{""tool"":""PatchCraft"",""evidence_type"":""local_texture"",""verdict"":""fake"",""score"":0.9992458820343018,""strength"":""weak"",""observation"":""Official PatchCraft binary output; raw sigmoid score retained."",""limitations"":""Patch/residual evidence may be affected by resizing or compression.""}","{""tool"":""RIGID"",""evidence_type"":""perturbation_stability"",""verdict"":""real"",""score"":-0.9941898584365845,""strength"":""weak"",""observation"":""Official DINOv2 representation stability under the fixed perturbation."",""limitations"":""The fixed binary operating point was estimated on separate calibration groups.""}","{""tool"":""ProvenanceInspector"",""evidence_type"":""none"",""verdict"":""inconclusive"",""score"":null,""strength"":""none"",""observation"":""No C2PA claim or usable origin-bearing metadata was found."",""limitations"":""Metadata can be absent, stripped, or forged; untrusted claims do not establish origin.""}"
probe_eval_data/fake_sd35/r0e5b5159t.png,r0e5b5159t,r0e5b5159t,r0e5b5159t:sd3_5,1,sd3_5,0.9998769760131836,1,1,0.9991401433944702,1,1,0.4991401433944702,-0.9949866533279419,0,0,0.9629586338996887,1,1,0,none,none,"{""tool"":""PatchCraft"",""evidence_type"":""local_texture"",""verdict"":""fake"",""score"":0.9991401433944702,""strength"":""weak"",""observation"":""Official PatchCraft binary output; raw sigmoid score retained."",""limitations"":""Patch/residual evidence may be affected by resizing or compression.""}","{""tool"":""RIGID"",""evidence_type"":""perturbation_stability"",""verdict"":""real"",""score"":-0.9949866533279419,""strength"":""weak"",""observation"":""Official DINOv2 representation stability under the fixed perturbation."",""limitations"":""The fixed binary operating point was estimated on separate calibration groups.""}","{""tool"":""ProvenanceInspector"",""evidence_type"":""none"",""verdict"":""inconclusive"",""score"":null,""strength"":""none"",""observation"":""No C2PA claim or usable origin-bearing metadata was found."",""limitations"":""Metadata can be absent, stripped, or forged; untrusted claims do not establish origin.""}"
probe_eval_data/real/r1915909et.png,r1915909et,r1915909et,r1915909et:raise,0,raise,0.0006193736335262656,0,1,0.5500979423522949,1,0,0.05009794235229492,-0.9926995635032654,0,1,0.8544159531593323,0,1,0,none,none,"{""tool"":""PatchCraft"",""evidence_type"":""local_texture"",""verdict"":""fake"",""score"":0.5500979423522949,""strength"":""weak"",""observation"":""Official PatchCraft binary output; raw sigmoid score retained."",""limitations"":""Patch/residual evidence may be affected by resizing or compression.""}","{""tool"":""RIGID"",""evidence_type"":""perturbation_stability"",""verdict"":""real"",""score"":-0.9926995635032654,""strength"":""weak"",""observation"":""Official DINOv2 representation stability under the fixed perturbation."",""limitations"":""The fixed binary operating point was estimated on separate calibration groups.""}","{""tool"":""ProvenanceInspector"",""evidence_type"":""none"",""verdict"":""inconclusive"",""score"":null,""strength"":""none"",""observation"":""No C2PA claim or usable origin-bearing metadata was found."",""limitations"":""Metadata can be absent, stripped, or forged; untrusted claims do not establish origin.""}"
probe_eval_data/fake_flux/r1915909et.png,r1915909et,r1915909et,r1915909et:flux,1,flux,0.9992002844810486,1,1,0.9504668116569519,1,1,0.4504668116569519,-0.9915265440940857,0,0,0.8856649994850159,0,0,0,none,none,"{""tool"":""PatchCraft"",""evidence_type"":""local_texture"",""verdict"":""fake"",""score"":0.9504668116569519,""strength"":""weak"",""observation"":""Official PatchCraft binary output; raw sigmoid score retained."",""limitations"":""Patch/residual evidence may be affected by resizing or compression.""}","{""tool"":""RIGID"",""evidence_type"":""perturbation_stability"",""verdict"":""real"",""score"":-0.9915265440940857,""strength"":""weak"",""observation"":""Official DINOv2 representation stability under the fixed perturbation."",""limitations"":""The fixed binary operating point was estimated on separate calibration groups.""}","{""tool"":""ProvenanceInspector"",""evidence_type"":""none"",""verdict"":""inconclusive"",""score"":null,""strength"":""none"",""observation"":""No C2PA claim or usable origin-bearing metadata was found."",""limitations"":""Metadata can be absent, stripped, or forged; untrusted claims do not establish origin.""}"
probe_eval_data/fake_sd35/r1915909et.png,r1915909et,r1915909et,r1915909et:sd3_5,1,sd3_5,0.9998797178268433,1,1,0.9999998807907104,1,1,0.49999988079071045,-0.9953491687774658,0,0,0.9454837441444397,0,0,0,none,none,"{""tool"":""PatchCraft"",""evidence_type"":""local_texture"",""verdict"":""fake"",""score"":0.9999998807907104,""strength"":""weak"",""observation"":""Official PatchCraft binary output; raw sigmoid score retained."",""limitations"":""Patch/residual evidence may be affected by resizing or compression.""}","{""tool"":""RIGID"",""evidence_type"":""perturbation_stability"",""verdict"":""real"",""score"":-0.9953491687774658,""strength"":""weak"",""observation"":""Official DINOv2 representation stability under the fixed perturbation."",""limitations"":""The fixed binary operating point was estimated on separate calibration groups.""}","{""tool"":""ProvenanceInspector"",""evidence_type"":""none"",""verdict"":""inconclusive"",""score"":null,""strength"":""none"",""observation"":""No C2PA claim or usable origin-bearing metadata was found."",""limitations"":""Metadata can be absent, stripped, or forged; untrusted claims do not establish origin.""}"
probe_eval_data/real/r1ead3024t.png,r1ead3024t,r1ead3024t,r1ead3024t:raise,0,raise,0.00027674381271936,0,1,0.9976676106452942,1,0,0.4976676106452942,-0.9953844547271729,0,1,0.8439303636550903,0,1,0,none,none,"{""tool"":""PatchCraft"",""evidence_type"":""local_texture"",""verdict"":""fake"",""score"":0.9976676106452942,""strength"":""weak"",""observation"":""Official PatchCraft binary output; raw sigmoid score retained."",""limitations"":""Patch/residual evidence may be affected by resizing or compression.""}","{""tool"":""RIGID"",""evidence_type"":""perturbation_stability"",""verdict"":""real"",""score"":-0.9953844547271729,""strength"":""weak"",""observation"":""Official DINOv2 representation stability under the fixed perturbation."",""limitations"":""The fixed binary operating point was estimated on separate calibration groups.""}","{""tool"":""ProvenanceInspector"",""evidence_type"":""none"",""verdict"":""inconclusive"",""score"":null,""strength"":""none"",""observation"":""No C2PA claim or usable origin-bearing metadata was found."",""limitations"":""Metadata can be absent, stripped, or forged; untrusted claims do not establish origin.""}"
probe_eval_data/fake_flux/r1ead3024t.png,r1ead3024t,r1ead3024t,r1ead3024t:flux,1,flux,0.9998430013656616,1,1,0.9725704789161682,1,1,0.4725704789161682,-0.9966758489608765,0,0,0.9271417260169983,0,0,0,none,none,"{""tool"":""PatchCraft"",""evidence_type"":""local_texture"",""verdict"":""fake"",""score"":0.9725704789161682,""strength"":""weak"",""observation"":""Official PatchCraft binary output; raw sigmoid score retained."",""limitations"":""Patch/residual evidence may be affected by resizing or compression.""}","{""tool"":""RIGID"",""evidence_type"":""perturbation_stability"",""verdict"":""real"",""score"":-0.9966758489608765,""strength"":""weak"",""observation"":""Official DINOv2 representation stability under the fixed perturbation."",""limitations"":""The fixed binary operating point was estimated on separate calibration groups.""}","{""tool"":""ProvenanceInspector"",""evidence_type"":""none"",""verdict"":""inconclusive"",""score"":null,""strength"":""none"",""observation"":""No C2PA claim or usable origin-bearing metadata was found."",""limitations"":""Metadata can be absent, stripped, or forged; untrusted claims do not establish origin.""}"
probe_eval_data/fake_sd35/r1ead3024t.png,r1ead3024t,r1ead3024t,r1ead3024t:sd3_5,1,sd3_5,0.9999387264251709,1,1,0.8532739877700806,1,1,0.35327398777008057,-0.9983731508255005,0,0,0.9136847257614136,0,0,0,none,none,"{""tool"":""PatchCraft"",""evidence_type"":""local_texture"",""verdict"":""fake"",""score"":0.8532739877700806,""strength"":""weak"",""observation"":""Official PatchCraft binary output; raw sigmoid score retained."",""limitations"":""Patch/residual evidence may be affected by resizing or compression.""}","{""tool"":""RIGID"",""evidence_type"":""perturbation_stability"",""verdict"":""real"",""score"":-0.9983731508255005,""strength"":""weak"",""observation"":""Official DINOv2 representation stability under the fixed perturbation."",""limitations"":""The fixed binary operating point was estimated on separate calibration groups.""}","{""tool"":""ProvenanceInspector"",""evidence_type"":""none"",""verdict"":""inconclusive"",""score"":null,""strength"":""none"",""observation"":""No C2PA claim or usable origin-bearing metadata was found."",""limitations"":""Metadata can be absent, stripped, or forged; untrusted claims do not establish origin.""}"
probe_eval_data/real/r085bdbe2t.png,r085bdbe2t,r085bdbe2t,r085bdbe2t:raise,0,raise,7.896722672739998e-05,0,1,0.951880931854248,1,0,0.45188093185424805,-0.9854093194007874,0,1,0.9561007618904114,0,1,0,none,none,"{""tool"":""PatchCraft"",""evidence_type"":""local_texture"",""verdict"":""fake"",""score"":0.951880931854248,""strength"":""weak"",""observation"":""Official PatchCraft binary output; raw sigmoid score retained."",""limitations"":""Patch/residual evidence may be affected by resizing or compression.""}","{""tool"":""RIGID"",""evidence_type"":""perturbation_stability"",""verdict"":""real"",""score"":-0.9854093194007874,""strength"":""weak"",""observation"":""Official DINOv2 representation stability under the fixed perturbation."",""limitations"":""The fixed binary operating point was estimated on separate calibration groups.""}","{""tool"":""ProvenanceInspector"",""evidence_type"":""none"",""verdict"":""inconclusive"",""score"":null,""strength"":""none"",""observation"":""No C2PA claim or usable origin-bearing metadata was found."",""limitations"":""Metadata can be absent, stripped, or forged; untrusted claims do not establish origin.""}"
probe_eval_data/fake_flux/r085bdbe2t.png,r085bdbe2t,r085bdbe2t,r085bdbe2t:flux,1,flux,0.9981176853179932,1,1,0.8466811776161194,1,1,0.3466811776161194,-0.988310694694519,0,0,0.936634361743927,0,0,0,none,none,"{""tool"":""PatchCraft"",""evidence_type"":""local_texture"",""verdict"":""fake"",""score"":0.8466811776161194,""strength"":""weak"",""observation"":""Official PatchCraft binary output; raw sigmoid score retained."",""limitations"":""Patch/residual evidence may be affected by resizing or compression.""}","{""tool"":""RIGID"",""evidence_type"":""perturbation_stability"",""verdict"":""real"",""score"":-0.988310694694519,""strength"":""weak"",""observation"":""Official DINOv2 representation stability under the fixed perturbation."",""limitations"":""The fixed binary operating point was estimated on separate calibration groups.""}","{""tool"":""ProvenanceInspector"",""evidence_type"":""none"",""verdict"":""inconclusive"",""score"":null,""strength"":""none"",""observation"":""No C2PA claim or usable origin-bearing metadata was found."",""limitations"":""Metadata can be absent, stripped, or forged; untrusted claims do not establish origin.""}"
probe_eval_data/fake_sd35/r085bdbe2t.png,r085bdbe2t,r085bdbe2t,r085bdbe2t:sd3_5,1,sd3_5,0.9999287128448486,1,1,0.5644755363464355,1,1,0.06447553634643555,-0.9960803985595703,0,0,0.9728484153747559,1,1,0,none,none,"{""tool"":""PatchCraft"",""evidence_type"":""local_texture"",""verdict"":""fake"",""score"":0.5644755363464355,""strength"":""weak"",""observation"":""Official PatchCraft binary output; raw sigmoid score retained."",""limitations"":""Patch/residual evidence may be affected by resizing or compression.""}","{""tool"":""RIGID"",""evidence_type"":""perturbation_stability"",""verdict"":""real"",""score"":-0.9960803985595703,""strength"":""weak"",""observation"":""Official DINOv2 representation stability under the fixed perturbation."",""limitations"":""The fixed binary operating point was estimated on separate calibration groups.""}","{""tool"":""ProvenanceInspector"",""evidence_type"":""none"",""verdict"":""inconclusive"",""score"":null,""strength"":""none"",""observation"":""No C2PA claim or usable origin-bearing metadata was found."",""limitations"":""Metadata can be absent, stripped, or forged; untrusted claims do not establish origin.""}"
probe_eval_data/real/r0a42c0f6t.png,r0a42c0f6t,r0a42c0f6t,r0a42c0f6t:raise,0,raise,0.00110888690687716,0,1,0.9839242100715637,1,0,0.4839242100715637,-0.9850645065307617,0,1,0.49922576546669006,0,1,0,none,none,"{""tool"":""PatchCraft"",""evidence_type"":""local_texture"",""verdict"":""fake"",""score"":0.9839242100715637,""strength"":""weak"",""observation"":""Official PatchCraft binary output; raw sigmoid score retained."",""limitations"":""Patch/residual evidence may be affected by resizing or compression.""}","{""tool"":""RIGID"",""evidence_type"":""perturbation_stability"",""verdict"":""real"",""score"":-0.9850645065307617,""strength"":""weak"",""observation"":""Official DINOv2 representation stability under the fixed perturbation."",""limitations"":""The fixed binary operating point was estimated on separate calibration groups.""}","{""tool"":""ProvenanceInspector"",""evidence_type"":""none"",""verdict"":""inconclusive"",""score"":null,""strength"":""none"",""observation"":""No C2PA claim or usable origin-bearing metadata was found."",""limitations"":""Metadata can be absent, stripped, or forged; untrusted claims do not establish origin.""}"
probe_eval_data/fake_flux/r0a42c0f6t.png,r0a42c0f6t,r0a42c0f6t,r0a42c0f6t:flux,1,flux,0.9623152613639832,1,1,0.9989588260650635,1,1,0.4989588260650635,-0.9886614084243774,0,0,0.9202835559844971,0,0,0,none,none,"{""tool"":""PatchCraft"",""evidence_type"":""local_texture"",""verdict"":""fake"",""score"":0.9989588260650635,""strength"":""weak"",""observation"":""Official PatchCraft binary output; raw sigmoid score retained."",""limitations"":""Patch/residual evidence may be affected by resizing or compression.""}","{""tool"":""RIGID"",""evidence_type"":""perturbation_stability"",""verdict"":""real"",""score"":-0.9886614084243774,""strength"":""weak"",""observation"":""Official DINOv2 representation stability under the fixed perturbation."",""limitations"":""The fixed binary operating point was estimated on separate calibration groups.""}","{""tool"":""ProvenanceInspector"",""evidence_type"":""none"",""verdict"":""inconclusive"",""score"":null,""strength"":""none"",""observation"":""No C2PA claim or usable origin-bearing metadata was found."",""limitations"":""Metadata can be absent, stripped, or forged; untrusted claims do not establish origin.""}"
probe_eval_data/fake_sd35/r0a42c0f6t.png,r0a42c0f6t,r0a42c0f6t,r0a42c0f6t:sd3_5,1,sd3_5,0.9999293088912964,1,1,0.9993126392364502,1,1,0.4993126392364502,-0.9946016073226929,0,0,0.9456531405448914,0,0,0,none,none,"{""tool"":""PatchCraft"",""evidence_type"":""local_texture"",""verdict"":""fake"",""score"":0.9993126392364502,""strength"":""weak"",""observation"":""Official PatchCraft binary output; raw sigmoid score retained."",""limitations"":""Patch/residual evidence may be affected by resizing or compression.""}","{""tool"":""RIGID"",""evidence_type"":""perturbation_stability"",""verdict"":""real"",""score"":-0.9946016073226929,""strength"":""weak"",""observation"":""Official DINOv2 representation stability under the fixed perturbation."",""limitations"":""The fixed binary operating point was estimated on separate calibration groups.""}","{""tool"":""ProvenanceInspector"",""evidence_type"":""none"",""verdict"":""inconclusive"",""score"":null,""strength"":""none"",""observation"":""No C2PA claim or usable origin-bearing metadata was found."",""limitations"":""Metadata can be absent, stripped, or forged; untrusted claims do not establish origin.""}"
probe_eval_data/real/r1c028de8t.png,r1c028de8t,r1c028de8t,r1c028de8t:raise,0,raise,0.00024059723364189267,0,1,0.932363748550415,1,0,0.43236374855041504,-0.9944031238555908,0,1,0.8279971480369568,0,1,0,none,none,"{""tool"":""PatchCraft"",""evidence_type"":""local_texture"",""verdict"":""fake"",""score"":0.932363748550415,""strength"":""weak"",""observation"":""Official PatchCraft binary output; raw sigmoid score retained."",""limitations"":""Patch/residual evidence may be affected by resizing or compression.""}","{""tool"":""RIGID"",""evidence_type"":""perturbation_stability"",""verdict"":""real"",""score"":-0.9944031238555908,""strength"":""weak"",""observation"":""Official DINOv2 representation stability under the fixed perturbation."",""limitations"":""The fixed binary operating point was estimated on separate calibration groups.""}","{""tool"":""ProvenanceInspector"",""evidence_type"":""none"",""verdict"":""inconclusive"",""score"":null,""strength"":""none"",""observation"":""No C2PA claim or usable origin-bearing metadata was found."",""limitations"":""Metadata can be absent, stripped, or forged; untrusted claims do not establish origin.""}"
probe_eval_data/fake_flux/r1c028de8t.png,r1c028de8t,r1c028de8t,r1c028de8t:flux,1,flux,0.9790140986442566,1,1,0.9816889762878418,1,1,0.4816889762878418,-0.9761325120925903,0,0,0.9805011749267578,1,1,0,none,none,"{""tool"":""PatchCraft"",""evidence_type"":""local_texture"",""verdict"":""fake"",""score"":0.9816889762878418,""strength"":""weak"",""observation"":""Official PatchCraft binary output; raw sigmoid score retained."",""limitations"":""Patch/residual evidence may be affected by resizing or compression.""}","{""tool"":""RIGID"",""evidence_type"":""perturbation_stability"",""verdict"":""real"",""score"":-0.9761325120925903,""strength"":""weak"",""observation"":""Official DINOv2 representation stability under the fixed perturbation."",""limitations"":""The fixed binary operating point was estimated on separate calibration groups.""}","{""tool"":""ProvenanceInspector"",""evidence_type"":""none"",""verdict"":""inconclusive"",""score"":null,""strength"":""none"",""observation"":""No C2PA claim or usable origin-bearing metadata was found."",""limitations"":""Metadata can be absent, stripped, or forged; untrusted claims do not establish origin.""}"
probe_eval_data/fake_sd35/r1c028de8t.png,r1c028de8t,r1c028de8t,r1c028de8t:sd3_5,1,sd3_5,0.9999340772628784,1,1,0.9584965109825134,1,1,0.4584965109825134,-0.9921455383300781,0,0,0.7809682488441467,0,0,0,none,none,"{""tool"":""PatchCraft"",""evidence_type"":""local_texture"",""verdict"":""fake"",""score"":0.9584965109825134,""strength"":""weak"",""observation"":""Official PatchCraft binary output; raw sigmoid score retained."",""limitations"":""Patch/residual evidence may be affected by resizing or compression.""}","{""tool"":""RIGID"",""evidence_type"":""perturbation_stability"",""verdict"":""real"",""score"":-0.9921455383300781,""strength"":""weak"",""observation"":""Official DINOv2 representation stability under the fixed perturbation."",""limitations"":""The fixed binary operating point was estimated on separate calibration groups.""}","{""tool"":""ProvenanceInspector"",""evidence_type"":""none"",""verdict"":""inconclusive"",""score"":null,""strength"":""none"",""observation"":""No C2PA claim or usable origin-bearing metadata was found."",""limitations"":""Metadata can be absent, stripped, or forged; untrusted claims do not establish origin.""}"
probe_eval_data/real/r1297fd0bt.png,r1297fd0bt,r1297fd0bt,r1297fd0bt:raise,0,raise,0.0012543441262096167,0,1,0.9142556190490723,1,0,0.41425561904907227,-0.993967592716217,0,1,0.9216102361679077,0,1,0,none,none,"{""tool"":""PatchCraft"",""evidence_type"":""local_texture"",""verdict"":""fake"",""score"":0.9142556190490723,""strength"":""weak"",""observation"":""Official PatchCraft binary output; raw sigmoid score retained."",""limitations"":""Patch/residual evidence may be affected by resizing or compression.""}","{""tool"":""RIGID"",""evidence_type"":""perturbation_stability"",""verdict"":""real"",""score"":-0.993967592716217,""strength"":""weak"",""observation"":""Official DINOv2 representation stability under the fixed perturbation."",""limitations"":""The fixed binary operating point was estimated on separate calibration groups.""}","{""tool"":""ProvenanceInspector"",""evidence_type"":""none"",""verdict"":""inconclusive"",""score"":null,""strength"":""none"",""observation"":""No C2PA claim or usable origin-bearing metadata was found."",""limitations"":""Metadata can be absent, stripped, or forged; untrusted claims do not establish origin.""}"
probe_eval_data/fake_flux/r1297fd0bt.png,r1297fd0bt,r1297fd0bt,r1297fd0bt:flux,1,flux,0.7180076837539673,1,1,0.9999890327453613,1,1,0.49998903274536133,-0.9749013185501099,0,0,0.955814003944397,0,0,0,none,none,"{""tool"":""PatchCraft"",""evidence_type"":""local_texture"",""verdict"":""fake"",""score"":0.9999890327453613,""strength"":""weak"",""observation"":""Official PatchCraft binary output; raw sigmoid score retained."",""limitations"":""Patch/residual evidence may be affected by resizing or compression.""}","{""tool"":""RIGID"",""evidence_type"":""perturbation_stability"",""verdict"":""real"",""score"":-0.9749013185501099,""strength"":""weak"",""observation"":""Official DINOv2 representation stability under the fixed perturbation."",""limitations"":""The fixed binary operating point was estimated on separate calibration groups.""}","{""tool"":""ProvenanceInspector"",""evidence_type"":""none"",""verdict"":""inconclusive"",""score"":null,""strength"":""none"",""observation"":""No C2PA claim or usable origin-bearing metadata was found."",""limitations"":""Metadata can be absent, stripped, or forged; untrusted claims do not establish origin.""}"
probe_eval_data/fake_sd35/r1297fd0bt.png,r1297fd0bt,r1297fd0bt,r1297fd0bt:sd3_5,1,sd3_5,0.9999626874923706,1,1,0.4644806683063507,0,0,0.03551933169364929,-0.9830044507980347,0,0,0.9494720101356506,0,0,0,none,none,"{""tool"":""PatchCraft"",""evidence_type"":""local_texture"",""verdict"":""real"",""score"":0.4644806683063507,""strength"":""weak"",""observation"":""Official PatchCraft binary output; raw sigmoid score retained."",""limitations"":""Patch/residual evidence may be affected by resizing or compression.""}","{""tool"":""RIGID"",""evidence_type"":""perturbation_stability"",""verdict"":""real"",""score"":-0.9830044507980347,""strength"":""weak"",""observation"":""Official DINOv2 representation stability under the fixed perturbation."",""limitations"":""The fixed binary operating point was estimated on separate calibration groups.""}","{""tool"":""ProvenanceInspector"",""evidence_type"":""none"",""verdict"":""inconclusive"",""score"":null,""strength"":""none"",""observation"":""No C2PA claim or usable origin-bearing metadata was found."",""limitations"":""Metadata can be absent, stripped, or forged; untrusted claims do not establish origin.""}"
probe_eval_data/real/r113402d4t.png,r113402d4t,r113402d4t,r113402d4t:raise,0,raise,0.00028713507344946265,0,1,0.8537300229072571,1,0,0.3537300229072571,-0.9958835244178772,0,1,0.13809657096862793,0,1,0,none,none,"{""tool"":""PatchCraft"",""evidence_type"":""local_texture"",""verdict"":""fake"",""score"":0.8537300229072571,""strength"":""weak"",""observation"":""Official PatchCraft binary output; raw sigmoid score retained."",""limitations"":""Patch/residual evidence may be affected by resizing or compression.""}","{""tool"":""RIGID"",""evidence_type"":""perturbation_stability"",""verdict"":""real"",""score"":-0.9958835244178772,""strength"":""weak"",""observation"":""Official DINOv2 representation stability under the fixed perturbation."",""limitations"":""The fixed binary operating point was estimated on separate calibration groups.""}","{""tool"":""ProvenanceInspector"",""evidence_type"":""none"",""verdict"":""inconclusive"",""score"":null,""strength"":""none"",""observation"":""No C2PA claim or usable origin-bearing metadata was found."",""limitations"":""Metadata can be absent, stripped, or forged; untrusted claims do not establish origin.""}"
probe_eval_data/fake_flux/r113402d4t.png,r113402d4t,r113402d4t,r113402d4t:flux,1,flux,0.9985252022743225,1,1,0.9286539554595947,1,1,0.4286539554595947,-0.9926008582115173,0,0,0.929510772228241,0,0,0,none,none,"{""tool"":""PatchCraft"",""evidence_type"":""local_texture"",""verdict"":""fake"",""score"":0.9286539554595947,""strength"":""weak"",""observation"":""Official PatchCraft binary output; raw sigmoid score retained."",""limitations"":""Patch/residual evidence may be affected by resizing or compression.""}","{""tool"":""RIGID"",""evidence_type"":""perturbation_stability"",""verdict"":""real"",""score"":-0.9926008582115173,""strength"":""weak"",""observation"":""Official DINOv2 representation stability under the fixed perturbation."",""limitations"":""The fixed binary operating point was estimated on separate calibration groups.""}","{""tool"":""ProvenanceInspector"",""evidence_type"":""none"",""verdict"":""inconclusive"",""score"":null,""strength"":""none"",""observation"":""No C2PA claim or usable origin-bearing metadata was found."",""limitations"":""Metadata can be absent, stripped, or forged; untrusted claims do not establish origin.""}"
probe_eval_data/fake_sd35/r113402d4t.png,r113402d4t,r113402d4t,r113402d4t:sd3_5,1,sd3_5,0.99996018409729,1,1,0.999998927116394,1,1,0.49999892711639404,-0.9873775243759155,0,0,0.9192905426025391,0,0,0,none,none,"{""tool"":""PatchCraft"",""evidence_type"":""local_texture"",""verdict"":""fake"",""score"":0.999998927116394,""strength"":""weak"",""observation"":""Official PatchCraft binary output; raw sigmoid score retained."",""limitations"":""Patch/residual evidence may be affected by resizing or compression.""}","{""tool"":""RIGID"",""evidence_type"":""perturbation_stability"",""verdict"":""real"",""score"":-0.9873775243759155,""strength"":""weak"",""observation"":""Official DINOv2 representation stability under the fixed perturbation."",""limitations"":""The fixed binary operating point was estimated on separate calibration groups.""}","{""tool"":""ProvenanceInspector"",""evidence_type"":""none"",""verdict"":""inconclusive"",""score"":null,""strength"":""none"",""observation"":""No C2PA claim or usable origin-bearing metadata was found."",""limitations"":""Metadata can be absent, stripped, or forged; untrusted claims do not establish origin.""}"
probe_eval_data/real/r0ff7a848t.png,r0ff7a848t,r0ff7a848t,r0ff7a848t:raise,0,raise,0.04010001942515373,0,1,0.9297187924385071,1,0,0.4297187924385071,-0.9385263919830322,1,0,0.9321017265319824,0,1,0,none,none,"{""tool"":""PatchCraft"",""evidence_type"":""local_texture"",""verdict"":""fake"",""score"":0.9297187924385071,""strength"":""weak"",""observation"":""Official PatchCraft binary output; raw sigmoid score retained."",""limitations"":""Patch/residual evidence may be affected by resizing or compression.""}","{""tool"":""RIGID"",""evidence_type"":""perturbation_stability"",""verdict"":""fake"",""score"":-0.9385263919830322,""strength"":""weak"",""observation"":""Official DINOv2 representation stability under the fixed perturbation."",""limitations"":""The fixed binary operating point was estimated on separate calibration groups.""}","{""tool"":""ProvenanceInspector"",""evidence_type"":""none"",""verdict"":""inconclusive"",""score"":null,""strength"":""none"",""observation"":""No C2PA claim or usable origin-bearing metadata was found."",""limitations"":""Metadata can be absent, stripped, or forged; untrusted claims do not establish origin.""}"
probe_eval_data/fake_flux/r0ff7a848t.png,r0ff7a848t,r0ff7a848t,r0ff7a848t:flux,1,flux,0.9827121496200562,1,1,0.9989677667617798,1,1,0.4989677667617798,-0.9450927376747131,1,1,0.9426137208938599,0,0,0,none,none,"{""tool"":""PatchCraft"",""evidence_type"":""local_texture"",""verdict"":""fake"",""score"":0.9989677667617798,""strength"":""weak"",""observation"":""Official PatchCraft binary output; raw sigmoid score retained."",""limitations"":""Patch/residual evidence may be affected by resizing or compression.""}","{""tool"":""RIGID"",""evidence_type"":""perturbation_stability"",""verdict"":""fake"",""score"":-0.9450927376747131,""strength"":""weak"",""observation"":""Official DINOv2 representation stability under the fixed perturbation."",""limitations"":""The fixed binary operating point was estimated on separate calibration groups.""}","{""tool"":""ProvenanceInspector"",""evidence_type"":""none"",""verdict"":""inconclusive"",""score"":null,""strength"":""none"",""observation"":""No C2PA claim or usable origin-bearing metadata was found."",""limitations"":""Metadata can be absent, stripped, or forged; untrusted claims do not establish origin.""}"
probe_eval_data/fake_sd35/r0ff7a848t.png,r0ff7a848t,r0ff7a848t,r0ff7a848t:sd3_5,1,sd3_5,0.9757807850837708,1,1,0.9982829093933105,1,1,0.49828290939331055,-0.9679025411605835,1,1,0.9553461670875549,0,0,0,none,none,"{""tool"":""PatchCraft"",""evidence_type"":""local_texture"",""verdict"":""fake"",""score"":0.9982829093933105,""strength"":""weak"",""observation"":""Official PatchCraft binary output; raw sigmoid score retained."",""limitations"":""Patch/residual evidence may be affected by resizing or compression.""}","{""tool"":""RIGID"",""evidence_type"":""perturbation_stability"",""verdict"":""fake"",""score"":-0.9679025411605835,""strength"":""weak"",""observation"":""Official DINOv2 representation stability under the fixed perturbation."",""limitations"":""The fixed binary operating point was estimated on separate calibration groups.""}","{""tool"":""ProvenanceInspector"",""evidence_type"":""none"",""verdict"":""inconclusive"",""score"":null,""strength"":""none"",""observation"":""No C2PA claim or usable origin-bearing metadata was found."",""limitations"":""Metadata can be absent, stripped, or forged; untrusted claims do not establish origin.""}"
probe_eval_data/real/r1c874ac4t.png,r1c874ac4t,r1c874ac4t,r1c874ac4t:raise,0,raise,0.000303705659462139,0,1,0.8950529098510742,1,0,0.3950529098510742,-0.9918638467788696,0,1,0.9618259072303772,1,0,0,none,none,"{""tool"":""PatchCraft"",""evidence_type"":""local_texture"",""verdict"":""fake"",""score"":0.8950529098510742,""strength"":""weak"",""observation"":""Official PatchCraft binary output; raw sigmoid score retained."",""limitations"":""Patch/residual evidence may be affected by resizing or compression.""}","{""tool"":""RIGID"",""evidence_type"":""perturbation_stability"",""verdict"":""real"",""score"":-0.9918638467788696,""strength"":""weak"",""observation"":""Official DINOv2 representation stability under the fixed perturbation."",""limitations"":""The fixed binary operating point was estimated on separate calibration groups.""}","{""tool"":""ProvenanceInspector"",""evidence_type"":""none"",""verdict"":""inconclusive"",""score"":null,""strength"":""none"",""observation"":""No C2PA claim or usable origin-bearing metadata was found."",""limitations"":""Metadata can be absent, stripped, or forged; untrusted claims do not establish origin.""}"
probe_eval_data/fake_flux/r1c874ac4t.png,r1c874ac4t,r1c874ac4t,r1c874ac4t:flux,1,flux,0.9985350370407104,1,1,0.8637291193008423,1,1,0.3637291193008423,-0.9885032773017883,0,0,0.9569127559661865,1,1,0,none,none,"{""tool"":""PatchCraft"",""evidence_type"":""local_texture"",""verdict"":""fake"",""score"":0.8637291193008423,""strength"":""weak"",""observation"":""Official PatchCraft binary output; raw sigmoid score retained."",""limitations"":""Patch/residual evidence may be affected by resizing or compression.""}","{""tool"":""RIGID"",""evidence_type"":""perturbation_stability"",""verdict"":""real"",""score"":-0.9885032773017883,""strength"":""weak"",""observation"":""Official DINOv2 representation stability under the fixed perturbation."",""limitations"":""The fixed binary operating point was estimated on separate calibration groups.""}","{""tool"":""ProvenanceInspector"",""evidence_type"":""none"",""verdict"":""inconclusive"",""score"":null,""strength"":""none"",""observation"":""No C2PA claim or usable origin-bearing metadata was found."",""limitations"":""Metadata can be absent, stripped, or forged; untrusted claims do not establish origin.""}"
probe_eval_data/fake_sd35/r1c874ac4t.png,r1c874ac4t,r1c874ac4t,r1c874ac4t:sd3_5,1,sd3_5,0.9999552965164185,1,1,0.8480165004730225,1,1,0.34801650047302246,-0.995885968208313,0,0,0.7623969316482544,0,0,0,none,none,"{""tool"":""PatchCraft"",""evidence_type"":""local_texture"",""verdict"":""fake"",""score"":0.8480165004730225,""strength"":""weak"",""observation"":""Official PatchCraft binary output; raw sigmoid score retained."",""limitations"":""Patch/residual evidence may be affected by resizing or compression.""}","{""tool"":""RIGID"",""evidence_type"":""perturbation_stability"",""verdict"":""real"",""score"":-0.995885968208313,""strength"":""weak"",""observation"":""Official DINOv2 representation stability under the fixed perturbation."",""limitations"":""The fixed binary operating point was estimated on separate calibration groups.""}","{""tool"":""ProvenanceInspector"",""evidence_type"":""none"",""verdict"":""inconclusive"",""score"":null,""strength"":""none"",""observation"":""No C2PA claim or usable origin-bearing metadata was found."",""limitations"":""Metadata can be absent, stripped, or forged; untrusted claims do not establish origin.""}"
probe_eval_data/real/r126a22b8t.png,r126a22b8t,r126a22b8t,r126a22b8t:raise,0,raise,0.0048685031943023205,0,1,0.9940993785858154,1,0,0.49409937858581543,-0.991306722164154,0,1,0.7845818400382996,0,1,0,none,none,"{""tool"":""PatchCraft"",""evidence_type"":""local_texture"",""verdict"":""fake"",""score"":0.9940993785858154,""strength"":""weak"",""observation"":""Official PatchCraft binary output; raw sigmoid score retained."",""limitations"":""Patch/residual evidence may be affected by resizing or compression.""}","{""tool"":""RIGID"",""evidence_type"":""perturbation_stability"",""verdict"":""real"",""score"":-0.991306722164154,""strength"":""weak"",""observation"":""Official DINOv2 representation stability under the fixed perturbation."",""limitations"":""The fixed binary operating point was estimated on separate calibration groups.""}","{""tool"":""ProvenanceInspector"",""evidence_type"":""none"",""verdict"":""inconclusive"",""score"":null,""strength"":""none"",""observation"":""No C2PA claim or usable origin-bearing metadata was found."",""limitations"":""Metadata can be absent, stripped, or forged; untrusted claims do not establish origin.""}"
probe_eval_data/fake_flux/r126a22b8t.png,r126a22b8t,r126a22b8t,r126a22b8t:flux,1,flux,0.9937159419059753,1,1,0.8381914496421814,1,1,0.3381914496421814,-0.9870887994766235,0,0,0.861569344997406,0,0,0,none,none,"{""tool"":""PatchCraft"",""evidence_type"":""local_texture"",""verdict"":""fake"",""score"":0.8381914496421814,""strength"":""weak"",""observation"":""Official PatchCraft binary output; raw sigmoid score retained."",""limitations"":""Patch/residual evidence may be affected by resizing or compression.""}","{""tool"":""RIGID"",""evidence_type"":""perturbation_stability"",""verdict"":""real"",""score"":-0.9870887994766235,""strength"":""weak"",""observation"":""Official DINOv2 representation stability under the fixed perturbation."",""limitations"":""The fixed binary operating point was estimated on separate calibration groups.""}","{""tool"":""ProvenanceInspector"",""evidence_type"":""none"",""verdict"":""inconclusive"",""score"":null,""strength"":""none"",""observation"":""No C2PA claim or usable origin-bearing metadata was found."",""limitations"":""Metadata can be absent, stripped, or forged; untrusted claims do not establish origin.""}"
probe_eval_data/fake_sd35/r126a22b8t.png,r126a22b8t,r126a22b8t,r126a22b8t:sd3_5,1,sd3_5,0.9975797533988953,1,1,0.9999995231628418,1,1,0.4999995231628418,-0.9824662804603577,0,0,0.8840880990028381,0,0,0,none,none,"{""tool"":""PatchCraft"",""evidence_type"":""local_texture"",""verdict"":""fake"",""score"":0.9999995231628418,""strength"":""weak"",""observation"":""Official PatchCraft binary output; raw sigmoid score retained."",""limitations"":""Patch/residual evidence may be affected by resizing or compression.""}","{""tool"":""RIGID"",""evidence_type"":""perturbation_stability"",""verdict"":""real"",""score"":-0.9824662804603577,""strength"":""weak"",""observation"":""Official DINOv2 representation stability under the fixed perturbation."",""limitations"":""The fixed binary operating point was estimated on separate calibration groups.""}","{""tool"":""ProvenanceInspector"",""evidence_type"":""none"",""verdict"":""inconclusive"",""score"":null,""strength"":""none"",""observation"":""No C2PA claim or usable origin-bearing metadata was found."",""limitations"":""Metadata can be absent, stripped, or forged; untrusted claims do not establish origin.""}"
probe_eval_data/real/r0eab8214t.png,r0eab8214t,r0eab8214t,r0eab8214t:raise,0,raise,0.0003629389975685626,0,1,0.9633599519729614,1,0,0.4633599519729614,-0.9889793992042542,0,1,0.7955461740493774,0,1,0,none,none,"{""tool"":""PatchCraft"",""evidence_type"":""local_texture"",""verdict"":""fake"",""score"":0.9633599519729614,""strength"":""weak"",""observation"":""Official PatchCraft binary output; raw sigmoid score retained."",""limitations"":""Patch/residual evidence may be affected by resizing or compression.""}","{""tool"":""RIGID"",""evidence_type"":""perturbation_stability"",""verdict"":""real"",""score"":-0.9889793992042542,""strength"":""weak"",""observation"":""Official DINOv2 representation stability under the fixed perturbation."",""limitations"":""The fixed binary operating point was estimated on separate calibration groups.""}","{""tool"":""ProvenanceInspector"",""evidence_type"":""none"",""verdict"":""inconclusive"",""score"":null,""strength"":""none"",""observation"":""No C2PA claim or usable origin-bearing metadata was found."",""limitations"":""Metadata can be absent, stripped, or forged; untrusted claims do not establish origin.""}"
probe_eval_data/fake_flux/r0eab8214t.png,r0eab8214t,r0eab8214t,r0eab8214t:flux,1,flux,0.9786118865013123,1,1,0.5280325412750244,1,1,0.028032541275024414,-0.9875203967094421,0,0,0.925162672996521,0,0,0,none,none,"{""tool"":""PatchCraft"",""evidence_type"":""local_texture"",""verdict"":""fake"",""score"":0.5280325412750244,""strength"":""weak"",""observation"":""Official PatchCraft binary output; raw sigmoid score retained."",""limitations"":""Patch/residual evidence may be affected by resizing or compression.""}","{""tool"":""RIGID"",""evidence_type"":""perturbation_stability"",""verdict"":""real"",""score"":-0.9875203967094421,""strength"":""weak"",""observation"":""Official DINOv2 representation stability under the fixed perturbation."",""limitations"":""The fixed binary operating point was estimated on separate calibration groups.""}","{""tool"":""ProvenanceInspector"",""evidence_type"":""none"",""verdict"":""inconclusive"",""score"":null,""strength"":""none"",""observation"":""No C2PA claim or usable origin-bearing metadata was found."",""limitations"":""Metadata can be absent, stripped, or forged; untrusted claims do not establish origin.""}"
probe_eval_data/fake_sd35/r0eab8214t.png,r0eab8214t,r0eab8214t,r0eab8214t:sd3_5,1,sd3_5,0.9999524354934692,1,1,0.9999986886978149,1,1,0.49999868869781494,-0.9941309690475464,0,0,0.9499019384384155,0,0,0,none,none,"{""tool"":""PatchCraft"",""evidence_type"":""local_texture"",""verdict"":""fake"",""score"":0.9999986886978149,""strength"":""weak"",""observation"":""Official PatchCraft binary output; raw sigmoid score retained."",""limitations"":""Patch/residual evidence may be affected by resizing or compression.""}","{""tool"":""RIGID"",""evidence_type"":""perturbation_stability"",""verdict"":""real"",""score"":-0.9941309690475464,""strength"":""weak"",""observation"":""Official DINOv2 representation stability under the fixed perturbation."",""limitations"":""The fixed binary operating point was estimated on separate calibration groups.""}","{""tool"":""ProvenanceInspector"",""evidence_type"":""none"",""verdict"":""inconclusive"",""score"":null,""strength"":""none"",""observation"":""No C2PA claim or usable origin-bearing metadata was found."",""limitations"":""Metadata can be absent, stripped, or forged; untrusted claims do not establish origin.""}"
probe_eval_data/real/r162b2209t.png,r162b2209t,r162b2209t,r162b2209t:raise,0,raise,6.381233833963051e-05,0,1,0.9923635721206665,1,0,0.4923635721206665,-0.9955729842185974,0,1,0.934858500957489,0,1,0,none,none,"{""tool"":""PatchCraft"",""evidence_type"":""local_texture"",""verdict"":""fake"",""score"":0.9923635721206665,""strength"":""weak"",""observation"":""Official PatchCraft binary output; raw sigmoid score retained."",""limitations"":""Patch/residual evidence may be affected by resizing or compression.""}","{""tool"":""RIGID"",""evidence_type"":""perturbation_stability"",""verdict"":""real"",""score"":-0.9955729842185974,""strength"":""weak"",""observation"":""Official DINOv2 representation stability under the fixed perturbation."",""limitations"":""The fixed binary operating point was estimated on separate calibration groups.""}","{""tool"":""ProvenanceInspector"",""evidence_type"":""none"",""verdict"":""inconclusive"",""score"":null,""strength"":""none"",""observation"":""No C2PA claim or usable origin-bearing metadata was found."",""limitations"":""Metadata can be absent, stripped, or forged; untrusted claims do not establish origin.""}"
probe_eval_data/fake_flux/r162b2209t.png,r162b2209t,r162b2209t,r162b2209t:flux,1,flux,0.9980356097221375,1,1,0.9985265731811523,1,1,0.49852657318115234,-0.991614818572998,0,0,0.9029169082641602,0,0,0,none,none,"{""tool"":""PatchCraft"",""evidence_type"":""local_texture"",""verdict"":""fake"",""score"":0.9985265731811523,""strength"":""weak"",""observation"":""Official PatchCraft binary output; raw sigmoid score retained."",""limitations"":""Patch/residual evidence may be affected by resizing or compression.""}","{""tool"":""RIGID"",""evidence_type"":""perturbation_stability"",""verdict"":""real"",""score"":-0.991614818572998,""strength"":""weak"",""observation"":""Official DINOv2 representation stability under the fixed perturbation."",""limitations"":""The fixed binary operating point was estimated on separate calibration groups.""}","{""tool"":""ProvenanceInspector"",""evidence_type"":""none"",""verdict"":""inconclusive"",""score"":null,""strength"":""none"",""observation"":""No C2PA claim or usable origin-bearing metadata was found."",""limitations"":""Metadata can be absent, stripped, or forged; untrusted claims do not establish origin.""}"
probe_eval_data/fake_sd35/r162b2209t.png,r162b2209t,r162b2209t,r162b2209t:sd3_5,1,sd3_5,0.9999557733535767,1,1,0.9998403787612915,1,1,0.4998403787612915,-0.9961368441581726,0,0,0.7147377133369446,0,0,0,none,none,"{""tool"":""PatchCraft"",""evidence_type"":""local_texture"",""verdict"":""fake"",""score"":0.9998403787612915,""strength"":""weak"",""observation"":""Official PatchCraft binary output; raw sigmoid score retained."",""limitations"":""Patch/residual evidence may be affected by resizing or compression.""}","{""tool"":""RIGID"",""evidence_type"":""perturbation_stability"",""verdict"":""real"",""score"":-0.9961368441581726,""strength"":""weak"",""observation"":""Official DINOv2 representation stability under the fixed perturbation."",""limitations"":""The fixed binary operating point was estimated on separate calibration groups.""}","{""tool"":""ProvenanceInspector"",""evidence_type"":""none"",""verdict"":""inconclusive"",""score"":null,""strength"":""none"",""observation"":""No C2PA claim or usable origin-bearing metadata was found."",""limitations"":""Metadata can be absent, stripped, or forged; untrusted claims do not establish origin.""}"
probe_eval_data/real/r02b7536at.png,r02b7536at,r02b7536at,r02b7536at:raise,0,raise,8.138425619108602e-05,0,1,0.9091904163360596,1,0,0.40919041633605957,-0.9953330159187317,0,1,0.03557061776518822,0,1,0,none,none,"{""tool"":""PatchCraft"",""evidence_type"":""local_texture"",""verdict"":""fake"",""score"":0.9091904163360596,""strength"":""weak"",""observation"":""Official PatchCraft binary output; raw sigmoid score retained."",""limitations"":""Patch/residual evidence may be affected by resizing or compression.""}","{""tool"":""RIGID"",""evidence_type"":""perturbation_stability"",""verdict"":""real"",""score"":-0.9953330159187317,""strength"":""weak"",""observation"":""Official DINOv2 representation stability under the fixed perturbation."",""limitations"":""The fixed binary operating point was estimated on separate calibration groups.""}","{""tool"":""ProvenanceInspector"",""evidence_type"":""none"",""verdict"":""inconclusive"",""score"":null,""strength"":""none"",""observation"":""No C2PA claim or usable origin-bearing metadata was found."",""limitations"":""Metadata can be absent, stripped, or forged; untrusted claims do not establish origin.""}"
probe_eval_data/fake_flux/r02b7536at.png,r02b7536at,r02b7536at,r02b7536at:flux,1,flux,0.9930121302604675,1,1,0.9821163415908813,1,1,0.48211634159088135,-0.9925016164779663,0,0,0.8353188633918762,0,0,0,none,none,"{""tool"":""PatchCraft"",""evidence_type"":""local_texture"",""verdict"":""fake"",""score"":0.9821163415908813,""strength"":""weak"",""observation"":""Official PatchCraft binary output; raw sigmoid score retained."",""limitations"":""Patch/residual evidence may be affected by resizing or compression.""}","{""tool"":""RIGID"",""evidence_type"":""perturbation_stability"",""verdict"":""real"",""score"":-0.9925016164779663,""strength"":""weak"",""observation"":""Official DINOv2 representation stability under the fixed perturbation."",""limitations"":""The fixed binary operating point was estimated on separate calibration groups.""}","{""tool"":""ProvenanceInspector"",""evidence_type"":""none"",""verdict"":""inconclusive"",""score"":null,""strength"":""none"",""observation"":""No C2PA claim or usable origin-bearing metadata was found."",""limitations"":""Metadata can be absent, stripped, or forged; untrusted claims do not establish origin.""}"
probe_eval_data/fake_sd35/r02b7536at.png,r02b7536at,r02b7536at,r02b7536at:sd3_5,1,sd3_5,0.9999016523361206,1,1,0.9999996423721313,1,1,0.49999964237213135,-0.9952085018157959,0,0,0.9100401401519775,0,0,0,none,none,"{""tool"":""PatchCraft"",""evidence_type"":""local_texture"",""verdict"":""fake"",""score"":0.9999996423721313,""strength"":""weak"",""observation"":""Official PatchCraft binary output; raw sigmoid score retained."",""limitations"":""Patch/residual evidence may be affected by resizing or compression.""}","{""tool"":""RIGID"",""evidence_type"":""perturbation_stability"",""verdict"":""real"",""score"":-0.9952085018157959,""strength"":""weak"",""observation"":""Official DINOv2 representation stability under the fixed perturbation."",""limitations"":""The fixed binary operating point was estimated on separate calibration groups.""}","{""tool"":""ProvenanceInspector"",""evidence_type"":""none"",""verdict"":""inconclusive"",""score"":null,""strength"":""none"",""observation"":""No C2PA claim or usable origin-bearing metadata was found."",""limitations"":""Metadata can be absent, stripped, or forged; untrusted claims do not establish origin.""}"
probe_eval_data/real/r1bd70210t.png,r1bd70210t,r1bd70210t,r1bd70210t:raise,0,raise,0.000390073808375746,0,1,0.577118456363678,1,0,0.07711845636367798,-0.9823741912841797,0,1,0.714521050453186,0,1,0,none,none,"{""tool"":""PatchCraft"",""evidence_type"":""local_texture"",""verdict"":""fake"",""score"":0.577118456363678,""strength"":""weak"",""observation"":""Official PatchCraft binary output; raw sigmoid score retained."",""limitations"":""Patch/residual evidence may be affected by resizing or compression.""}","{""tool"":""RIGID"",""evidence_type"":""perturbation_stability"",""verdict"":""real"",""score"":-0.9823741912841797,""strength"":""weak"",""observation"":""Official DINOv2 representation stability under the fixed perturbation."",""limitations"":""The fixed binary operating point was estimated on separate calibration groups.""}","{""tool"":""ProvenanceInspector"",""evidence_type"":""none"",""verdict"":""inconclusive"",""score"":null,""strength"":""none"",""observation"":""No C2PA claim or usable origin-bearing metadata was found."",""limitations"":""Metadata can be absent, stripped, or forged; untrusted claims do not establish origin.""}"
probe_eval_data/fake_flux/r1bd70210t.png,r1bd70210t,r1bd70210t,r1bd70210t:flux,1,flux,0.9831103086471558,1,1,0.9939560294151306,1,1,0.4939560294151306,-0.978058934211731,0,0,0.9163467884063721,0,0,0,none,none,"{""tool"":""PatchCraft"",""evidence_type"":""local_texture"",""verdict"":""fake"",""score"":0.9939560294151306,""strength"":""weak"",""observation"":""Official PatchCraft binary output; raw sigmoid score retained."",""limitations"":""Patch/residual evidence may be affected by resizing or compression.""}","{""tool"":""RIGID"",""evidence_type"":""perturbation_stability"",""verdict"":""real"",""score"":-0.978058934211731,""strength"":""weak"",""observation"":""Official DINOv2 representation stability under the fixed perturbation."",""limitations"":""The fixed binary operating point was estimated on separate calibration groups.""}","{""tool"":""ProvenanceInspector"",""evidence_type"":""none"",""verdict"":""inconclusive"",""score"":null,""strength"":""none"",""observation"":""No C2PA claim or usable origin-bearing metadata was found."",""limitations"":""Metadata can be absent, stripped, or forged; untrusted claims do not establish origin.""}"
probe_eval_data/fake_sd35/r1bd70210t.png,r1bd70210t,r1bd70210t,r1bd70210t:sd3_5,1,sd3_5,0.9966815114021301,1,1,0.9999960660934448,1,1,0.4999960660934448,-0.9902645349502563,0,0,0.9206727743148804,0,0,0,none,none,"{""tool"":""PatchCraft"",""evidence_type"":""local_texture"",""verdict"":""fake"",""score"":0.9999960660934448,""strength"":""weak"",""observation"":""Official PatchCraft binary output; raw sigmoid score retained."",""limitations"":""Patch/residual evidence may be affected by resizing or compression.""}","{""tool"":""RIGID"",""evidence_type"":""perturbation_stability"",""verdict"":""real"",""score"":-0.9902645349502563,""strength"":""weak"",""observation"":""Official DINOv2 representation stability under the fixed perturbation."",""limitations"":""The fixed binary operating point was estimated on separate calibration groups.""}","{""tool"":""ProvenanceInspector"",""evidence_type"":""none"",""verdict"":""inconclusive"",""score"":null,""strength"":""none"",""observation"":""No C2PA claim or usable origin-bearing metadata was found."",""limitations"":""Metadata can be absent, stripped, or forged; untrusted claims do not establish origin.""}"
probe_eval_data/real/r17b2f789t.png,r17b2f789t,r17b2f789t,r17b2f789t:raise,0,raise,0.00018261630611959845,0,1,0.9999992847442627,1,0,0.4999992847442627,-0.9896989464759827,0,1,0.9415977001190186,0,1,0,none,none,"{""tool"":""PatchCraft"",""evidence_type"":""local_texture"",""verdict"":""fake"",""score"":0.9999992847442627,""strength"":""weak"",""observation"":""Official PatchCraft binary output; raw sigmoid score retained."",""limitations"":""Patch/residual evidence may be affected by resizing or compression.""}","{""tool"":""RIGID"",""evidence_type"":""perturbation_stability"",""verdict"":""real"",""score"":-0.9896989464759827,""strength"":""weak"",""observation"":""Official DINOv2 representation stability under the fixed perturbation."",""limitations"":""The fixed binary operating point was estimated on separate calibration groups.""}","{""tool"":""ProvenanceInspector"",""evidence_type"":""none"",""verdict"":""inconclusive"",""score"":null,""strength"":""none"",""observation"":""No C2PA claim or usable origin-bearing metadata was found."",""limitations"":""Metadata can be absent, stripped, or forged; untrusted claims do not establish origin.""}"
probe_eval_data/fake_flux/r17b2f789t.png,r17b2f789t,r17b2f789t,r17b2f789t:flux,1,flux,0.02715890482068062,0,0,0.9999693632125854,1,1,0.49996936321258545,-0.9851877689361572,0,0,0.9527646899223328,0,0,0,none,none,"{""tool"":""PatchCraft"",""evidence_type"":""local_texture"",""verdict"":""fake"",""score"":0.9999693632125854,""strength"":""weak"",""observation"":""Official PatchCraft binary output; raw sigmoid score retained."",""limitations"":""Patch/residual evidence may be affected by resizing or compression.""}","{""tool"":""RIGID"",""evidence_type"":""perturbation_stability"",""verdict"":""real"",""score"":-0.9851877689361572,""strength"":""weak"",""observation"":""Official DINOv2 representation stability under the fixed perturbation."",""limitations"":""The fixed binary operating point was estimated on separate calibration groups.""}","{""tool"":""ProvenanceInspector"",""evidence_type"":""none"",""verdict"":""inconclusive"",""score"":null,""strength"":""none"",""observation"":""No C2PA claim or usable origin-bearing metadata was found."",""limitations"":""Metadata can be absent, stripped, or forged; untrusted claims do not establish origin.""}"
probe_eval_data/fake_sd35/r17b2f789t.png,r17b2f789t,r17b2f789t,r17b2f789t:sd3_5,1,sd3_5,0.999933123588562,1,1,0.9171134829521179,1,1,0.4171134829521179,-0.9950917959213257,0,0,0.9098473787307739,0,0,0,none,none,"{""tool"":""PatchCraft"",""evidence_type"":""local_texture"",""verdict"":""fake"",""score"":0.9171134829521179,""strength"":""weak"",""observation"":""Official PatchCraft binary output; raw sigmoid score retained."",""limitations"":""Patch/residual evidence may be affected by resizing or compression.""}","{""tool"":""RIGID"",""evidence_type"":""perturbation_stability"",""verdict"":""real"",""score"":-0.9950917959213257,""strength"":""weak"",""observation"":""Official DINOv2 representation stability under the fixed perturbation."",""limitations"":""The fixed binary operating point was estimated on separate calibration groups.""}","{""tool"":""ProvenanceInspector"",""evidence_type"":""none"",""verdict"":""inconclusive"",""score"":null,""strength"":""none"",""observation"":""No C2PA claim or usable origin-bearing metadata was found."",""limitations"":""Metadata can be absent, stripped, or forged; untrusted claims do not establish origin.""}"
probe_eval_data/real/r00b8d4a2t.png,r00b8d4a2t,r00b8d4a2t,r00b8d4a2t:raise,0,raise,7.44974531698972e-05,0,1,0.999997615814209,1,0,0.499997615814209,-0.9939931631088257,0,1,0.9669939875602722,1,0,0,none,none,"{""tool"":""PatchCraft"",""evidence_type"":""local_texture"",""verdict"":""fake"",""score"":0.999997615814209,""strength"":""weak"",""observation"":""Official PatchCraft binary output; raw sigmoid score retained."",""limitations"":""Patch/residual evidence may be affected by resizing or compression.""}","{""tool"":""RIGID"",""evidence_type"":""perturbation_stability"",""verdict"":""real"",""score"":-0.9939931631088257,""strength"":""weak"",""observation"":""Official DINOv2 representation stability under the fixed perturbation."",""limitations"":""The fixed binary operating point was estimated on separate calibration groups.""}","{""tool"":""ProvenanceInspector"",""evidence_type"":""none"",""verdict"":""inconclusive"",""score"":null,""strength"":""none"",""observation"":""No C2PA claim or usable origin-bearing metadata was found."",""limitations"":""Metadata can be absent, stripped, or forged; untrusted claims do not establish origin.""}"
probe_eval_data/fake_flux/r00b8d4a2t.png,r00b8d4a2t,r00b8d4a2t,r00b8d4a2t:flux,1,flux,0.9793983101844788,1,1,0.09357596933841705,0,0,0.40642403066158295,-0.9890798330307007,0,0,0.955102264881134,0,0,0,none,none,"{""tool"":""PatchCraft"",""evidence_type"":""local_texture"",""verdict"":""real"",""score"":0.09357596933841705,""strength"":""weak"",""observation"":""Official PatchCraft binary output; raw sigmoid score retained."",""limitations"":""Patch/residual evidence may be affected by resizing or compression.""}","{""tool"":""RIGID"",""evidence_type"":""perturbation_stability"",""verdict"":""real"",""score"":-0.9890798330307007,""strength"":""weak"",""observation"":""Official DINOv2 representation stability under the fixed perturbation."",""limitations"":""The fixed binary operating point was estimated on separate calibration groups.""}","{""tool"":""ProvenanceInspector"",""evidence_type"":""none"",""verdict"":""inconclusive"",""score"":null,""strength"":""none"",""observation"":""No C2PA claim or usable origin-bearing metadata was found."",""limitations"":""Metadata can be absent, stripped, or forged; untrusted claims do not establish origin.""}"
probe_eval_data/fake_sd35/r00b8d4a2t.png,r00b8d4a2t,r00b8d4a2t,r00b8d4a2t:sd3_5,1,sd3_5,0.9998881816864014,1,1,0.9941641688346863,1,1,0.4941641688346863,-0.9940469861030579,0,0,0.9439395666122437,0,0,0,none,none,"{""tool"":""PatchCraft"",""evidence_type"":""local_texture"",""verdict"":""fake"",""score"":0.9941641688346863,""strength"":""weak"",""observation"":""Official PatchCraft binary output; raw sigmoid score retained."",""limitations"":""Patch/residual evidence may be affected by resizing or compression.""}","{""tool"":""RIGID"",""evidence_type"":""perturbation_stability"",""verdict"":""real"",""score"":-0.9940469861030579,""strength"":""weak"",""observation"":""Official DINOv2 representation stability under the fixed perturbation."",""limitations"":""The fixed binary operating point was estimated on separate calibration groups.""}","{""tool"":""ProvenanceInspector"",""evidence_type"":""none"",""verdict"":""inconclusive"",""score"":null,""strength"":""none"",""observation"":""No C2PA claim or usable origin-bearing metadata was found."",""limitations"":""Metadata can be absent, stripped, or forged; untrusted claims do not establish origin.""}"
probe_eval_data/real/r088dcebft.png,r088dcebft,r088dcebft,r088dcebft:raise,0,raise,0.0022164529655128717,0,1,0.9994081258773804,1,0,0.49940812587738037,-0.9628440737724304,1,0,0.9402994513511658,0,1,0,none,none,"{""tool"":""PatchCraft"",""evidence_type"":""local_texture"",""verdict"":""fake"",""score"":0.9994081258773804,""strength"":""weak"",""observation"":""Official PatchCraft binary output; raw sigmoid score retained."",""limitations"":""Patch/residual evidence may be affected by resizing or compression.""}","{""tool"":""RIGID"",""evidence_type"":""perturbation_stability"",""verdict"":""fake"",""score"":-0.9628440737724304,""strength"":""weak"",""observation"":""Official DINOv2 representation stability under the fixed perturbation."",""limitations"":""The fixed binary operating point was estimated on separate calibration groups.""}","{""tool"":""ProvenanceInspector"",""evidence_type"":""none"",""verdict"":""inconclusive"",""score"":null,""strength"":""none"",""observation"":""No C2PA claim or usable origin-bearing metadata was found."",""limitations"":""Metadata can be absent, stripped, or forged; untrusted claims do not establish origin.""}"
probe_eval_data/fake_flux/r088dcebft.png,r088dcebft,r088dcebft,r088dcebft:flux,1,flux,0.976403534412384,1,1,0.3785136640071869,0,0,0.12148633599281311,-0.9754257798194885,0,0,0.9601057171821594,1,1,0,none,none,"{""tool"":""PatchCraft"",""evidence_type"":""local_texture"",""verdict"":""real"",""score"":0.3785136640071869,""strength"":""weak"",""observation"":""Official PatchCraft binary output; raw sigmoid score retained."",""limitations"":""Patch/residual evidence may be affected by resizing or compression.""}","{""tool"":""RIGID"",""evidence_type"":""perturbation_stability"",""verdict"":""real"",""score"":-0.9754257798194885,""strength"":""weak"",""observation"":""Official DINOv2 representation stability under the fixed perturbation."",""limitations"":""The fixed binary operating point was estimated on separate calibration groups.""}","{""tool"":""ProvenanceInspector"",""evidence_type"":""none"",""verdict"":""inconclusive"",""score"":null,""strength"":""none"",""observation"":""No C2PA claim or usable origin-bearing metadata was found."",""limitations"":""Metadata can be absent, stripped, or forged; untrusted claims do not establish origin.""}"
probe_eval_data/fake_sd35/r088dcebft.png,r088dcebft,r088dcebft,r088dcebft:sd3_5,1,sd3_5,0.9950502514839172,1,1,0.9999281167984009,1,1,0.4999281167984009,-0.9779497385025024,0,0,0.9598361253738403,1,1,0,none,none,"{""tool"":""PatchCraft"",""evidence_type"":""local_texture"",""verdict"":""fake"",""score"":0.9999281167984009,""strength"":""weak"",""observation"":""Official PatchCraft binary output; raw sigmoid score retained."",""limitations"":""Patch/residual evidence may be affected by resizing or compression.""}","{""tool"":""RIGID"",""evidence_type"":""perturbation_stability"",""verdict"":""real"",""score"":-0.9779497385025024,""strength"":""weak"",""observation"":""Official DINOv2 representation stability under the fixed perturbation."",""limitations"":""The fixed binary operating point was estimated on separate calibration groups.""}","{""tool"":""ProvenanceInspector"",""evidence_type"":""none"",""verdict"":""inconclusive"",""score"":null,""strength"":""none"",""observation"":""No C2PA claim or usable origin-bearing metadata was found."",""limitations"":""Metadata can be absent, stripped, or forged; untrusted claims do not establish origin.""}"
