path,sample_id,source_group_id,ground_truth,generator,c2pa_present,c2pa_valid,c2pa_trusted,c2pa_validation_status,digital_source_type,generator_claim,software_agent,exif_present,camera_make,camera_model,software,datetime_original,xmp_present,iptc_present,image_format,width,height,camera_metadata_present,software_metadata_present,provenance_evidence_type,provenance_strength,actionable,notes,c2patool_exit_code,exiftool_exit_code,seconds,unified_output_json
/root/autodl-tmp/probe-dinov2-bfree-20261001/data/probe_eval_data/real/r0c03e364t.png,r0c03e364t:raise,r0c03e364t,0,raise,,,,TOOL_UNAVAILABLE,,,,0,,,,,0,0,PNG,1258,833,0,0,none,none,0,C2PA was not evaluated because the official parser could not start; metadata absence or non-origin-bearing tags are inconclusive about origin.,,0,0.178423,"{""tool"":""ProvenanceInspector"",""evidence_type"":""none"",""verdict"":""inconclusive"",""score"":null,""strength"":""none"",""observation"":""C2PA status is unknown; EXIF/XMP/IPTC metadata was extracted without inferring origin."",""limitations"":""C2PA parser was unavailable. Metadata can be absent, stripped, or forged; claims not verified by the parser do not establish origin.""}"
/root/autodl-tmp/probe-dinov2-bfree-20261001/data/probe_eval_data/fake_flux/r0c03e364t.png,r0c03e364t:flux,r0c03e364t,1,flux,,,,TOOL_UNAVAILABLE,,,,0,,,,,0,0,PNG,1024,1024,0,0,none,none,0,C2PA was not evaluated because the official parser could not start; metadata absence or non-origin-bearing tags are inconclusive about origin.,,0,0.127633,"{""tool"":""ProvenanceInspector"",""evidence_type"":""none"",""verdict"":""inconclusive"",""score"":null,""strength"":""none"",""observation"":""C2PA status is unknown; EXIF/XMP/IPTC metadata was extracted without inferring origin."",""limitations"":""C2PA parser was unavailable. Metadata can be absent, stripped, or forged; claims not verified by the parser do not establish origin.""}"
/root/autodl-tmp/probe-dinov2-bfree-20261001/data/probe_eval_data/fake_sd35/r0c03e364t.png,r0c03e364t:sd3_5,r0c03e364t,1,sd3_5,,,,TOOL_UNAVAILABLE,,,,0,,,,,0,0,PNG,1024,1024,0,0,none,none,0,C2PA was not evaluated because the official parser could not start; metadata absence or non-origin-bearing tags are inconclusive about origin.,,0,0.166642,"{""tool"":""ProvenanceInspector"",""evidence_type"":""none"",""verdict"":""inconclusive"",""score"":null,""strength"":""none"",""observation"":""C2PA status is unknown; EXIF/XMP/IPTC metadata was extracted without inferring origin."",""limitations"":""C2PA parser was unavailable. Metadata can be absent, stripped, or forged; claims not verified by the parser do not establish origin.""}"
/root/autodl-tmp/probe-dinov2-bfree-20261001/data/probe_eval_data/real/r12f3bbfat.png,r12f3bbfat:raise,r12f3bbfat,0,raise,,,,TOOL_UNAVAILABLE,,,,0,,,,,0,0,PNG,1258,833,0,0,none,none,0,C2PA was not evaluated because the official parser could not start; metadata absence or non-origin-bearing tags are inconclusive about origin.,,0,0.158839,"{""tool"":""ProvenanceInspector"",""evidence_type"":""none"",""verdict"":""inconclusive"",""score"":null,""strength"":""none"",""observation"":""C2PA status is unknown; EXIF/XMP/IPTC metadata was extracted without inferring origin."",""limitations"":""C2PA parser was unavailable. Metadata can be absent, stripped, or forged; claims not verified by the parser do not establish origin.""}"
/root/autodl-tmp/probe-dinov2-bfree-20261001/data/probe_eval_data/fake_flux/r12f3bbfat.png,r12f3bbfat:flux,r12f3bbfat,1,flux,,,,TOOL_UNAVAILABLE,,,,0,,,,,0,0,PNG,1024,1024,0,0,none,none,0,C2PA was not evaluated because the official parser could not start; metadata absence or non-origin-bearing tags are inconclusive about origin.,,0,0.123618,"{""tool"":""ProvenanceInspector"",""evidence_type"":""none"",""verdict"":""inconclusive"",""score"":null,""strength"":""none"",""observation"":""C2PA status is unknown; EXIF/XMP/IPTC metadata was extracted without inferring origin."",""limitations"":""C2PA parser was unavailable. Metadata can be absent, stripped, or forged; claims not verified by the parser do not establish origin.""}"
/root/autodl-tmp/probe-dinov2-bfree-20261001/data/probe_eval_data/fake_sd35/r12f3bbfat.png,r12f3bbfat:sd3_5,r12f3bbfat,1,sd3_5,,,,TOOL_UNAVAILABLE,,,,0,,,,,0,0,PNG,1024,1024,0,0,none,none,0,C2PA was not evaluated because the official parser could not start; metadata absence or non-origin-bearing tags are inconclusive about origin.,,0,0.100155,"{""tool"":""ProvenanceInspector"",""evidence_type"":""none"",""verdict"":""inconclusive"",""score"":null,""strength"":""none"",""observation"":""C2PA status is unknown; EXIF/XMP/IPTC metadata was extracted without inferring origin."",""limitations"":""C2PA parser was unavailable. Metadata can be absent, stripped, or forged; claims not verified by the parser do not establish origin.""}"
/root/autodl-tmp/probe-dinov2-bfree-20261001/data/probe_eval_data/real/r1c070921t.png,r1c070921t:raise,r1c070921t,0,raise,,,,TOOL_UNAVAILABLE,,,,0,,,,,0,0,PNG,1258,833,0,0,none,none,0,C2PA was not evaluated because the official parser could not start; metadata absence or non-origin-bearing tags are inconclusive about origin.,,0,0.153572,"{""tool"":""ProvenanceInspector"",""evidence_type"":""none"",""verdict"":""inconclusive"",""score"":null,""strength"":""none"",""observation"":""C2PA status is unknown; EXIF/XMP/IPTC metadata was extracted without inferring origin."",""limitations"":""C2PA parser was unavailable. Metadata can be absent, stripped, or forged; claims not verified by the parser do not establish origin.""}"
/root/autodl-tmp/probe-dinov2-bfree-20261001/data/probe_eval_data/fake_flux/r1c070921t.png,r1c070921t:flux,r1c070921t,1,flux,,,,TOOL_UNAVAILABLE,,,,0,,,,,0,0,PNG,1024,1024,0,0,none,none,0,C2PA was not evaluated because the official parser could not start; metadata absence or non-origin-bearing tags are inconclusive about origin.,,0,0.126733,"{""tool"":""ProvenanceInspector"",""evidence_type"":""none"",""verdict"":""inconclusive"",""score"":null,""strength"":""none"",""observation"":""C2PA status is unknown; EXIF/XMP/IPTC metadata was extracted without inferring origin."",""limitations"":""C2PA parser was unavailable. Metadata can be absent, stripped, or forged; claims not verified by the parser do not establish origin.""}"
/root/autodl-tmp/probe-dinov2-bfree-20261001/data/probe_eval_data/fake_sd35/r1c070921t.png,r1c070921t:sd3_5,r1c070921t,1,sd3_5,,,,TOOL_UNAVAILABLE,,,,0,,,,,0,0,PNG,1024,1024,0,0,none,none,0,C2PA was not evaluated because the official parser could not start; metadata absence or non-origin-bearing tags are inconclusive about origin.,,0,0.136515,"{""tool"":""ProvenanceInspector"",""evidence_type"":""none"",""verdict"":""inconclusive"",""score"":null,""strength"":""none"",""observation"":""C2PA status is unknown; EXIF/XMP/IPTC metadata was extracted without inferring origin."",""limitations"":""C2PA parser was unavailable. Metadata can be absent, stripped, or forged; claims not verified by the parser do not establish origin.""}"
/root/autodl-tmp/probe-dinov2-bfree-20261001/data/probe_eval_data/real/r08b05c94t.png,r08b05c94t:raise,r08b05c94t,0,raise,,,,TOOL_UNAVAILABLE,,,,0,,,,,0,0,PNG,1258,833,0,0,none,none,0,C2PA was not evaluated because the official parser could not start; metadata absence or non-origin-bearing tags are inconclusive about origin.,,0,0.154284,"{""tool"":""ProvenanceInspector"",""evidence_type"":""none"",""verdict"":""inconclusive"",""score"":null,""strength"":""none"",""observation"":""C2PA status is unknown; EXIF/XMP/IPTC metadata was extracted without inferring origin."",""limitations"":""C2PA parser was unavailable. Metadata can be absent, stripped, or forged; claims not verified by the parser do not establish origin.""}"
/root/autodl-tmp/probe-dinov2-bfree-20261001/data/probe_eval_data/fake_flux/r08b05c94t.png,r08b05c94t:flux,r08b05c94t,1,flux,,,,TOOL_UNAVAILABLE,,,,0,,,,,0,0,PNG,1024,1024,0,0,none,none,0,C2PA was not evaluated because the official parser could not start; metadata absence or non-origin-bearing tags are inconclusive about origin.,,0,0.124754,"{""tool"":""ProvenanceInspector"",""evidence_type"":""none"",""verdict"":""inconclusive"",""score"":null,""strength"":""none"",""observation"":""C2PA status is unknown; EXIF/XMP/IPTC metadata was extracted without inferring origin."",""limitations"":""C2PA parser was unavailable. Metadata can be absent, stripped, or forged; claims not verified by the parser do not establish origin.""}"
/root/autodl-tmp/probe-dinov2-bfree-20261001/data/probe_eval_data/fake_sd35/r08b05c94t.png,r08b05c94t:sd3_5,r08b05c94t,1,sd3_5,,,,TOOL_UNAVAILABLE,,,,0,,,,,0,0,PNG,1024,1024,0,0,none,none,0,C2PA was not evaluated because the official parser could not start; metadata absence or non-origin-bearing tags are inconclusive about origin.,,0,0.10042,"{""tool"":""ProvenanceInspector"",""evidence_type"":""none"",""verdict"":""inconclusive"",""score"":null,""strength"":""none"",""observation"":""C2PA status is unknown; EXIF/XMP/IPTC metadata was extracted without inferring origin."",""limitations"":""C2PA parser was unavailable. Metadata can be absent, stripped, or forged; claims not verified by the parser do not establish origin.""}"
/root/autodl-tmp/probe-dinov2-bfree-20261001/data/probe_eval_data/real/r0ed844b5t.png,r0ed844b5t:raise,r0ed844b5t,0,raise,,,,TOOL_UNAVAILABLE,,,,0,,,,,0,0,PNG,833,1258,0,0,none,none,0,C2PA was not evaluated because the official parser could not start; metadata absence or non-origin-bearing tags are inconclusive about origin.,,0,0.150151,"{""tool"":""ProvenanceInspector"",""evidence_type"":""none"",""verdict"":""inconclusive"",""score"":null,""strength"":""none"",""observation"":""C2PA status is unknown; EXIF/XMP/IPTC metadata was extracted without inferring origin."",""limitations"":""C2PA parser was unavailable. Metadata can be absent, stripped, or forged; claims not verified by the parser do not establish origin.""}"
/root/autodl-tmp/probe-dinov2-bfree-20261001/data/probe_eval_data/fake_flux/r0ed844b5t.png,r0ed844b5t:flux,r0ed844b5t,1,flux,,,,TOOL_UNAVAILABLE,,,,0,,,,,0,0,PNG,1024,1024,0,0,none,none,0,C2PA was not evaluated because the official parser could not start; metadata absence or non-origin-bearing tags are inconclusive about origin.,,0,0.097457,"{""tool"":""ProvenanceInspector"",""evidence_type"":""none"",""verdict"":""inconclusive"",""score"":null,""strength"":""none"",""observation"":""C2PA status is unknown; EXIF/XMP/IPTC metadata was extracted without inferring origin."",""limitations"":""C2PA parser was unavailable. Metadata can be absent, stripped, or forged; claims not verified by the parser do not establish origin.""}"
/root/autodl-tmp/probe-dinov2-bfree-20261001/data/probe_eval_data/fake_sd35/r0ed844b5t.png,r0ed844b5t:sd3_5,r0ed844b5t,1,sd3_5,,,,TOOL_UNAVAILABLE,,,,0,,,,,0,0,PNG,1024,1024,0,0,none,none,0,C2PA was not evaluated because the official parser could not start; metadata absence or non-origin-bearing tags are inconclusive about origin.,,0,0.12209,"{""tool"":""ProvenanceInspector"",""evidence_type"":""none"",""verdict"":""inconclusive"",""score"":null,""strength"":""none"",""observation"":""C2PA status is unknown; EXIF/XMP/IPTC metadata was extracted without inferring origin."",""limitations"":""C2PA parser was unavailable. Metadata can be absent, stripped, or forged; claims not verified by the parser do not establish origin.""}"
/root/autodl-tmp/probe-dinov2-bfree-20261001/data/probe_eval_data/real/r0773471dt.png,r0773471dt:raise,r0773471dt,0,raise,,,,TOOL_UNAVAILABLE,,,,0,,,,,0,0,PNG,1258,833,0,0,none,none,0,C2PA was not evaluated because the official parser could not start; metadata absence or non-origin-bearing tags are inconclusive about origin.,,0,0.151045,"{""tool"":""ProvenanceInspector"",""evidence_type"":""none"",""verdict"":""inconclusive"",""score"":null,""strength"":""none"",""observation"":""C2PA status is unknown; EXIF/XMP/IPTC metadata was extracted without inferring origin."",""limitations"":""C2PA parser was unavailable. Metadata can be absent, stripped, or forged; claims not verified by the parser do not establish origin.""}"
/root/autodl-tmp/probe-dinov2-bfree-20261001/data/probe_eval_data/fake_flux/r0773471dt.png,r0773471dt:flux,r0773471dt,1,flux,,,,TOOL_UNAVAILABLE,,,,0,,,,,0,0,PNG,1024,1024,0,0,none,none,0,C2PA was not evaluated because the official parser could not start; metadata absence or non-origin-bearing tags are inconclusive about origin.,,0,0.098446,"{""tool"":""ProvenanceInspector"",""evidence_type"":""none"",""verdict"":""inconclusive"",""score"":null,""strength"":""none"",""observation"":""C2PA status is unknown; EXIF/XMP/IPTC metadata was extracted without inferring origin."",""limitations"":""C2PA parser was unavailable. Metadata can be absent, stripped, or forged; claims not verified by the parser do not establish origin.""}"
/root/autodl-tmp/probe-dinov2-bfree-20261001/data/probe_eval_data/fake_sd35/r0773471dt.png,r0773471dt:sd3_5,r0773471dt,1,sd3_5,,,,TOOL_UNAVAILABLE,,,,0,,,,,0,0,PNG,1024,1024,0,0,none,none,0,C2PA was not evaluated because the official parser could not start; metadata absence or non-origin-bearing tags are inconclusive about origin.,,0,0.127068,"{""tool"":""ProvenanceInspector"",""evidence_type"":""none"",""verdict"":""inconclusive"",""score"":null,""strength"":""none"",""observation"":""C2PA status is unknown; EXIF/XMP/IPTC metadata was extracted without inferring origin."",""limitations"":""C2PA parser was unavailable. Metadata can be absent, stripped, or forged; claims not verified by the parser do not establish origin.""}"
/root/autodl-tmp/probe-dinov2-bfree-20261001/data/probe_eval_data/real/r1c402787t.png,r1c402787t:raise,r1c402787t,0,raise,,,,TOOL_UNAVAILABLE,,,,0,,,,,0,0,PNG,1258,833,0,0,none,none,0,C2PA was not evaluated because the official parser could not start; metadata absence or non-origin-bearing tags are inconclusive about origin.,,0,0.175181,"{""tool"":""ProvenanceInspector"",""evidence_type"":""none"",""verdict"":""inconclusive"",""score"":null,""strength"":""none"",""observation"":""C2PA status is unknown; EXIF/XMP/IPTC metadata was extracted without inferring origin."",""limitations"":""C2PA parser was unavailable. Metadata can be absent, stripped, or forged; claims not verified by the parser do not establish origin.""}"
/root/autodl-tmp/probe-dinov2-bfree-20261001/data/probe_eval_data/fake_flux/r1c402787t.png,r1c402787t:flux,r1c402787t,1,flux,,,,TOOL_UNAVAILABLE,,,,0,,,,,0,0,PNG,1024,1024,0,0,none,none,0,C2PA was not evaluated because the official parser could not start; metadata absence or non-origin-bearing tags are inconclusive about origin.,,0,0.147472,"{""tool"":""ProvenanceInspector"",""evidence_type"":""none"",""verdict"":""inconclusive"",""score"":null,""strength"":""none"",""observation"":""C2PA status is unknown; EXIF/XMP/IPTC metadata was extracted without inferring origin."",""limitations"":""C2PA parser was unavailable. Metadata can be absent, stripped, or forged; claims not verified by the parser do not establish origin.""}"
/root/autodl-tmp/probe-dinov2-bfree-20261001/data/probe_eval_data/fake_sd35/r1c402787t.png,r1c402787t:sd3_5,r1c402787t,1,sd3_5,,,,TOOL_UNAVAILABLE,,,,0,,,,,0,0,PNG,1024,1024,0,0,none,none,0,C2PA was not evaluated because the official parser could not start; metadata absence or non-origin-bearing tags are inconclusive about origin.,,0,0.122709,"{""tool"":""ProvenanceInspector"",""evidence_type"":""none"",""verdict"":""inconclusive"",""score"":null,""strength"":""none"",""observation"":""C2PA status is unknown; EXIF/XMP/IPTC metadata was extracted without inferring origin."",""limitations"":""C2PA parser was unavailable. Metadata can be absent, stripped, or forged; claims not verified by the parser do not establish origin.""}"
/root/autodl-tmp/probe-dinov2-bfree-20261001/data/probe_eval_data/real/r1743fb6bt.png,r1743fb6bt:raise,r1743fb6bt,0,raise,,,,TOOL_UNAVAILABLE,,,,0,,,,,0,0,PNG,1256,835,0,0,none,none,0,C2PA was not evaluated because the official parser could not start; metadata absence or non-origin-bearing tags are inconclusive about origin.,,0,0.141338,"{""tool"":""ProvenanceInspector"",""evidence_type"":""none"",""verdict"":""inconclusive"",""score"":null,""strength"":""none"",""observation"":""C2PA status is unknown; EXIF/XMP/IPTC metadata was extracted without inferring origin."",""limitations"":""C2PA parser was unavailable. Metadata can be absent, stripped, or forged; claims not verified by the parser do not establish origin.""}"
/root/autodl-tmp/probe-dinov2-bfree-20261001/data/probe_eval_data/fake_flux/r1743fb6bt.png,r1743fb6bt:flux,r1743fb6bt,1,flux,,,,TOOL_UNAVAILABLE,,,,0,,,,,0,0,PNG,1024,1024,0,0,none,none,0,C2PA was not evaluated because the official parser could not start; metadata absence or non-origin-bearing tags are inconclusive about origin.,,0,0.124277,"{""tool"":""ProvenanceInspector"",""evidence_type"":""none"",""verdict"":""inconclusive"",""score"":null,""strength"":""none"",""observation"":""C2PA status is unknown; EXIF/XMP/IPTC metadata was extracted without inferring origin."",""limitations"":""C2PA parser was unavailable. Metadata can be absent, stripped, or forged; claims not verified by the parser do not establish origin.""}"
/root/autodl-tmp/probe-dinov2-bfree-20261001/data/probe_eval_data/fake_sd35/r1743fb6bt.png,r1743fb6bt:sd3_5,r1743fb6bt,1,sd3_5,,,,TOOL_UNAVAILABLE,,,,0,,,,,0,0,PNG,1024,1024,0,0,none,none,0,C2PA was not evaluated because the official parser could not start; metadata absence or non-origin-bearing tags are inconclusive about origin.,,0,0.12171,"{""tool"":""ProvenanceInspector"",""evidence_type"":""none"",""verdict"":""inconclusive"",""score"":null,""strength"":""none"",""observation"":""C2PA status is unknown; EXIF/XMP/IPTC metadata was extracted without inferring origin."",""limitations"":""C2PA parser was unavailable. Metadata can be absent, stripped, or forged; claims not verified by the parser do not establish origin.""}"
/root/autodl-tmp/probe-dinov2-bfree-20261001/data/probe_eval_data/real/r1a2d8b02t.png,r1a2d8b02t:raise,r1a2d8b02t,0,raise,,,,TOOL_UNAVAILABLE,,,,0,,,,,0,0,PNG,1256,835,0,0,none,none,0,C2PA was not evaluated because the official parser could not start; metadata absence or non-origin-bearing tags are inconclusive about origin.,,0,0.149812,"{""tool"":""ProvenanceInspector"",""evidence_type"":""none"",""verdict"":""inconclusive"",""score"":null,""strength"":""none"",""observation"":""C2PA status is unknown; EXIF/XMP/IPTC metadata was extracted without inferring origin."",""limitations"":""C2PA parser was unavailable. Metadata can be absent, stripped, or forged; claims not verified by the parser do not establish origin.""}"
/root/autodl-tmp/probe-dinov2-bfree-20261001/data/probe_eval_data/fake_flux/r1a2d8b02t.png,r1a2d8b02t:flux,r1a2d8b02t,1,flux,,,,TOOL_UNAVAILABLE,,,,0,,,,,0,0,PNG,1024,1024,0,0,none,none,0,C2PA was not evaluated because the official parser could not start; metadata absence or non-origin-bearing tags are inconclusive about origin.,,0,0.123532,"{""tool"":""ProvenanceInspector"",""evidence_type"":""none"",""verdict"":""inconclusive"",""score"":null,""strength"":""none"",""observation"":""C2PA status is unknown; EXIF/XMP/IPTC metadata was extracted without inferring origin."",""limitations"":""C2PA parser was unavailable. Metadata can be absent, stripped, or forged; claims not verified by the parser do not establish origin.""}"
/root/autodl-tmp/probe-dinov2-bfree-20261001/data/probe_eval_data/fake_sd35/r1a2d8b02t.png,r1a2d8b02t:sd3_5,r1a2d8b02t,1,sd3_5,,,,TOOL_UNAVAILABLE,,,,0,,,,,0,0,PNG,1024,1024,0,0,none,none,0,C2PA was not evaluated because the official parser could not start; metadata absence or non-origin-bearing tags are inconclusive about origin.,,0,0.133845,"{""tool"":""ProvenanceInspector"",""evidence_type"":""none"",""verdict"":""inconclusive"",""score"":null,""strength"":""none"",""observation"":""C2PA status is unknown; EXIF/XMP/IPTC metadata was extracted without inferring origin."",""limitations"":""C2PA parser was unavailable. Metadata can be absent, stripped, or forged; claims not verified by the parser do not establish origin.""}"
/root/autodl-tmp/probe-dinov2-bfree-20261001/data/probe_eval_data/real/r07d5eb94t.png,r07d5eb94t:raise,r07d5eb94t,0,raise,,,,TOOL_UNAVAILABLE,,,,0,,,,,0,0,PNG,1258,833,0,0,none,none,0,C2PA was not evaluated because the official parser could not start; metadata absence or non-origin-bearing tags are inconclusive about origin.,,0,0.15514,"{""tool"":""ProvenanceInspector"",""evidence_type"":""none"",""verdict"":""inconclusive"",""score"":null,""strength"":""none"",""observation"":""C2PA status is unknown; EXIF/XMP/IPTC metadata was extracted without inferring origin."",""limitations"":""C2PA parser was unavailable. Metadata can be absent, stripped, or forged; claims not verified by the parser do not establish origin.""}"
/root/autodl-tmp/probe-dinov2-bfree-20261001/data/probe_eval_data/fake_flux/r07d5eb94t.png,r07d5eb94t:flux,r07d5eb94t,1,flux,,,,TOOL_UNAVAILABLE,,,,0,,,,,0,0,PNG,1024,1024,0,0,none,none,0,C2PA was not evaluated because the official parser could not start; metadata absence or non-origin-bearing tags are inconclusive about origin.,,0,0.133422,"{""tool"":""ProvenanceInspector"",""evidence_type"":""none"",""verdict"":""inconclusive"",""score"":null,""strength"":""none"",""observation"":""C2PA status is unknown; EXIF/XMP/IPTC metadata was extracted without inferring origin."",""limitations"":""C2PA parser was unavailable. Metadata can be absent, stripped, or forged; claims not verified by the parser do not establish origin.""}"
/root/autodl-tmp/probe-dinov2-bfree-20261001/data/probe_eval_data/fake_sd35/r07d5eb94t.png,r07d5eb94t:sd3_5,r07d5eb94t,1,sd3_5,,,,TOOL_UNAVAILABLE,,,,0,,,,,0,0,PNG,1024,1024,0,0,none,none,0,C2PA was not evaluated because the official parser could not start; metadata absence or non-origin-bearing tags are inconclusive about origin.,,0,0.12706,"{""tool"":""ProvenanceInspector"",""evidence_type"":""none"",""verdict"":""inconclusive"",""score"":null,""strength"":""none"",""observation"":""C2PA status is unknown; EXIF/XMP/IPTC metadata was extracted without inferring origin."",""limitations"":""C2PA parser was unavailable. Metadata can be absent, stripped, or forged; claims not verified by the parser do not establish origin.""}"
/root/autodl-tmp/probe-dinov2-bfree-20261001/data/probe_eval_data/real/r0f91c753t.png,r0f91c753t:raise,r0f91c753t,0,raise,,,,TOOL_UNAVAILABLE,,,,0,,,,,0,0,PNG,833,1258,0,0,none,none,0,C2PA was not evaluated because the official parser could not start; metadata absence or non-origin-bearing tags are inconclusive about origin.,,0,0.156209,"{""tool"":""ProvenanceInspector"",""evidence_type"":""none"",""verdict"":""inconclusive"",""score"":null,""strength"":""none"",""observation"":""C2PA status is unknown; EXIF/XMP/IPTC metadata was extracted without inferring origin."",""limitations"":""C2PA parser was unavailable. Metadata can be absent, stripped, or forged; claims not verified by the parser do not establish origin.""}"
/root/autodl-tmp/probe-dinov2-bfree-20261001/data/probe_eval_data/fake_flux/r0f91c753t.png,r0f91c753t:flux,r0f91c753t,1,flux,,,,TOOL_UNAVAILABLE,,,,0,,,,,0,0,PNG,1024,1024,0,0,none,none,0,C2PA was not evaluated because the official parser could not start; metadata absence or non-origin-bearing tags are inconclusive about origin.,,0,0.128723,"{""tool"":""ProvenanceInspector"",""evidence_type"":""none"",""verdict"":""inconclusive"",""score"":null,""strength"":""none"",""observation"":""C2PA status is unknown; EXIF/XMP/IPTC metadata was extracted without inferring origin."",""limitations"":""C2PA parser was unavailable. Metadata can be absent, stripped, or forged; claims not verified by the parser do not establish origin.""}"
/root/autodl-tmp/probe-dinov2-bfree-20261001/data/probe_eval_data/fake_sd35/r0f91c753t.png,r0f91c753t:sd3_5,r0f91c753t,1,sd3_5,,,,TOOL_UNAVAILABLE,,,,0,,,,,0,0,PNG,1024,1024,0,0,none,none,0,C2PA was not evaluated because the official parser could not start; metadata absence or non-origin-bearing tags are inconclusive about origin.,,0,0.118164,"{""tool"":""ProvenanceInspector"",""evidence_type"":""none"",""verdict"":""inconclusive"",""score"":null,""strength"":""none"",""observation"":""C2PA status is unknown; EXIF/XMP/IPTC metadata was extracted without inferring origin."",""limitations"":""C2PA parser was unavailable. Metadata can be absent, stripped, or forged; claims not verified by the parser do not establish origin.""}"
/root/autodl-tmp/probe-dinov2-bfree-20261001/data/probe_eval_data/real/r0eba1984t.png,r0eba1984t:raise,r0eba1984t,0,raise,,,,TOOL_UNAVAILABLE,,,,0,,,,,0,0,PNG,1258,833,0,0,none,none,0,C2PA was not evaluated because the official parser could not start; metadata absence or non-origin-bearing tags are inconclusive about origin.,,0,0.153675,"{""tool"":""ProvenanceInspector"",""evidence_type"":""none"",""verdict"":""inconclusive"",""score"":null,""strength"":""none"",""observation"":""C2PA status is unknown; EXIF/XMP/IPTC metadata was extracted without inferring origin."",""limitations"":""C2PA parser was unavailable. Metadata can be absent, stripped, or forged; claims not verified by the parser do not establish origin.""}"
/root/autodl-tmp/probe-dinov2-bfree-20261001/data/probe_eval_data/fake_flux/r0eba1984t.png,r0eba1984t:flux,r0eba1984t,1,flux,,,,TOOL_UNAVAILABLE,,,,0,,,,,0,0,PNG,1024,1024,0,0,none,none,0,C2PA was not evaluated because the official parser could not start; metadata absence or non-origin-bearing tags are inconclusive about origin.,,0,0.128118,"{""tool"":""ProvenanceInspector"",""evidence_type"":""none"",""verdict"":""inconclusive"",""score"":null,""strength"":""none"",""observation"":""C2PA status is unknown; EXIF/XMP/IPTC metadata was extracted without inferring origin."",""limitations"":""C2PA parser was unavailable. Metadata can be absent, stripped, or forged; claims not verified by the parser do not establish origin.""}"
/root/autodl-tmp/probe-dinov2-bfree-20261001/data/probe_eval_data/fake_sd35/r0eba1984t.png,r0eba1984t:sd3_5,r0eba1984t,1,sd3_5,,,,TOOL_UNAVAILABLE,,,,0,,,,,0,0,PNG,1024,1024,0,0,none,none,0,C2PA was not evaluated because the official parser could not start; metadata absence or non-origin-bearing tags are inconclusive about origin.,,0,0.121121,"{""tool"":""ProvenanceInspector"",""evidence_type"":""none"",""verdict"":""inconclusive"",""score"":null,""strength"":""none"",""observation"":""C2PA status is unknown; EXIF/XMP/IPTC metadata was extracted without inferring origin."",""limitations"":""C2PA parser was unavailable. Metadata can be absent, stripped, or forged; claims not verified by the parser do not establish origin.""}"
/root/autodl-tmp/probe-dinov2-bfree-20261001/data/probe_eval_data/real/r09c8e042t.png,r09c8e042t:raise,r09c8e042t,0,raise,,,,TOOL_UNAVAILABLE,,,,0,,,,,0,0,PNG,1258,833,0,0,none,none,0,C2PA was not evaluated because the official parser could not start; metadata absence or non-origin-bearing tags are inconclusive about origin.,,0,0.162911,"{""tool"":""ProvenanceInspector"",""evidence_type"":""none"",""verdict"":""inconclusive"",""score"":null,""strength"":""none"",""observation"":""C2PA status is unknown; EXIF/XMP/IPTC metadata was extracted without inferring origin."",""limitations"":""C2PA parser was unavailable. Metadata can be absent, stripped, or forged; claims not verified by the parser do not establish origin.""}"
/root/autodl-tmp/probe-dinov2-bfree-20261001/data/probe_eval_data/fake_flux/r09c8e042t.png,r09c8e042t:flux,r09c8e042t,1,flux,,,,TOOL_UNAVAILABLE,,,,0,,,,,0,0,PNG,1024,1024,0,0,none,none,0,C2PA was not evaluated because the official parser could not start; metadata absence or non-origin-bearing tags are inconclusive about origin.,,0,0.12722,"{""tool"":""ProvenanceInspector"",""evidence_type"":""none"",""verdict"":""inconclusive"",""score"":null,""strength"":""none"",""observation"":""C2PA status is unknown; EXIF/XMP/IPTC metadata was extracted without inferring origin."",""limitations"":""C2PA parser was unavailable. Metadata can be absent, stripped, or forged; claims not verified by the parser do not establish origin.""}"
/root/autodl-tmp/probe-dinov2-bfree-20261001/data/probe_eval_data/fake_sd35/r09c8e042t.png,r09c8e042t:sd3_5,r09c8e042t,1,sd3_5,,,,TOOL_UNAVAILABLE,,,,0,,,,,0,0,PNG,1024,1024,0,0,none,none,0,C2PA was not evaluated because the official parser could not start; metadata absence or non-origin-bearing tags are inconclusive about origin.,,0,0.123301,"{""tool"":""ProvenanceInspector"",""evidence_type"":""none"",""verdict"":""inconclusive"",""score"":null,""strength"":""none"",""observation"":""C2PA status is unknown; EXIF/XMP/IPTC metadata was extracted without inferring origin."",""limitations"":""C2PA parser was unavailable. Metadata can be absent, stripped, or forged; claims not verified by the parser do not establish origin.""}"
/root/autodl-tmp/probe-dinov2-bfree-20261001/data/probe_eval_data/real/r1ced1907t.png,r1ced1907t:raise,r1ced1907t,0,raise,,,,TOOL_UNAVAILABLE,,,,0,,,,,0,0,PNG,833,1258,0,0,none,none,0,C2PA was not evaluated because the official parser could not start; metadata absence or non-origin-bearing tags are inconclusive about origin.,,0,0.158207,"{""tool"":""ProvenanceInspector"",""evidence_type"":""none"",""verdict"":""inconclusive"",""score"":null,""strength"":""none"",""observation"":""C2PA status is unknown; EXIF/XMP/IPTC metadata was extracted without inferring origin."",""limitations"":""C2PA parser was unavailable. Metadata can be absent, stripped, or forged; claims not verified by the parser do not establish origin.""}"
/root/autodl-tmp/probe-dinov2-bfree-20261001/data/probe_eval_data/fake_flux/r1ced1907t.png,r1ced1907t:flux,r1ced1907t,1,flux,,,,TOOL_UNAVAILABLE,,,,0,,,,,0,0,PNG,1024,1024,0,0,none,none,0,C2PA was not evaluated because the official parser could not start; metadata absence or non-origin-bearing tags are inconclusive about origin.,,0,0.128489,"{""tool"":""ProvenanceInspector"",""evidence_type"":""none"",""verdict"":""inconclusive"",""score"":null,""strength"":""none"",""observation"":""C2PA status is unknown; EXIF/XMP/IPTC metadata was extracted without inferring origin."",""limitations"":""C2PA parser was unavailable. Metadata can be absent, stripped, or forged; claims not verified by the parser do not establish origin.""}"
/root/autodl-tmp/probe-dinov2-bfree-20261001/data/probe_eval_data/fake_sd35/r1ced1907t.png,r1ced1907t:sd3_5,r1ced1907t,1,sd3_5,,,,TOOL_UNAVAILABLE,,,,0,,,,,0,0,PNG,1024,1024,0,0,none,none,0,C2PA was not evaluated because the official parser could not start; metadata absence or non-origin-bearing tags are inconclusive about origin.,,0,0.226498,"{""tool"":""ProvenanceInspector"",""evidence_type"":""none"",""verdict"":""inconclusive"",""score"":null,""strength"":""none"",""observation"":""C2PA status is unknown; EXIF/XMP/IPTC metadata was extracted without inferring origin."",""limitations"":""C2PA parser was unavailable. Metadata can be absent, stripped, or forged; claims not verified by the parser do not establish origin.""}"
/root/autodl-tmp/probe-dinov2-bfree-20261001/data/probe_eval_data/real/r15a0b476t.png,r15a0b476t:raise,r15a0b476t,0,raise,,,,TOOL_UNAVAILABLE,,,,0,,,,,0,0,PNG,1258,833,0,0,none,none,0,C2PA was not evaluated because the official parser could not start; metadata absence or non-origin-bearing tags are inconclusive about origin.,,0,0.152211,"{""tool"":""ProvenanceInspector"",""evidence_type"":""none"",""verdict"":""inconclusive"",""score"":null,""strength"":""none"",""observation"":""C2PA status is unknown; EXIF/XMP/IPTC metadata was extracted without inferring origin."",""limitations"":""C2PA parser was unavailable. Metadata can be absent, stripped, or forged; claims not verified by the parser do not establish origin.""}"
/root/autodl-tmp/probe-dinov2-bfree-20261001/data/probe_eval_data/fake_flux/r15a0b476t.png,r15a0b476t:flux,r15a0b476t,1,flux,,,,TOOL_UNAVAILABLE,,,,0,,,,,0,0,PNG,1024,1024,0,0,none,none,0,C2PA was not evaluated because the official parser could not start; metadata absence or non-origin-bearing tags are inconclusive about origin.,,0,0.098039,"{""tool"":""ProvenanceInspector"",""evidence_type"":""none"",""verdict"":""inconclusive"",""score"":null,""strength"":""none"",""observation"":""C2PA status is unknown; EXIF/XMP/IPTC metadata was extracted without inferring origin."",""limitations"":""C2PA parser was unavailable. Metadata can be absent, stripped, or forged; claims not verified by the parser do not establish origin.""}"
/root/autodl-tmp/probe-dinov2-bfree-20261001/data/probe_eval_data/fake_sd35/r15a0b476t.png,r15a0b476t:sd3_5,r15a0b476t,1,sd3_5,,,,TOOL_UNAVAILABLE,,,,0,,,,,0,0,PNG,1024,1024,0,0,none,none,0,C2PA was not evaluated because the official parser could not start; metadata absence or non-origin-bearing tags are inconclusive about origin.,,0,0.121143,"{""tool"":""ProvenanceInspector"",""evidence_type"":""none"",""verdict"":""inconclusive"",""score"":null,""strength"":""none"",""observation"":""C2PA status is unknown; EXIF/XMP/IPTC metadata was extracted without inferring origin."",""limitations"":""C2PA parser was unavailable. Metadata can be absent, stripped, or forged; claims not verified by the parser do not establish origin.""}"
/root/autodl-tmp/probe-dinov2-bfree-20261001/data/probe_eval_data/real/r0670f47ft.png,r0670f47ft:raise,r0670f47ft,0,raise,,,,TOOL_UNAVAILABLE,,,,0,,,,,0,0,PNG,835,1256,0,0,none,none,0,C2PA was not evaluated because the official parser could not start; metadata absence or non-origin-bearing tags are inconclusive about origin.,,0,0.161612,"{""tool"":""ProvenanceInspector"",""evidence_type"":""none"",""verdict"":""inconclusive"",""score"":null,""strength"":""none"",""observation"":""C2PA status is unknown; EXIF/XMP/IPTC metadata was extracted without inferring origin."",""limitations"":""C2PA parser was unavailable. Metadata can be absent, stripped, or forged; claims not verified by the parser do not establish origin.""}"
/root/autodl-tmp/probe-dinov2-bfree-20261001/data/probe_eval_data/fake_flux/r0670f47ft.png,r0670f47ft:flux,r0670f47ft,1,flux,,,,TOOL_UNAVAILABLE,,,,0,,,,,0,0,PNG,1024,1024,0,0,none,none,0,C2PA was not evaluated because the official parser could not start; metadata absence or non-origin-bearing tags are inconclusive about origin.,,0,0.125064,"{""tool"":""ProvenanceInspector"",""evidence_type"":""none"",""verdict"":""inconclusive"",""score"":null,""strength"":""none"",""observation"":""C2PA status is unknown; EXIF/XMP/IPTC metadata was extracted without inferring origin."",""limitations"":""C2PA parser was unavailable. Metadata can be absent, stripped, or forged; claims not verified by the parser do not establish origin.""}"
/root/autodl-tmp/probe-dinov2-bfree-20261001/data/probe_eval_data/fake_sd35/r0670f47ft.png,r0670f47ft:sd3_5,r0670f47ft,1,sd3_5,,,,TOOL_UNAVAILABLE,,,,0,,,,,0,0,PNG,1024,1024,0,0,none,none,0,C2PA was not evaluated because the official parser could not start; metadata absence or non-origin-bearing tags are inconclusive about origin.,,0,0.120763,"{""tool"":""ProvenanceInspector"",""evidence_type"":""none"",""verdict"":""inconclusive"",""score"":null,""strength"":""none"",""observation"":""C2PA status is unknown; EXIF/XMP/IPTC metadata was extracted without inferring origin."",""limitations"":""C2PA parser was unavailable. Metadata can be absent, stripped, or forged; claims not verified by the parser do not establish origin.""}"
/root/autodl-tmp/probe-dinov2-bfree-20261001/data/probe_eval_data/real/r1cc0e4e1t.png,r1cc0e4e1t:raise,r1cc0e4e1t,0,raise,,,,TOOL_UNAVAILABLE,,,,0,,,,,0,0,PNG,1258,833,0,0,none,none,0,C2PA was not evaluated because the official parser could not start; metadata absence or non-origin-bearing tags are inconclusive about origin.,,0,0.150763,"{""tool"":""ProvenanceInspector"",""evidence_type"":""none"",""verdict"":""inconclusive"",""score"":null,""strength"":""none"",""observation"":""C2PA status is unknown; EXIF/XMP/IPTC metadata was extracted without inferring origin."",""limitations"":""C2PA parser was unavailable. Metadata can be absent, stripped, or forged; claims not verified by the parser do not establish origin.""}"
/root/autodl-tmp/probe-dinov2-bfree-20261001/data/probe_eval_data/fake_flux/r1cc0e4e1t.png,r1cc0e4e1t:flux,r1cc0e4e1t,1,flux,,,,TOOL_UNAVAILABLE,,,,0,,,,,0,0,PNG,1024,1024,0,0,none,none,0,C2PA was not evaluated because the official parser could not start; metadata absence or non-origin-bearing tags are inconclusive about origin.,,0,0.12419,"{""tool"":""ProvenanceInspector"",""evidence_type"":""none"",""verdict"":""inconclusive"",""score"":null,""strength"":""none"",""observation"":""C2PA status is unknown; EXIF/XMP/IPTC metadata was extracted without inferring origin."",""limitations"":""C2PA parser was unavailable. Metadata can be absent, stripped, or forged; claims not verified by the parser do not establish origin.""}"
/root/autodl-tmp/probe-dinov2-bfree-20261001/data/probe_eval_data/fake_sd35/r1cc0e4e1t.png,r1cc0e4e1t:sd3_5,r1cc0e4e1t,1,sd3_5,,,,TOOL_UNAVAILABLE,,,,0,,,,,0,0,PNG,1024,1024,0,0,none,none,0,C2PA was not evaluated because the official parser could not start; metadata absence or non-origin-bearing tags are inconclusive about origin.,,0,0.12517,"{""tool"":""ProvenanceInspector"",""evidence_type"":""none"",""verdict"":""inconclusive"",""score"":null,""strength"":""none"",""observation"":""C2PA status is unknown; EXIF/XMP/IPTC metadata was extracted without inferring origin."",""limitations"":""C2PA parser was unavailable. Metadata can be absent, stripped, or forged; claims not verified by the parser do not establish origin.""}"
/root/autodl-tmp/probe-dinov2-bfree-20261001/data/probe_eval_data/real/r1c243af7t.png,r1c243af7t:raise,r1c243af7t,0,raise,,,,TOOL_UNAVAILABLE,,,,0,,,,,0,0,PNG,1258,833,0,0,none,none,0,C2PA was not evaluated because the official parser could not start; metadata absence or non-origin-bearing tags are inconclusive about origin.,,0,0.150226,"{""tool"":""ProvenanceInspector"",""evidence_type"":""none"",""verdict"":""inconclusive"",""score"":null,""strength"":""none"",""observation"":""C2PA status is unknown; EXIF/XMP/IPTC metadata was extracted without inferring origin."",""limitations"":""C2PA parser was unavailable. Metadata can be absent, stripped, or forged; claims not verified by the parser do not establish origin.""}"
/root/autodl-tmp/probe-dinov2-bfree-20261001/data/probe_eval_data/fake_flux/r1c243af7t.png,r1c243af7t:flux,r1c243af7t,1,flux,,,,TOOL_UNAVAILABLE,,,,0,,,,,0,0,PNG,1024,1024,0,0,none,none,0,C2PA was not evaluated because the official parser could not start; metadata absence or non-origin-bearing tags are inconclusive about origin.,,0,0.127202,"{""tool"":""ProvenanceInspector"",""evidence_type"":""none"",""verdict"":""inconclusive"",""score"":null,""strength"":""none"",""observation"":""C2PA status is unknown; EXIF/XMP/IPTC metadata was extracted without inferring origin."",""limitations"":""C2PA parser was unavailable. Metadata can be absent, stripped, or forged; claims not verified by the parser do not establish origin.""}"
/root/autodl-tmp/probe-dinov2-bfree-20261001/data/probe_eval_data/fake_sd35/r1c243af7t.png,r1c243af7t:sd3_5,r1c243af7t,1,sd3_5,,,,TOOL_UNAVAILABLE,,,,0,,,,,0,0,PNG,1024,1024,0,0,none,none,0,C2PA was not evaluated because the official parser could not start; metadata absence or non-origin-bearing tags are inconclusive about origin.,,0,0.126722,"{""tool"":""ProvenanceInspector"",""evidence_type"":""none"",""verdict"":""inconclusive"",""score"":null,""strength"":""none"",""observation"":""C2PA status is unknown; EXIF/XMP/IPTC metadata was extracted without inferring origin."",""limitations"":""C2PA parser was unavailable. Metadata can be absent, stripped, or forged; claims not verified by the parser do not establish origin.""}"
/root/autodl-tmp/probe-dinov2-bfree-20261001/data/probe_eval_data/real/r0f5475b5t.png,r0f5475b5t:raise,r0f5475b5t,0,raise,,,,TOOL_UNAVAILABLE,,,,0,,,,,0,0,PNG,833,1258,0,0,none,none,0,C2PA was not evaluated because the official parser could not start; metadata absence or non-origin-bearing tags are inconclusive about origin.,,0,0.147581,"{""tool"":""ProvenanceInspector"",""evidence_type"":""none"",""verdict"":""inconclusive"",""score"":null,""strength"":""none"",""observation"":""C2PA status is unknown; EXIF/XMP/IPTC metadata was extracted without inferring origin."",""limitations"":""C2PA parser was unavailable. Metadata can be absent, stripped, or forged; claims not verified by the parser do not establish origin.""}"
/root/autodl-tmp/probe-dinov2-bfree-20261001/data/probe_eval_data/fake_flux/r0f5475b5t.png,r0f5475b5t:flux,r0f5475b5t,1,flux,,,,TOOL_UNAVAILABLE,,,,0,,,,,0,0,PNG,1024,1024,0,0,none,none,0,C2PA was not evaluated because the official parser could not start; metadata absence or non-origin-bearing tags are inconclusive about origin.,,0,0.123887,"{""tool"":""ProvenanceInspector"",""evidence_type"":""none"",""verdict"":""inconclusive"",""score"":null,""strength"":""none"",""observation"":""C2PA status is unknown; EXIF/XMP/IPTC metadata was extracted without inferring origin."",""limitations"":""C2PA parser was unavailable. Metadata can be absent, stripped, or forged; claims not verified by the parser do not establish origin.""}"
/root/autodl-tmp/probe-dinov2-bfree-20261001/data/probe_eval_data/fake_sd35/r0f5475b5t.png,r0f5475b5t:sd3_5,r0f5475b5t,1,sd3_5,,,,TOOL_UNAVAILABLE,,,,0,,,,,0,0,PNG,1024,1024,0,0,none,none,0,C2PA was not evaluated because the official parser could not start; metadata absence or non-origin-bearing tags are inconclusive about origin.,,0,0.122138,"{""tool"":""ProvenanceInspector"",""evidence_type"":""none"",""verdict"":""inconclusive"",""score"":null,""strength"":""none"",""observation"":""C2PA status is unknown; EXIF/XMP/IPTC metadata was extracted without inferring origin."",""limitations"":""C2PA parser was unavailable. Metadata can be absent, stripped, or forged; claims not verified by the parser do not establish origin.""}"
/root/autodl-tmp/probe-dinov2-bfree-20261001/data/probe_eval_data/real/r01a5f38at.png,r01a5f38at:raise,r01a5f38at,0,raise,,,,TOOL_UNAVAILABLE,,,,0,,,,,0,0,PNG,1256,835,0,0,none,none,0,C2PA was not evaluated because the official parser could not start; metadata absence or non-origin-bearing tags are inconclusive about origin.,,0,0.153303,"{""tool"":""ProvenanceInspector"",""evidence_type"":""none"",""verdict"":""inconclusive"",""score"":null,""strength"":""none"",""observation"":""C2PA status is unknown; EXIF/XMP/IPTC metadata was extracted without inferring origin."",""limitations"":""C2PA parser was unavailable. Metadata can be absent, stripped, or forged; claims not verified by the parser do not establish origin.""}"
/root/autodl-tmp/probe-dinov2-bfree-20261001/data/probe_eval_data/fake_flux/r01a5f38at.png,r01a5f38at:flux,r01a5f38at,1,flux,,,,TOOL_UNAVAILABLE,,,,0,,,,,0,0,PNG,1024,1024,0,0,none,none,0,C2PA was not evaluated because the official parser could not start; metadata absence or non-origin-bearing tags are inconclusive about origin.,,0,0.121364,"{""tool"":""ProvenanceInspector"",""evidence_type"":""none"",""verdict"":""inconclusive"",""score"":null,""strength"":""none"",""observation"":""C2PA status is unknown; EXIF/XMP/IPTC metadata was extracted without inferring origin."",""limitations"":""C2PA parser was unavailable. Metadata can be absent, stripped, or forged; claims not verified by the parser do not establish origin.""}"
/root/autodl-tmp/probe-dinov2-bfree-20261001/data/probe_eval_data/fake_sd35/r01a5f38at.png,r01a5f38at:sd3_5,r01a5f38at,1,sd3_5,,,,TOOL_UNAVAILABLE,,,,0,,,,,0,0,PNG,1024,1024,0,0,none,none,0,C2PA was not evaluated because the official parser could not start; metadata absence or non-origin-bearing tags are inconclusive about origin.,,0,0.124141,"{""tool"":""ProvenanceInspector"",""evidence_type"":""none"",""verdict"":""inconclusive"",""score"":null,""strength"":""none"",""observation"":""C2PA status is unknown; EXIF/XMP/IPTC metadata was extracted without inferring origin."",""limitations"":""C2PA parser was unavailable. Metadata can be absent, stripped, or forged; claims not verified by the parser do not establish origin.""}"
/root/autodl-tmp/probe-dinov2-bfree-20261001/data/probe_eval_data/real/r06cad2d6t.png,r06cad2d6t:raise,r06cad2d6t,0,raise,,,,TOOL_UNAVAILABLE,,,,0,,,,,0,0,PNG,1258,833,0,0,none,none,0,C2PA was not evaluated because the official parser could not start; metadata absence or non-origin-bearing tags are inconclusive about origin.,,0,0.150793,"{""tool"":""ProvenanceInspector"",""evidence_type"":""none"",""verdict"":""inconclusive"",""score"":null,""strength"":""none"",""observation"":""C2PA status is unknown; EXIF/XMP/IPTC metadata was extracted without inferring origin."",""limitations"":""C2PA parser was unavailable. Metadata can be absent, stripped, or forged; claims not verified by the parser do not establish origin.""}"
/root/autodl-tmp/probe-dinov2-bfree-20261001/data/probe_eval_data/fake_flux/r06cad2d6t.png,r06cad2d6t:flux,r06cad2d6t,1,flux,,,,TOOL_UNAVAILABLE,,,,0,,,,,0,0,PNG,1024,1024,0,0,none,none,0,C2PA was not evaluated because the official parser could not start; metadata absence or non-origin-bearing tags are inconclusive about origin.,,0,0.121535,"{""tool"":""ProvenanceInspector"",""evidence_type"":""none"",""verdict"":""inconclusive"",""score"":null,""strength"":""none"",""observation"":""C2PA status is unknown; EXIF/XMP/IPTC metadata was extracted without inferring origin."",""limitations"":""C2PA parser was unavailable. Metadata can be absent, stripped, or forged; claims not verified by the parser do not establish origin.""}"
/root/autodl-tmp/probe-dinov2-bfree-20261001/data/probe_eval_data/fake_sd35/r06cad2d6t.png,r06cad2d6t:sd3_5,r06cad2d6t,1,sd3_5,,,,TOOL_UNAVAILABLE,,,,0,,,,,0,0,PNG,1024,1024,0,0,none,none,0,C2PA was not evaluated because the official parser could not start; metadata absence or non-origin-bearing tags are inconclusive about origin.,,0,0.122323,"{""tool"":""ProvenanceInspector"",""evidence_type"":""none"",""verdict"":""inconclusive"",""score"":null,""strength"":""none"",""observation"":""C2PA status is unknown; EXIF/XMP/IPTC metadata was extracted without inferring origin."",""limitations"":""C2PA parser was unavailable. Metadata can be absent, stripped, or forged; claims not verified by the parser do not establish origin.""}"
/root/autodl-tmp/probe-dinov2-bfree-20261001/data/probe_eval_data/real/r13b5b161t.png,r13b5b161t:raise,r13b5b161t,0,raise,,,,TOOL_UNAVAILABLE,,,,0,,,,,0,0,PNG,1258,833,0,0,none,none,0,C2PA was not evaluated because the official parser could not start; metadata absence or non-origin-bearing tags are inconclusive about origin.,,0,0.16404,"{""tool"":""ProvenanceInspector"",""evidence_type"":""none"",""verdict"":""inconclusive"",""score"":null,""strength"":""none"",""observation"":""C2PA status is unknown; EXIF/XMP/IPTC metadata was extracted without inferring origin."",""limitations"":""C2PA parser was unavailable. Metadata can be absent, stripped, or forged; claims not verified by the parser do not establish origin.""}"
/root/autodl-tmp/probe-dinov2-bfree-20261001/data/probe_eval_data/fake_flux/r13b5b161t.png,r13b5b161t:flux,r13b5b161t,1,flux,,,,TOOL_UNAVAILABLE,,,,0,,,,,0,0,PNG,1024,1024,0,0,none,none,0,C2PA was not evaluated because the official parser could not start; metadata absence or non-origin-bearing tags are inconclusive about origin.,,0,0.127128,"{""tool"":""ProvenanceInspector"",""evidence_type"":""none"",""verdict"":""inconclusive"",""score"":null,""strength"":""none"",""observation"":""C2PA status is unknown; EXIF/XMP/IPTC metadata was extracted without inferring origin."",""limitations"":""C2PA parser was unavailable. Metadata can be absent, stripped, or forged; claims not verified by the parser do not establish origin.""}"
/root/autodl-tmp/probe-dinov2-bfree-20261001/data/probe_eval_data/fake_sd35/r13b5b161t.png,r13b5b161t:sd3_5,r13b5b161t,1,sd3_5,,,,TOOL_UNAVAILABLE,,,,0,,,,,0,0,PNG,1024,1024,0,0,none,none,0,C2PA was not evaluated because the official parser could not start; metadata absence or non-origin-bearing tags are inconclusive about origin.,,0,0.10993,"{""tool"":""ProvenanceInspector"",""evidence_type"":""none"",""verdict"":""inconclusive"",""score"":null,""strength"":""none"",""observation"":""C2PA status is unknown; EXIF/XMP/IPTC metadata was extracted without inferring origin."",""limitations"":""C2PA parser was unavailable. Metadata can be absent, stripped, or forged; claims not verified by the parser do not establish origin.""}"
/root/autodl-tmp/probe-dinov2-bfree-20261001/data/probe_eval_data/real/r02a0839et.png,r02a0839et:raise,r02a0839et,0,raise,,,,TOOL_UNAVAILABLE,,,,0,,,,,0,0,PNG,833,1258,0,0,none,none,0,C2PA was not evaluated because the official parser could not start; metadata absence or non-origin-bearing tags are inconclusive about origin.,,0,0.125778,"{""tool"":""ProvenanceInspector"",""evidence_type"":""none"",""verdict"":""inconclusive"",""score"":null,""strength"":""none"",""observation"":""C2PA status is unknown; EXIF/XMP/IPTC metadata was extracted without inferring origin."",""limitations"":""C2PA parser was unavailable. Metadata can be absent, stripped, or forged; claims not verified by the parser do not establish origin.""}"
/root/autodl-tmp/probe-dinov2-bfree-20261001/data/probe_eval_data/fake_flux/r02a0839et.png,r02a0839et:flux,r02a0839et,1,flux,,,,TOOL_UNAVAILABLE,,,,0,,,,,0,0,PNG,1024,1024,0,0,none,none,0,C2PA was not evaluated because the official parser could not start; metadata absence or non-origin-bearing tags are inconclusive about origin.,,0,0.120156,"{""tool"":""ProvenanceInspector"",""evidence_type"":""none"",""verdict"":""inconclusive"",""score"":null,""strength"":""none"",""observation"":""C2PA status is unknown; EXIF/XMP/IPTC metadata was extracted without inferring origin."",""limitations"":""C2PA parser was unavailable. Metadata can be absent, stripped, or forged; claims not verified by the parser do not establish origin.""}"
/root/autodl-tmp/probe-dinov2-bfree-20261001/data/probe_eval_data/fake_sd35/r02a0839et.png,r02a0839et:sd3_5,r02a0839et,1,sd3_5,,,,TOOL_UNAVAILABLE,,,,0,,,,,0,0,PNG,1024,1024,0,0,none,none,0,C2PA was not evaluated because the official parser could not start; metadata absence or non-origin-bearing tags are inconclusive about origin.,,0,0.123517,"{""tool"":""ProvenanceInspector"",""evidence_type"":""none"",""verdict"":""inconclusive"",""score"":null,""strength"":""none"",""observation"":""C2PA status is unknown; EXIF/XMP/IPTC metadata was extracted without inferring origin."",""limitations"":""C2PA parser was unavailable. Metadata can be absent, stripped, or forged; claims not verified by the parser do not establish origin.""}"
/root/autodl-tmp/probe-dinov2-bfree-20261001/data/probe_eval_data/real/r12cebbd2t.png,r12cebbd2t:raise,r12cebbd2t,0,raise,,,,TOOL_UNAVAILABLE,,,,0,,,,,0,0,PNG,833,1258,0,0,none,none,0,C2PA was not evaluated because the official parser could not start; metadata absence or non-origin-bearing tags are inconclusive about origin.,,0,0.151438,"{""tool"":""ProvenanceInspector"",""evidence_type"":""none"",""verdict"":""inconclusive"",""score"":null,""strength"":""none"",""observation"":""C2PA status is unknown; EXIF/XMP/IPTC metadata was extracted without inferring origin."",""limitations"":""C2PA parser was unavailable. Metadata can be absent, stripped, or forged; claims not verified by the parser do not establish origin.""}"
/root/autodl-tmp/probe-dinov2-bfree-20261001/data/probe_eval_data/fake_flux/r12cebbd2t.png,r12cebbd2t:flux,r12cebbd2t,1,flux,,,,TOOL_UNAVAILABLE,,,,0,,,,,0,0,PNG,1024,1024,0,0,none,none,0,C2PA was not evaluated because the official parser could not start; metadata absence or non-origin-bearing tags are inconclusive about origin.,,0,0.12343,"{""tool"":""ProvenanceInspector"",""evidence_type"":""none"",""verdict"":""inconclusive"",""score"":null,""strength"":""none"",""observation"":""C2PA status is unknown; EXIF/XMP/IPTC metadata was extracted without inferring origin."",""limitations"":""C2PA parser was unavailable. Metadata can be absent, stripped, or forged; claims not verified by the parser do not establish origin.""}"
/root/autodl-tmp/probe-dinov2-bfree-20261001/data/probe_eval_data/fake_sd35/r12cebbd2t.png,r12cebbd2t:sd3_5,r12cebbd2t,1,sd3_5,,,,TOOL_UNAVAILABLE,,,,0,,,,,0,0,PNG,1024,1024,0,0,none,none,0,C2PA was not evaluated because the official parser could not start; metadata absence or non-origin-bearing tags are inconclusive about origin.,,0,0.122348,"{""tool"":""ProvenanceInspector"",""evidence_type"":""none"",""verdict"":""inconclusive"",""score"":null,""strength"":""none"",""observation"":""C2PA status is unknown; EXIF/XMP/IPTC metadata was extracted without inferring origin."",""limitations"":""C2PA parser was unavailable. Metadata can be absent, stripped, or forged; claims not verified by the parser do not establish origin.""}"
/root/autodl-tmp/probe-dinov2-bfree-20261001/data/probe_eval_data/real/r06743f8ft.png,r06743f8ft:raise,r06743f8ft,0,raise,,,,TOOL_UNAVAILABLE,,,,0,,,,,0,0,PNG,833,1258,0,0,none,none,0,C2PA was not evaluated because the official parser could not start; metadata absence or non-origin-bearing tags are inconclusive about origin.,,0,0.1558,"{""tool"":""ProvenanceInspector"",""evidence_type"":""none"",""verdict"":""inconclusive"",""score"":null,""strength"":""none"",""observation"":""C2PA status is unknown; EXIF/XMP/IPTC metadata was extracted without inferring origin."",""limitations"":""C2PA parser was unavailable. Metadata can be absent, stripped, or forged; claims not verified by the parser do not establish origin.""}"
/root/autodl-tmp/probe-dinov2-bfree-20261001/data/probe_eval_data/fake_flux/r06743f8ft.png,r06743f8ft:flux,r06743f8ft,1,flux,,,,TOOL_UNAVAILABLE,,,,0,,,,,0,0,PNG,1024,1024,0,0,none,none,0,C2PA was not evaluated because the official parser could not start; metadata absence or non-origin-bearing tags are inconclusive about origin.,,0,0.125117,"{""tool"":""ProvenanceInspector"",""evidence_type"":""none"",""verdict"":""inconclusive"",""score"":null,""strength"":""none"",""observation"":""C2PA status is unknown; EXIF/XMP/IPTC metadata was extracted without inferring origin."",""limitations"":""C2PA parser was unavailable. Metadata can be absent, stripped, or forged; claims not verified by the parser do not establish origin.""}"
/root/autodl-tmp/probe-dinov2-bfree-20261001/data/probe_eval_data/fake_sd35/r06743f8ft.png,r06743f8ft:sd3_5,r06743f8ft,1,sd3_5,,,,TOOL_UNAVAILABLE,,,,0,,,,,0,0,PNG,1024,1024,0,0,none,none,0,C2PA was not evaluated because the official parser could not start; metadata absence or non-origin-bearing tags are inconclusive about origin.,,0,0.124234,"{""tool"":""ProvenanceInspector"",""evidence_type"":""none"",""verdict"":""inconclusive"",""score"":null,""strength"":""none"",""observation"":""C2PA status is unknown; EXIF/XMP/IPTC metadata was extracted without inferring origin."",""limitations"":""C2PA parser was unavailable. Metadata can be absent, stripped, or forged; claims not verified by the parser do not establish origin.""}"
/root/autodl-tmp/probe-dinov2-bfree-20261001/data/probe_eval_data/real/r03f70ccdt.png,r03f70ccdt:raise,r03f70ccdt,0,raise,,,,TOOL_UNAVAILABLE,,,,0,,,,,0,0,PNG,835,1256,0,0,none,none,0,C2PA was not evaluated because the official parser could not start; metadata absence or non-origin-bearing tags are inconclusive about origin.,,0,0.155125,"{""tool"":""ProvenanceInspector"",""evidence_type"":""none"",""verdict"":""inconclusive"",""score"":null,""strength"":""none"",""observation"":""C2PA status is unknown; EXIF/XMP/IPTC metadata was extracted without inferring origin."",""limitations"":""C2PA parser was unavailable. Metadata can be absent, stripped, or forged; claims not verified by the parser do not establish origin.""}"
/root/autodl-tmp/probe-dinov2-bfree-20261001/data/probe_eval_data/fake_flux/r03f70ccdt.png,r03f70ccdt:flux,r03f70ccdt,1,flux,,,,TOOL_UNAVAILABLE,,,,0,,,,,0,0,PNG,1024,1024,0,0,none,none,0,C2PA was not evaluated because the official parser could not start; metadata absence or non-origin-bearing tags are inconclusive about origin.,,0,0.122808,"{""tool"":""ProvenanceInspector"",""evidence_type"":""none"",""verdict"":""inconclusive"",""score"":null,""strength"":""none"",""observation"":""C2PA status is unknown; EXIF/XMP/IPTC metadata was extracted without inferring origin."",""limitations"":""C2PA parser was unavailable. Metadata can be absent, stripped, or forged; claims not verified by the parser do not establish origin.""}"
/root/autodl-tmp/probe-dinov2-bfree-20261001/data/probe_eval_data/fake_sd35/r03f70ccdt.png,r03f70ccdt:sd3_5,r03f70ccdt,1,sd3_5,,,,TOOL_UNAVAILABLE,,,,0,,,,,0,0,PNG,1024,1024,0,0,none,none,0,C2PA was not evaluated because the official parser could not start; metadata absence or non-origin-bearing tags are inconclusive about origin.,,0,0.124826,"{""tool"":""ProvenanceInspector"",""evidence_type"":""none"",""verdict"":""inconclusive"",""score"":null,""strength"":""none"",""observation"":""C2PA status is unknown; EXIF/XMP/IPTC metadata was extracted without inferring origin."",""limitations"":""C2PA parser was unavailable. Metadata can be absent, stripped, or forged; claims not verified by the parser do not establish origin.""}"
/root/autodl-tmp/probe-dinov2-bfree-20261001/data/probe_eval_data/real/r0b13d2a2t.png,r0b13d2a2t:raise,r0b13d2a2t,0,raise,,,,TOOL_UNAVAILABLE,,,,0,,,,,0,0,PNG,1256,835,0,0,none,none,0,C2PA was not evaluated because the official parser could not start; metadata absence or non-origin-bearing tags are inconclusive about origin.,,0,0.153439,"{""tool"":""ProvenanceInspector"",""evidence_type"":""none"",""verdict"":""inconclusive"",""score"":null,""strength"":""none"",""observation"":""C2PA status is unknown; EXIF/XMP/IPTC metadata was extracted without inferring origin."",""limitations"":""C2PA parser was unavailable. Metadata can be absent, stripped, or forged; claims not verified by the parser do not establish origin.""}"
/root/autodl-tmp/probe-dinov2-bfree-20261001/data/probe_eval_data/fake_flux/r0b13d2a2t.png,r0b13d2a2t:flux,r0b13d2a2t,1,flux,,,,TOOL_UNAVAILABLE,,,,0,,,,,0,0,PNG,1024,1024,0,0,none,none,0,C2PA was not evaluated because the official parser could not start; metadata absence or non-origin-bearing tags are inconclusive about origin.,,0,0.111961,"{""tool"":""ProvenanceInspector"",""evidence_type"":""none"",""verdict"":""inconclusive"",""score"":null,""strength"":""none"",""observation"":""C2PA status is unknown; EXIF/XMP/IPTC metadata was extracted without inferring origin."",""limitations"":""C2PA parser was unavailable. Metadata can be absent, stripped, or forged; claims not verified by the parser do not establish origin.""}"
/root/autodl-tmp/probe-dinov2-bfree-20261001/data/probe_eval_data/fake_sd35/r0b13d2a2t.png,r0b13d2a2t:sd3_5,r0b13d2a2t,1,sd3_5,,,,TOOL_UNAVAILABLE,,,,0,,,,,0,0,PNG,1024,1024,0,0,none,none,0,C2PA was not evaluated because the official parser could not start; metadata absence or non-origin-bearing tags are inconclusive about origin.,,0,0.154875,"{""tool"":""ProvenanceInspector"",""evidence_type"":""none"",""verdict"":""inconclusive"",""score"":null,""strength"":""none"",""observation"":""C2PA status is unknown; EXIF/XMP/IPTC metadata was extracted without inferring origin."",""limitations"":""C2PA parser was unavailable. Metadata can be absent, stripped, or forged; claims not verified by the parser do not establish origin.""}"
/root/autodl-tmp/probe-dinov2-bfree-20261001/data/probe_eval_data/real/r097088c1t.png,r097088c1t:raise,r097088c1t,0,raise,,,,TOOL_UNAVAILABLE,,,,0,,,,,0,0,PNG,1256,835,0,0,none,none,0,C2PA was not evaluated because the official parser could not start; metadata absence or non-origin-bearing tags are inconclusive about origin.,,0,0.1557,"{""tool"":""ProvenanceInspector"",""evidence_type"":""none"",""verdict"":""inconclusive"",""score"":null,""strength"":""none"",""observation"":""C2PA status is unknown; EXIF/XMP/IPTC metadata was extracted without inferring origin."",""limitations"":""C2PA parser was unavailable. Metadata can be absent, stripped, or forged; claims not verified by the parser do not establish origin.""}"
/root/autodl-tmp/probe-dinov2-bfree-20261001/data/probe_eval_data/fake_flux/r097088c1t.png,r097088c1t:flux,r097088c1t,1,flux,,,,TOOL_UNAVAILABLE,,,,0,,,,,0,0,PNG,1024,1024,0,0,none,none,0,C2PA was not evaluated because the official parser could not start; metadata absence or non-origin-bearing tags are inconclusive about origin.,,0,0.098997,"{""tool"":""ProvenanceInspector"",""evidence_type"":""none"",""verdict"":""inconclusive"",""score"":null,""strength"":""none"",""observation"":""C2PA status is unknown; EXIF/XMP/IPTC metadata was extracted without inferring origin."",""limitations"":""C2PA parser was unavailable. Metadata can be absent, stripped, or forged; claims not verified by the parser do not establish origin.""}"
/root/autodl-tmp/probe-dinov2-bfree-20261001/data/probe_eval_data/fake_sd35/r097088c1t.png,r097088c1t:sd3_5,r097088c1t,1,sd3_5,,,,TOOL_UNAVAILABLE,,,,0,,,,,0,0,PNG,1024,1024,0,0,none,none,0,C2PA was not evaluated because the official parser could not start; metadata absence or non-origin-bearing tags are inconclusive about origin.,,0,0.122977,"{""tool"":""ProvenanceInspector"",""evidence_type"":""none"",""verdict"":""inconclusive"",""score"":null,""strength"":""none"",""observation"":""C2PA status is unknown; EXIF/XMP/IPTC metadata was extracted without inferring origin."",""limitations"":""C2PA parser was unavailable. Metadata can be absent, stripped, or forged; claims not verified by the parser do not establish origin.""}"
/root/autodl-tmp/probe-dinov2-bfree-20261001/data/probe_eval_data/real/r06888d38t.png,r06888d38t:raise,r06888d38t,0,raise,,,,TOOL_UNAVAILABLE,,,,0,,,,,0,0,PNG,833,1258,0,0,none,none,0,C2PA was not evaluated because the official parser could not start; metadata absence or non-origin-bearing tags are inconclusive about origin.,,0,0.1538,"{""tool"":""ProvenanceInspector"",""evidence_type"":""none"",""verdict"":""inconclusive"",""score"":null,""strength"":""none"",""observation"":""C2PA status is unknown; EXIF/XMP/IPTC metadata was extracted without inferring origin."",""limitations"":""C2PA parser was unavailable. Metadata can be absent, stripped, or forged; claims not verified by the parser do not establish origin.""}"
/root/autodl-tmp/probe-dinov2-bfree-20261001/data/probe_eval_data/fake_flux/r06888d38t.png,r06888d38t:flux,r06888d38t,1,flux,,,,TOOL_UNAVAILABLE,,,,0,,,,,0,0,PNG,1024,1024,0,0,none,none,0,C2PA was not evaluated because the official parser could not start; metadata absence or non-origin-bearing tags are inconclusive about origin.,,0,0.097532,"{""tool"":""ProvenanceInspector"",""evidence_type"":""none"",""verdict"":""inconclusive"",""score"":null,""strength"":""none"",""observation"":""C2PA status is unknown; EXIF/XMP/IPTC metadata was extracted without inferring origin."",""limitations"":""C2PA parser was unavailable. Metadata can be absent, stripped, or forged; claims not verified by the parser do not establish origin.""}"
/root/autodl-tmp/probe-dinov2-bfree-20261001/data/probe_eval_data/fake_sd35/r06888d38t.png,r06888d38t:sd3_5,r06888d38t,1,sd3_5,,,,TOOL_UNAVAILABLE,,,,0,,,,,0,0,PNG,1024,1024,0,0,none,none,0,C2PA was not evaluated because the official parser could not start; metadata absence or non-origin-bearing tags are inconclusive about origin.,,0,0.097324,"{""tool"":""ProvenanceInspector"",""evidence_type"":""none"",""verdict"":""inconclusive"",""score"":null,""strength"":""none"",""observation"":""C2PA status is unknown; EXIF/XMP/IPTC metadata was extracted without inferring origin."",""limitations"":""C2PA parser was unavailable. Metadata can be absent, stripped, or forged; claims not verified by the parser do not establish origin.""}"
/root/autodl-tmp/probe-dinov2-bfree-20261001/data/probe_eval_data/real/r188eb234t.png,r188eb234t:raise,r188eb234t,0,raise,,,,TOOL_UNAVAILABLE,,,,0,,,,,0,0,PNG,1258,833,0,0,none,none,0,C2PA was not evaluated because the official parser could not start; metadata absence or non-origin-bearing tags are inconclusive about origin.,,0,0.153031,"{""tool"":""ProvenanceInspector"",""evidence_type"":""none"",""verdict"":""inconclusive"",""score"":null,""strength"":""none"",""observation"":""C2PA status is unknown; EXIF/XMP/IPTC metadata was extracted without inferring origin."",""limitations"":""C2PA parser was unavailable. Metadata can be absent, stripped, or forged; claims not verified by the parser do not establish origin.""}"
/root/autodl-tmp/probe-dinov2-bfree-20261001/data/probe_eval_data/fake_flux/r188eb234t.png,r188eb234t:flux,r188eb234t,1,flux,,,,TOOL_UNAVAILABLE,,,,0,,,,,0,0,PNG,1024,1024,0,0,none,none,0,C2PA was not evaluated because the official parser could not start; metadata absence or non-origin-bearing tags are inconclusive about origin.,,0,0.122554,"{""tool"":""ProvenanceInspector"",""evidence_type"":""none"",""verdict"":""inconclusive"",""score"":null,""strength"":""none"",""observation"":""C2PA status is unknown; EXIF/XMP/IPTC metadata was extracted without inferring origin."",""limitations"":""C2PA parser was unavailable. Metadata can be absent, stripped, or forged; claims not verified by the parser do not establish origin.""}"
/root/autodl-tmp/probe-dinov2-bfree-20261001/data/probe_eval_data/fake_sd35/r188eb234t.png,r188eb234t:sd3_5,r188eb234t,1,sd3_5,,,,TOOL_UNAVAILABLE,,,,0,,,,,0,0,PNG,1024,1024,0,0,none,none,0,C2PA was not evaluated because the official parser could not start; metadata absence or non-origin-bearing tags are inconclusive about origin.,,0,0.123054,"{""tool"":""ProvenanceInspector"",""evidence_type"":""none"",""verdict"":""inconclusive"",""score"":null,""strength"":""none"",""observation"":""C2PA status is unknown; EXIF/XMP/IPTC metadata was extracted without inferring origin."",""limitations"":""C2PA parser was unavailable. Metadata can be absent, stripped, or forged; claims not verified by the parser do not establish origin.""}"
/root/autodl-tmp/probe-dinov2-bfree-20261001/data/probe_eval_data/real/r0e661e0dt.png,r0e661e0dt:raise,r0e661e0dt,0,raise,,,,TOOL_UNAVAILABLE,,,,0,,,,,0,0,PNG,1258,833,0,0,none,none,0,C2PA was not evaluated because the official parser could not start; metadata absence or non-origin-bearing tags are inconclusive about origin.,,0,0.154334,"{""tool"":""ProvenanceInspector"",""evidence_type"":""none"",""verdict"":""inconclusive"",""score"":null,""strength"":""none"",""observation"":""C2PA status is unknown; EXIF/XMP/IPTC metadata was extracted without inferring origin."",""limitations"":""C2PA parser was unavailable. Metadata can be absent, stripped, or forged; claims not verified by the parser do not establish origin.""}"
/root/autodl-tmp/probe-dinov2-bfree-20261001/data/probe_eval_data/fake_flux/r0e661e0dt.png,r0e661e0dt:flux,r0e661e0dt,1,flux,,,,TOOL_UNAVAILABLE,,,,0,,,,,0,0,PNG,1024,1024,0,0,none,none,0,C2PA was not evaluated because the official parser could not start; metadata absence or non-origin-bearing tags are inconclusive about origin.,,0,0.122369,"{""tool"":""ProvenanceInspector"",""evidence_type"":""none"",""verdict"":""inconclusive"",""score"":null,""strength"":""none"",""observation"":""C2PA status is unknown; EXIF/XMP/IPTC metadata was extracted without inferring origin."",""limitations"":""C2PA parser was unavailable. Metadata can be absent, stripped, or forged; claims not verified by the parser do not establish origin.""}"
/root/autodl-tmp/probe-dinov2-bfree-20261001/data/probe_eval_data/fake_sd35/r0e661e0dt.png,r0e661e0dt:sd3_5,r0e661e0dt,1,sd3_5,,,,TOOL_UNAVAILABLE,,,,0,,,,,0,0,PNG,1024,1024,0,0,none,none,0,C2PA was not evaluated because the official parser could not start; metadata absence or non-origin-bearing tags are inconclusive about origin.,,0,0.136439,"{""tool"":""ProvenanceInspector"",""evidence_type"":""none"",""verdict"":""inconclusive"",""score"":null,""strength"":""none"",""observation"":""C2PA status is unknown; EXIF/XMP/IPTC metadata was extracted without inferring origin."",""limitations"":""C2PA parser was unavailable. Metadata can be absent, stripped, or forged; claims not verified by the parser do not establish origin.""}"
/root/autodl-tmp/probe-dinov2-bfree-20261001/data/probe_eval_data/real/r0b4d8af5t.png,r0b4d8af5t:raise,r0b4d8af5t,0,raise,,,,TOOL_UNAVAILABLE,,,,0,,,,,0,0,PNG,1258,833,0,0,none,none,0,C2PA was not evaluated because the official parser could not start; metadata absence or non-origin-bearing tags are inconclusive about origin.,,0,0.156986,"{""tool"":""ProvenanceInspector"",""evidence_type"":""none"",""verdict"":""inconclusive"",""score"":null,""strength"":""none"",""observation"":""C2PA status is unknown; EXIF/XMP/IPTC metadata was extracted without inferring origin."",""limitations"":""C2PA parser was unavailable. Metadata can be absent, stripped, or forged; claims not verified by the parser do not establish origin.""}"
/root/autodl-tmp/probe-dinov2-bfree-20261001/data/probe_eval_data/fake_flux/r0b4d8af5t.png,r0b4d8af5t:flux,r0b4d8af5t,1,flux,,,,TOOL_UNAVAILABLE,,,,0,,,,,0,0,PNG,1024,1024,0,0,none,none,0,C2PA was not evaluated because the official parser could not start; metadata absence or non-origin-bearing tags are inconclusive about origin.,,0,0.111046,"{""tool"":""ProvenanceInspector"",""evidence_type"":""none"",""verdict"":""inconclusive"",""score"":null,""strength"":""none"",""observation"":""C2PA status is unknown; EXIF/XMP/IPTC metadata was extracted without inferring origin."",""limitations"":""C2PA parser was unavailable. Metadata can be absent, stripped, or forged; claims not verified by the parser do not establish origin.""}"
/root/autodl-tmp/probe-dinov2-bfree-20261001/data/probe_eval_data/fake_sd35/r0b4d8af5t.png,r0b4d8af5t:sd3_5,r0b4d8af5t,1,sd3_5,,,,TOOL_UNAVAILABLE,,,,0,,,,,0,0,PNG,1024,1024,0,0,none,none,0,C2PA was not evaluated because the official parser could not start; metadata absence or non-origin-bearing tags are inconclusive about origin.,,0,0.124689,"{""tool"":""ProvenanceInspector"",""evidence_type"":""none"",""verdict"":""inconclusive"",""score"":null,""strength"":""none"",""observation"":""C2PA status is unknown; EXIF/XMP/IPTC metadata was extracted without inferring origin."",""limitations"":""C2PA parser was unavailable. Metadata can be absent, stripped, or forged; claims not verified by the parser do not establish origin.""}"
/root/autodl-tmp/probe-dinov2-bfree-20261001/data/probe_eval_data/real/r03bf5648t.png,r03bf5648t:raise,r03bf5648t,0,raise,,,,TOOL_UNAVAILABLE,,,,0,,,,,0,0,PNG,1258,833,0,0,none,none,0,C2PA was not evaluated because the official parser could not start; metadata absence or non-origin-bearing tags are inconclusive about origin.,,0,0.151317,"{""tool"":""ProvenanceInspector"",""evidence_type"":""none"",""verdict"":""inconclusive"",""score"":null,""strength"":""none"",""observation"":""C2PA status is unknown; EXIF/XMP/IPTC metadata was extracted without inferring origin."",""limitations"":""C2PA parser was unavailable. Metadata can be absent, stripped, or forged; claims not verified by the parser do not establish origin.""}"
/root/autodl-tmp/probe-dinov2-bfree-20261001/data/probe_eval_data/fake_flux/r03bf5648t.png,r03bf5648t:flux,r03bf5648t,1,flux,,,,TOOL_UNAVAILABLE,,,,0,,,,,0,0,PNG,1024,1024,0,0,none,none,0,C2PA was not evaluated because the official parser could not start; metadata absence or non-origin-bearing tags are inconclusive about origin.,,0,0.123362,"{""tool"":""ProvenanceInspector"",""evidence_type"":""none"",""verdict"":""inconclusive"",""score"":null,""strength"":""none"",""observation"":""C2PA status is unknown; EXIF/XMP/IPTC metadata was extracted without inferring origin."",""limitations"":""C2PA parser was unavailable. Metadata can be absent, stripped, or forged; claims not verified by the parser do not establish origin.""}"
/root/autodl-tmp/probe-dinov2-bfree-20261001/data/probe_eval_data/fake_sd35/r03bf5648t.png,r03bf5648t:sd3_5,r03bf5648t,1,sd3_5,,,,TOOL_UNAVAILABLE,,,,0,,,,,0,0,PNG,1024,1024,0,0,none,none,0,C2PA was not evaluated because the official parser could not start; metadata absence or non-origin-bearing tags are inconclusive about origin.,,0,0.119821,"{""tool"":""ProvenanceInspector"",""evidence_type"":""none"",""verdict"":""inconclusive"",""score"":null,""strength"":""none"",""observation"":""C2PA status is unknown; EXIF/XMP/IPTC metadata was extracted without inferring origin."",""limitations"":""C2PA parser was unavailable. Metadata can be absent, stripped, or forged; claims not verified by the parser do not establish origin.""}"
/root/autodl-tmp/probe-dinov2-bfree-20261001/data/probe_eval_data/real/r05243256t.png,r05243256t:raise,r05243256t,0,raise,,,,TOOL_UNAVAILABLE,,,,0,,,,,0,0,PNG,1256,835,0,0,none,none,0,C2PA was not evaluated because the official parser could not start; metadata absence or non-origin-bearing tags are inconclusive about origin.,,0,0.157184,"{""tool"":""ProvenanceInspector"",""evidence_type"":""none"",""verdict"":""inconclusive"",""score"":null,""strength"":""none"",""observation"":""C2PA status is unknown; EXIF/XMP/IPTC metadata was extracted without inferring origin."",""limitations"":""C2PA parser was unavailable. Metadata can be absent, stripped, or forged; claims not verified by the parser do not establish origin.""}"
/root/autodl-tmp/probe-dinov2-bfree-20261001/data/probe_eval_data/fake_flux/r05243256t.png,r05243256t:flux,r05243256t,1,flux,,,,TOOL_UNAVAILABLE,,,,0,,,,,0,0,PNG,1024,1024,0,0,none,none,0,C2PA was not evaluated because the official parser could not start; metadata absence or non-origin-bearing tags are inconclusive about origin.,,0,0.122145,"{""tool"":""ProvenanceInspector"",""evidence_type"":""none"",""verdict"":""inconclusive"",""score"":null,""strength"":""none"",""observation"":""C2PA status is unknown; EXIF/XMP/IPTC metadata was extracted without inferring origin."",""limitations"":""C2PA parser was unavailable. Metadata can be absent, stripped, or forged; claims not verified by the parser do not establish origin.""}"
/root/autodl-tmp/probe-dinov2-bfree-20261001/data/probe_eval_data/fake_sd35/r05243256t.png,r05243256t:sd3_5,r05243256t,1,sd3_5,,,,TOOL_UNAVAILABLE,,,,0,,,,,0,0,PNG,1024,1024,0,0,none,none,0,C2PA was not evaluated because the official parser could not start; metadata absence or non-origin-bearing tags are inconclusive about origin.,,0,0.120294,"{""tool"":""ProvenanceInspector"",""evidence_type"":""none"",""verdict"":""inconclusive"",""score"":null,""strength"":""none"",""observation"":""C2PA status is unknown; EXIF/XMP/IPTC metadata was extracted without inferring origin."",""limitations"":""C2PA parser was unavailable. Metadata can be absent, stripped, or forged; claims not verified by the parser do not establish origin.""}"
/root/autodl-tmp/probe-dinov2-bfree-20261001/data/probe_eval_data/real/r0c9910e4t.png,r0c9910e4t:raise,r0c9910e4t,0,raise,,,,TOOL_UNAVAILABLE,,,,0,,,,,0,0,PNG,1256,835,0,0,none,none,0,C2PA was not evaluated because the official parser could not start; metadata absence or non-origin-bearing tags are inconclusive about origin.,,0,0.170536,"{""tool"":""ProvenanceInspector"",""evidence_type"":""none"",""verdict"":""inconclusive"",""score"":null,""strength"":""none"",""observation"":""C2PA status is unknown; EXIF/XMP/IPTC metadata was extracted without inferring origin."",""limitations"":""C2PA parser was unavailable. Metadata can be absent, stripped, or forged; claims not verified by the parser do not establish origin.""}"
/root/autodl-tmp/probe-dinov2-bfree-20261001/data/probe_eval_data/fake_flux/r0c9910e4t.png,r0c9910e4t:flux,r0c9910e4t,1,flux,,,,TOOL_UNAVAILABLE,,,,0,,,,,0,0,PNG,1024,1024,0,0,none,none,0,C2PA was not evaluated because the official parser could not start; metadata absence or non-origin-bearing tags are inconclusive about origin.,,0,0.123281,"{""tool"":""ProvenanceInspector"",""evidence_type"":""none"",""verdict"":""inconclusive"",""score"":null,""strength"":""none"",""observation"":""C2PA status is unknown; EXIF/XMP/IPTC metadata was extracted without inferring origin."",""limitations"":""C2PA parser was unavailable. Metadata can be absent, stripped, or forged; claims not verified by the parser do not establish origin.""}"
/root/autodl-tmp/probe-dinov2-bfree-20261001/data/probe_eval_data/fake_sd35/r0c9910e4t.png,r0c9910e4t:sd3_5,r0c9910e4t,1,sd3_5,,,,TOOL_UNAVAILABLE,,,,0,,,,,0,0,PNG,1024,1024,0,0,none,none,0,C2PA was not evaluated because the official parser could not start; metadata absence or non-origin-bearing tags are inconclusive about origin.,,0,0.097505,"{""tool"":""ProvenanceInspector"",""evidence_type"":""none"",""verdict"":""inconclusive"",""score"":null,""strength"":""none"",""observation"":""C2PA status is unknown; EXIF/XMP/IPTC metadata was extracted without inferring origin."",""limitations"":""C2PA parser was unavailable. Metadata can be absent, stripped, or forged; claims not verified by the parser do not establish origin.""}"
/root/autodl-tmp/probe-dinov2-bfree-20261001/data/probe_eval_data/real/r1f5ad4e0t.png,r1f5ad4e0t:raise,r1f5ad4e0t,0,raise,,,,TOOL_UNAVAILABLE,,,,0,,,,,0,0,PNG,835,1256,0,0,none,none,0,C2PA was not evaluated because the official parser could not start; metadata absence or non-origin-bearing tags are inconclusive about origin.,,0,0.151915,"{""tool"":""ProvenanceInspector"",""evidence_type"":""none"",""verdict"":""inconclusive"",""score"":null,""strength"":""none"",""observation"":""C2PA status is unknown; EXIF/XMP/IPTC metadata was extracted without inferring origin."",""limitations"":""C2PA parser was unavailable. Metadata can be absent, stripped, or forged; claims not verified by the parser do not establish origin.""}"
/root/autodl-tmp/probe-dinov2-bfree-20261001/data/probe_eval_data/fake_flux/r1f5ad4e0t.png,r1f5ad4e0t:flux,r1f5ad4e0t,1,flux,,,,TOOL_UNAVAILABLE,,,,0,,,,,0,0,PNG,1024,1024,0,0,none,none,0,C2PA was not evaluated because the official parser could not start; metadata absence or non-origin-bearing tags are inconclusive about origin.,,0,0.123799,"{""tool"":""ProvenanceInspector"",""evidence_type"":""none"",""verdict"":""inconclusive"",""score"":null,""strength"":""none"",""observation"":""C2PA status is unknown; EXIF/XMP/IPTC metadata was extracted without inferring origin."",""limitations"":""C2PA parser was unavailable. Metadata can be absent, stripped, or forged; claims not verified by the parser do not establish origin.""}"
/root/autodl-tmp/probe-dinov2-bfree-20261001/data/probe_eval_data/fake_sd35/r1f5ad4e0t.png,r1f5ad4e0t:sd3_5,r1f5ad4e0t,1,sd3_5,,,,TOOL_UNAVAILABLE,,,,0,,,,,0,0,PNG,1024,1024,0,0,none,none,0,C2PA was not evaluated because the official parser could not start; metadata absence or non-origin-bearing tags are inconclusive about origin.,,0,0.151533,"{""tool"":""ProvenanceInspector"",""evidence_type"":""none"",""verdict"":""inconclusive"",""score"":null,""strength"":""none"",""observation"":""C2PA status is unknown; EXIF/XMP/IPTC metadata was extracted without inferring origin."",""limitations"":""C2PA parser was unavailable. Metadata can be absent, stripped, or forged; claims not verified by the parser do not establish origin.""}"
/root/autodl-tmp/probe-dinov2-bfree-20261001/data/probe_eval_data/real/r0809811bt.png,r0809811bt:raise,r0809811bt,0,raise,,,,TOOL_UNAVAILABLE,,,,0,,,,,0,0,PNG,1258,833,0,0,none,none,0,C2PA was not evaluated because the official parser could not start; metadata absence or non-origin-bearing tags are inconclusive about origin.,,0,0.153948,"{""tool"":""ProvenanceInspector"",""evidence_type"":""none"",""verdict"":""inconclusive"",""score"":null,""strength"":""none"",""observation"":""C2PA status is unknown; EXIF/XMP/IPTC metadata was extracted without inferring origin."",""limitations"":""C2PA parser was unavailable. Metadata can be absent, stripped, or forged; claims not verified by the parser do not establish origin.""}"
/root/autodl-tmp/probe-dinov2-bfree-20261001/data/probe_eval_data/fake_flux/r0809811bt.png,r0809811bt:flux,r0809811bt,1,flux,,,,TOOL_UNAVAILABLE,,,,0,,,,,0,0,PNG,1024,1024,0,0,none,none,0,C2PA was not evaluated because the official parser could not start; metadata absence or non-origin-bearing tags are inconclusive about origin.,,0,0.121001,"{""tool"":""ProvenanceInspector"",""evidence_type"":""none"",""verdict"":""inconclusive"",""score"":null,""strength"":""none"",""observation"":""C2PA status is unknown; EXIF/XMP/IPTC metadata was extracted without inferring origin."",""limitations"":""C2PA parser was unavailable. Metadata can be absent, stripped, or forged; claims not verified by the parser do not establish origin.""}"
/root/autodl-tmp/probe-dinov2-bfree-20261001/data/probe_eval_data/fake_sd35/r0809811bt.png,r0809811bt:sd3_5,r0809811bt,1,sd3_5,,,,TOOL_UNAVAILABLE,,,,0,,,,,0,0,PNG,1024,1024,0,0,none,none,0,C2PA was not evaluated because the official parser could not start; metadata absence or non-origin-bearing tags are inconclusive about origin.,,0,0.098227,"{""tool"":""ProvenanceInspector"",""evidence_type"":""none"",""verdict"":""inconclusive"",""score"":null,""strength"":""none"",""observation"":""C2PA status is unknown; EXIF/XMP/IPTC metadata was extracted without inferring origin."",""limitations"":""C2PA parser was unavailable. Metadata can be absent, stripped, or forged; claims not verified by the parser do not establish origin.""}"
/root/autodl-tmp/probe-dinov2-bfree-20261001/data/probe_eval_data/real/r04989a70t.png,r04989a70t:raise,r04989a70t,0,raise,,,,TOOL_UNAVAILABLE,,,,0,,,,,0,0,PNG,1258,833,0,0,none,none,0,C2PA was not evaluated because the official parser could not start; metadata absence or non-origin-bearing tags are inconclusive about origin.,,0,0.126127,"{""tool"":""ProvenanceInspector"",""evidence_type"":""none"",""verdict"":""inconclusive"",""score"":null,""strength"":""none"",""observation"":""C2PA status is unknown; EXIF/XMP/IPTC metadata was extracted without inferring origin."",""limitations"":""C2PA parser was unavailable. Metadata can be absent, stripped, or forged; claims not verified by the parser do not establish origin.""}"
/root/autodl-tmp/probe-dinov2-bfree-20261001/data/probe_eval_data/fake_flux/r04989a70t.png,r04989a70t:flux,r04989a70t,1,flux,,,,TOOL_UNAVAILABLE,,,,0,,,,,0,0,PNG,1024,1024,0,0,none,none,0,C2PA was not evaluated because the official parser could not start; metadata absence or non-origin-bearing tags are inconclusive about origin.,,0,0.141843,"{""tool"":""ProvenanceInspector"",""evidence_type"":""none"",""verdict"":""inconclusive"",""score"":null,""strength"":""none"",""observation"":""C2PA status is unknown; EXIF/XMP/IPTC metadata was extracted without inferring origin."",""limitations"":""C2PA parser was unavailable. Metadata can be absent, stripped, or forged; claims not verified by the parser do not establish origin.""}"
/root/autodl-tmp/probe-dinov2-bfree-20261001/data/probe_eval_data/fake_sd35/r04989a70t.png,r04989a70t:sd3_5,r04989a70t,1,sd3_5,,,,TOOL_UNAVAILABLE,,,,0,,,,,0,0,PNG,1024,1024,0,0,none,none,0,C2PA was not evaluated because the official parser could not start; metadata absence or non-origin-bearing tags are inconclusive about origin.,,0,0.125491,"{""tool"":""ProvenanceInspector"",""evidence_type"":""none"",""verdict"":""inconclusive"",""score"":null,""strength"":""none"",""observation"":""C2PA status is unknown; EXIF/XMP/IPTC metadata was extracted without inferring origin."",""limitations"":""C2PA parser was unavailable. Metadata can be absent, stripped, or forged; claims not verified by the parser do not establish origin.""}"
/root/autodl-tmp/probe-dinov2-bfree-20261001/data/probe_eval_data/real/r1ceba29dt.png,r1ceba29dt:raise,r1ceba29dt,0,raise,,,,TOOL_UNAVAILABLE,,,,0,,,,,0,0,PNG,833,1258,0,0,none,none,0,C2PA was not evaluated because the official parser could not start; metadata absence or non-origin-bearing tags are inconclusive about origin.,,0,0.152574,"{""tool"":""ProvenanceInspector"",""evidence_type"":""none"",""verdict"":""inconclusive"",""score"":null,""strength"":""none"",""observation"":""C2PA status is unknown; EXIF/XMP/IPTC metadata was extracted without inferring origin."",""limitations"":""C2PA parser was unavailable. Metadata can be absent, stripped, or forged; claims not verified by the parser do not establish origin.""}"
/root/autodl-tmp/probe-dinov2-bfree-20261001/data/probe_eval_data/fake_flux/r1ceba29dt.png,r1ceba29dt:flux,r1ceba29dt,1,flux,,,,TOOL_UNAVAILABLE,,,,0,,,,,0,0,PNG,1024,1024,0,0,none,none,0,C2PA was not evaluated because the official parser could not start; metadata absence or non-origin-bearing tags are inconclusive about origin.,,0,0.107661,"{""tool"":""ProvenanceInspector"",""evidence_type"":""none"",""verdict"":""inconclusive"",""score"":null,""strength"":""none"",""observation"":""C2PA status is unknown; EXIF/XMP/IPTC metadata was extracted without inferring origin."",""limitations"":""C2PA parser was unavailable. Metadata can be absent, stripped, or forged; claims not verified by the parser do not establish origin.""}"
/root/autodl-tmp/probe-dinov2-bfree-20261001/data/probe_eval_data/fake_sd35/r1ceba29dt.png,r1ceba29dt:sd3_5,r1ceba29dt,1,sd3_5,,,,TOOL_UNAVAILABLE,,,,0,,,,,0,0,PNG,1024,1024,0,0,none,none,0,C2PA was not evaluated because the official parser could not start; metadata absence or non-origin-bearing tags are inconclusive about origin.,,0,0.125254,"{""tool"":""ProvenanceInspector"",""evidence_type"":""none"",""verdict"":""inconclusive"",""score"":null,""strength"":""none"",""observation"":""C2PA status is unknown; EXIF/XMP/IPTC metadata was extracted without inferring origin."",""limitations"":""C2PA parser was unavailable. Metadata can be absent, stripped, or forged; claims not verified by the parser do not establish origin.""}"
/root/autodl-tmp/probe-dinov2-bfree-20261001/data/probe_eval_data/real/r1e14f45ct.png,r1e14f45ct:raise,r1e14f45ct,0,raise,,,,TOOL_UNAVAILABLE,,,,0,,,,,0,0,PNG,833,1258,0,0,none,none,0,C2PA was not evaluated because the official parser could not start; metadata absence or non-origin-bearing tags are inconclusive about origin.,,0,0.149724,"{""tool"":""ProvenanceInspector"",""evidence_type"":""none"",""verdict"":""inconclusive"",""score"":null,""strength"":""none"",""observation"":""C2PA status is unknown; EXIF/XMP/IPTC metadata was extracted without inferring origin."",""limitations"":""C2PA parser was unavailable. Metadata can be absent, stripped, or forged; claims not verified by the parser do not establish origin.""}"
/root/autodl-tmp/probe-dinov2-bfree-20261001/data/probe_eval_data/fake_flux/r1e14f45ct.png,r1e14f45ct:flux,r1e14f45ct,1,flux,,,,TOOL_UNAVAILABLE,,,,0,,,,,0,0,PNG,1024,1024,0,0,none,none,0,C2PA was not evaluated because the official parser could not start; metadata absence or non-origin-bearing tags are inconclusive about origin.,,0,0.12328,"{""tool"":""ProvenanceInspector"",""evidence_type"":""none"",""verdict"":""inconclusive"",""score"":null,""strength"":""none"",""observation"":""C2PA status is unknown; EXIF/XMP/IPTC metadata was extracted without inferring origin."",""limitations"":""C2PA parser was unavailable. Metadata can be absent, stripped, or forged; claims not verified by the parser do not establish origin.""}"
/root/autodl-tmp/probe-dinov2-bfree-20261001/data/probe_eval_data/fake_sd35/r1e14f45ct.png,r1e14f45ct:sd3_5,r1e14f45ct,1,sd3_5,,,,TOOL_UNAVAILABLE,,,,0,,,,,0,0,PNG,1024,1024,0,0,none,none,0,C2PA was not evaluated because the official parser could not start; metadata absence or non-origin-bearing tags are inconclusive about origin.,,0,0.097563,"{""tool"":""ProvenanceInspector"",""evidence_type"":""none"",""verdict"":""inconclusive"",""score"":null,""strength"":""none"",""observation"":""C2PA status is unknown; EXIF/XMP/IPTC metadata was extracted without inferring origin."",""limitations"":""C2PA parser was unavailable. Metadata can be absent, stripped, or forged; claims not verified by the parser do not establish origin.""}"
/root/autodl-tmp/probe-dinov2-bfree-20261001/data/probe_eval_data/real/r1d00d8ect.png,r1d00d8ect:raise,r1d00d8ect,0,raise,,,,TOOL_UNAVAILABLE,,,,0,,,,,0,0,PNG,833,1258,0,0,none,none,0,C2PA was not evaluated because the official parser could not start; metadata absence or non-origin-bearing tags are inconclusive about origin.,,0,0.15243,"{""tool"":""ProvenanceInspector"",""evidence_type"":""none"",""verdict"":""inconclusive"",""score"":null,""strength"":""none"",""observation"":""C2PA status is unknown; EXIF/XMP/IPTC metadata was extracted without inferring origin."",""limitations"":""C2PA parser was unavailable. Metadata can be absent, stripped, or forged; claims not verified by the parser do not establish origin.""}"
/root/autodl-tmp/probe-dinov2-bfree-20261001/data/probe_eval_data/fake_flux/r1d00d8ect.png,r1d00d8ect:flux,r1d00d8ect,1,flux,,,,TOOL_UNAVAILABLE,,,,0,,,,,0,0,PNG,1024,1024,0,0,none,none,0,C2PA was not evaluated because the official parser could not start; metadata absence or non-origin-bearing tags are inconclusive about origin.,,0,0.121099,"{""tool"":""ProvenanceInspector"",""evidence_type"":""none"",""verdict"":""inconclusive"",""score"":null,""strength"":""none"",""observation"":""C2PA status is unknown; EXIF/XMP/IPTC metadata was extracted without inferring origin."",""limitations"":""C2PA parser was unavailable. Metadata can be absent, stripped, or forged; claims not verified by the parser do not establish origin.""}"
/root/autodl-tmp/probe-dinov2-bfree-20261001/data/probe_eval_data/fake_sd35/r1d00d8ect.png,r1d00d8ect:sd3_5,r1d00d8ect,1,sd3_5,,,,TOOL_UNAVAILABLE,,,,0,,,,,0,0,PNG,1024,1024,0,0,none,none,0,C2PA was not evaluated because the official parser could not start; metadata absence or non-origin-bearing tags are inconclusive about origin.,,0,0.123148,"{""tool"":""ProvenanceInspector"",""evidence_type"":""none"",""verdict"":""inconclusive"",""score"":null,""strength"":""none"",""observation"":""C2PA status is unknown; EXIF/XMP/IPTC metadata was extracted without inferring origin."",""limitations"":""C2PA parser was unavailable. Metadata can be absent, stripped, or forged; claims not verified by the parser do not establish origin.""}"
/root/autodl-tmp/probe-dinov2-bfree-20261001/data/probe_eval_data/real/r14902ba4t.png,r14902ba4t:raise,r14902ba4t,0,raise,,,,TOOL_UNAVAILABLE,,,,0,,,,,0,0,PNG,1258,833,0,0,none,none,0,C2PA was not evaluated because the official parser could not start; metadata absence or non-origin-bearing tags are inconclusive about origin.,,0,0.176939,"{""tool"":""ProvenanceInspector"",""evidence_type"":""none"",""verdict"":""inconclusive"",""score"":null,""strength"":""none"",""observation"":""C2PA status is unknown; EXIF/XMP/IPTC metadata was extracted without inferring origin."",""limitations"":""C2PA parser was unavailable. Metadata can be absent, stripped, or forged; claims not verified by the parser do not establish origin.""}"
/root/autodl-tmp/probe-dinov2-bfree-20261001/data/probe_eval_data/fake_flux/r14902ba4t.png,r14902ba4t:flux,r14902ba4t,1,flux,,,,TOOL_UNAVAILABLE,,,,0,,,,,0,0,PNG,1024,1024,0,0,none,none,0,C2PA was not evaluated because the official parser could not start; metadata absence or non-origin-bearing tags are inconclusive about origin.,,0,0.150023,"{""tool"":""ProvenanceInspector"",""evidence_type"":""none"",""verdict"":""inconclusive"",""score"":null,""strength"":""none"",""observation"":""C2PA status is unknown; EXIF/XMP/IPTC metadata was extracted without inferring origin."",""limitations"":""C2PA parser was unavailable. Metadata can be absent, stripped, or forged; claims not verified by the parser do not establish origin.""}"
/root/autodl-tmp/probe-dinov2-bfree-20261001/data/probe_eval_data/fake_sd35/r14902ba4t.png,r14902ba4t:sd3_5,r14902ba4t,1,sd3_5,,,,TOOL_UNAVAILABLE,,,,0,,,,,0,0,PNG,1024,1024,0,0,none,none,0,C2PA was not evaluated because the official parser could not start; metadata absence or non-origin-bearing tags are inconclusive about origin.,,0,0.147214,"{""tool"":""ProvenanceInspector"",""evidence_type"":""none"",""verdict"":""inconclusive"",""score"":null,""strength"":""none"",""observation"":""C2PA status is unknown; EXIF/XMP/IPTC metadata was extracted without inferring origin."",""limitations"":""C2PA parser was unavailable. Metadata can be absent, stripped, or forged; claims not verified by the parser do not establish origin.""}"
/root/autodl-tmp/probe-dinov2-bfree-20261001/data/probe_eval_data/real/r08f2d4c6t.png,r08f2d4c6t:raise,r08f2d4c6t,0,raise,,,,TOOL_UNAVAILABLE,,,,0,,,,,0,0,PNG,1258,833,0,0,none,none,0,C2PA was not evaluated because the official parser could not start; metadata absence or non-origin-bearing tags are inconclusive about origin.,,0,0.179999,"{""tool"":""ProvenanceInspector"",""evidence_type"":""none"",""verdict"":""inconclusive"",""score"":null,""strength"":""none"",""observation"":""C2PA status is unknown; EXIF/XMP/IPTC metadata was extracted without inferring origin."",""limitations"":""C2PA parser was unavailable. Metadata can be absent, stripped, or forged; claims not verified by the parser do not establish origin.""}"
/root/autodl-tmp/probe-dinov2-bfree-20261001/data/probe_eval_data/fake_flux/r08f2d4c6t.png,r08f2d4c6t:flux,r08f2d4c6t,1,flux,,,,TOOL_UNAVAILABLE,,,,0,,,,,0,0,PNG,1024,1024,0,0,none,none,0,C2PA was not evaluated because the official parser could not start; metadata absence or non-origin-bearing tags are inconclusive about origin.,,0,0.124495,"{""tool"":""ProvenanceInspector"",""evidence_type"":""none"",""verdict"":""inconclusive"",""score"":null,""strength"":""none"",""observation"":""C2PA status is unknown; EXIF/XMP/IPTC metadata was extracted without inferring origin."",""limitations"":""C2PA parser was unavailable. Metadata can be absent, stripped, or forged; claims not verified by the parser do not establish origin.""}"
/root/autodl-tmp/probe-dinov2-bfree-20261001/data/probe_eval_data/fake_sd35/r08f2d4c6t.png,r08f2d4c6t:sd3_5,r08f2d4c6t,1,sd3_5,,,,TOOL_UNAVAILABLE,,,,0,,,,,0,0,PNG,1024,1024,0,0,none,none,0,C2PA was not evaluated because the official parser could not start; metadata absence or non-origin-bearing tags are inconclusive about origin.,,0,0.122715,"{""tool"":""ProvenanceInspector"",""evidence_type"":""none"",""verdict"":""inconclusive"",""score"":null,""strength"":""none"",""observation"":""C2PA status is unknown; EXIF/XMP/IPTC metadata was extracted without inferring origin."",""limitations"":""C2PA parser was unavailable. Metadata can be absent, stripped, or forged; claims not verified by the parser do not establish origin.""}"
/root/autodl-tmp/probe-dinov2-bfree-20261001/data/probe_eval_data/real/r1c4d4720t.png,r1c4d4720t:raise,r1c4d4720t,0,raise,,,,TOOL_UNAVAILABLE,,,,0,,,,,0,0,PNG,1258,833,0,0,none,none,0,C2PA was not evaluated because the official parser could not start; metadata absence or non-origin-bearing tags are inconclusive about origin.,,0,0.164766,"{""tool"":""ProvenanceInspector"",""evidence_type"":""none"",""verdict"":""inconclusive"",""score"":null,""strength"":""none"",""observation"":""C2PA status is unknown; EXIF/XMP/IPTC metadata was extracted without inferring origin."",""limitations"":""C2PA parser was unavailable. Metadata can be absent, stripped, or forged; claims not verified by the parser do not establish origin.""}"
/root/autodl-tmp/probe-dinov2-bfree-20261001/data/probe_eval_data/fake_flux/r1c4d4720t.png,r1c4d4720t:flux,r1c4d4720t,1,flux,,,,TOOL_UNAVAILABLE,,,,0,,,,,0,0,PNG,1024,1024,0,0,none,none,0,C2PA was not evaluated because the official parser could not start; metadata absence or non-origin-bearing tags are inconclusive about origin.,,0,0.128583,"{""tool"":""ProvenanceInspector"",""evidence_type"":""none"",""verdict"":""inconclusive"",""score"":null,""strength"":""none"",""observation"":""C2PA status is unknown; EXIF/XMP/IPTC metadata was extracted without inferring origin."",""limitations"":""C2PA parser was unavailable. Metadata can be absent, stripped, or forged; claims not verified by the parser do not establish origin.""}"
/root/autodl-tmp/probe-dinov2-bfree-20261001/data/probe_eval_data/fake_sd35/r1c4d4720t.png,r1c4d4720t:sd3_5,r1c4d4720t,1,sd3_5,,,,TOOL_UNAVAILABLE,,,,0,,,,,0,0,PNG,1024,1024,0,0,none,none,0,C2PA was not evaluated because the official parser could not start; metadata absence or non-origin-bearing tags are inconclusive about origin.,,0,0.123455,"{""tool"":""ProvenanceInspector"",""evidence_type"":""none"",""verdict"":""inconclusive"",""score"":null,""strength"":""none"",""observation"":""C2PA status is unknown; EXIF/XMP/IPTC metadata was extracted without inferring origin."",""limitations"":""C2PA parser was unavailable. Metadata can be absent, stripped, or forged; claims not verified by the parser do not establish origin.""}"
/root/autodl-tmp/probe-dinov2-bfree-20261001/data/probe_eval_data/real/r09dc6407t.png,r09dc6407t:raise,r09dc6407t,0,raise,,,,TOOL_UNAVAILABLE,,,,0,,,,,0,0,PNG,1256,835,0,0,none,none,0,C2PA was not evaluated because the official parser could not start; metadata absence or non-origin-bearing tags are inconclusive about origin.,,0,0.126319,"{""tool"":""ProvenanceInspector"",""evidence_type"":""none"",""verdict"":""inconclusive"",""score"":null,""strength"":""none"",""observation"":""C2PA status is unknown; EXIF/XMP/IPTC metadata was extracted without inferring origin."",""limitations"":""C2PA parser was unavailable. Metadata can be absent, stripped, or forged; claims not verified by the parser do not establish origin.""}"
/root/autodl-tmp/probe-dinov2-bfree-20261001/data/probe_eval_data/fake_flux/r09dc6407t.png,r09dc6407t:flux,r09dc6407t,1,flux,,,,TOOL_UNAVAILABLE,,,,0,,,,,0,0,PNG,1024,1024,0,0,none,none,0,C2PA was not evaluated because the official parser could not start; metadata absence or non-origin-bearing tags are inconclusive about origin.,,0,0.122792,"{""tool"":""ProvenanceInspector"",""evidence_type"":""none"",""verdict"":""inconclusive"",""score"":null,""strength"":""none"",""observation"":""C2PA status is unknown; EXIF/XMP/IPTC metadata was extracted without inferring origin."",""limitations"":""C2PA parser was unavailable. Metadata can be absent, stripped, or forged; claims not verified by the parser do not establish origin.""}"
/root/autodl-tmp/probe-dinov2-bfree-20261001/data/probe_eval_data/fake_sd35/r09dc6407t.png,r09dc6407t:sd3_5,r09dc6407t,1,sd3_5,,,,TOOL_UNAVAILABLE,,,,0,,,,,0,0,PNG,1024,1024,0,0,none,none,0,C2PA was not evaluated because the official parser could not start; metadata absence or non-origin-bearing tags are inconclusive about origin.,,0,0.124084,"{""tool"":""ProvenanceInspector"",""evidence_type"":""none"",""verdict"":""inconclusive"",""score"":null,""strength"":""none"",""observation"":""C2PA status is unknown; EXIF/XMP/IPTC metadata was extracted without inferring origin."",""limitations"":""C2PA parser was unavailable. Metadata can be absent, stripped, or forged; claims not verified by the parser do not establish origin.""}"
/root/autodl-tmp/probe-dinov2-bfree-20261001/data/probe_eval_data/real/r0703243bt.png,r0703243bt:raise,r0703243bt,0,raise,,,,TOOL_UNAVAILABLE,,,,0,,,,,0,0,PNG,833,1258,0,0,none,none,0,C2PA was not evaluated because the official parser could not start; metadata absence or non-origin-bearing tags are inconclusive about origin.,,0,0.125915,"{""tool"":""ProvenanceInspector"",""evidence_type"":""none"",""verdict"":""inconclusive"",""score"":null,""strength"":""none"",""observation"":""C2PA status is unknown; EXIF/XMP/IPTC metadata was extracted without inferring origin."",""limitations"":""C2PA parser was unavailable. Metadata can be absent, stripped, or forged; claims not verified by the parser do not establish origin.""}"
/root/autodl-tmp/probe-dinov2-bfree-20261001/data/probe_eval_data/fake_flux/r0703243bt.png,r0703243bt:flux,r0703243bt,1,flux,,,,TOOL_UNAVAILABLE,,,,0,,,,,0,0,PNG,1024,1024,0,0,none,none,0,C2PA was not evaluated because the official parser could not start; metadata absence or non-origin-bearing tags are inconclusive about origin.,,0,0.120662,"{""tool"":""ProvenanceInspector"",""evidence_type"":""none"",""verdict"":""inconclusive"",""score"":null,""strength"":""none"",""observation"":""C2PA status is unknown; EXIF/XMP/IPTC metadata was extracted without inferring origin."",""limitations"":""C2PA parser was unavailable. Metadata can be absent, stripped, or forged; claims not verified by the parser do not establish origin.""}"
/root/autodl-tmp/probe-dinov2-bfree-20261001/data/probe_eval_data/fake_sd35/r0703243bt.png,r0703243bt:sd3_5,r0703243bt,1,sd3_5,,,,TOOL_UNAVAILABLE,,,,0,,,,,0,0,PNG,1024,1024,0,0,none,none,0,C2PA was not evaluated because the official parser could not start; metadata absence or non-origin-bearing tags are inconclusive about origin.,,0,0.121197,"{""tool"":""ProvenanceInspector"",""evidence_type"":""none"",""verdict"":""inconclusive"",""score"":null,""strength"":""none"",""observation"":""C2PA status is unknown; EXIF/XMP/IPTC metadata was extracted without inferring origin."",""limitations"":""C2PA parser was unavailable. Metadata can be absent, stripped, or forged; claims not verified by the parser do not establish origin.""}"
/root/autodl-tmp/probe-dinov2-bfree-20261001/data/probe_eval_data/real/r10a207det.png,r10a207det:raise,r10a207det,0,raise,,,,TOOL_UNAVAILABLE,,,,0,,,,,0,0,PNG,833,1258,0,0,none,none,0,C2PA was not evaluated because the official parser could not start; metadata absence or non-origin-bearing tags are inconclusive about origin.,,0,0.149721,"{""tool"":""ProvenanceInspector"",""evidence_type"":""none"",""verdict"":""inconclusive"",""score"":null,""strength"":""none"",""observation"":""C2PA status is unknown; EXIF/XMP/IPTC metadata was extracted without inferring origin."",""limitations"":""C2PA parser was unavailable. Metadata can be absent, stripped, or forged; claims not verified by the parser do not establish origin.""}"
/root/autodl-tmp/probe-dinov2-bfree-20261001/data/probe_eval_data/fake_flux/r10a207det.png,r10a207det:flux,r10a207det,1,flux,,,,TOOL_UNAVAILABLE,,,,0,,,,,0,0,PNG,1024,1024,0,0,none,none,0,C2PA was not evaluated because the official parser could not start; metadata absence or non-origin-bearing tags are inconclusive about origin.,,0,0.122199,"{""tool"":""ProvenanceInspector"",""evidence_type"":""none"",""verdict"":""inconclusive"",""score"":null,""strength"":""none"",""observation"":""C2PA status is unknown; EXIF/XMP/IPTC metadata was extracted without inferring origin."",""limitations"":""C2PA parser was unavailable. Metadata can be absent, stripped, or forged; claims not verified by the parser do not establish origin.""}"
/root/autodl-tmp/probe-dinov2-bfree-20261001/data/probe_eval_data/fake_sd35/r10a207det.png,r10a207det:sd3_5,r10a207det,1,sd3_5,,,,TOOL_UNAVAILABLE,,,,0,,,,,0,0,PNG,1024,1024,0,0,none,none,0,C2PA was not evaluated because the official parser could not start; metadata absence or non-origin-bearing tags are inconclusive about origin.,,0,0.096118,"{""tool"":""ProvenanceInspector"",""evidence_type"":""none"",""verdict"":""inconclusive"",""score"":null,""strength"":""none"",""observation"":""C2PA status is unknown; EXIF/XMP/IPTC metadata was extracted without inferring origin."",""limitations"":""C2PA parser was unavailable. Metadata can be absent, stripped, or forged; claims not verified by the parser do not establish origin.""}"
/root/autodl-tmp/probe-dinov2-bfree-20261001/data/probe_eval_data/real/r1cd8d9a4t.png,r1cd8d9a4t:raise,r1cd8d9a4t,0,raise,,,,TOOL_UNAVAILABLE,,,,0,,,,,0,0,PNG,833,1258,0,0,none,none,0,C2PA was not evaluated because the official parser could not start; metadata absence or non-origin-bearing tags are inconclusive about origin.,,0,0.152511,"{""tool"":""ProvenanceInspector"",""evidence_type"":""none"",""verdict"":""inconclusive"",""score"":null,""strength"":""none"",""observation"":""C2PA status is unknown; EXIF/XMP/IPTC metadata was extracted without inferring origin."",""limitations"":""C2PA parser was unavailable. Metadata can be absent, stripped, or forged; claims not verified by the parser do not establish origin.""}"
/root/autodl-tmp/probe-dinov2-bfree-20261001/data/probe_eval_data/fake_flux/r1cd8d9a4t.png,r1cd8d9a4t:flux,r1cd8d9a4t,1,flux,,,,TOOL_UNAVAILABLE,,,,0,,,,,0,0,PNG,1024,1024,0,0,none,none,0,C2PA was not evaluated because the official parser could not start; metadata absence or non-origin-bearing tags are inconclusive about origin.,,0,0.125339,"{""tool"":""ProvenanceInspector"",""evidence_type"":""none"",""verdict"":""inconclusive"",""score"":null,""strength"":""none"",""observation"":""C2PA status is unknown; EXIF/XMP/IPTC metadata was extracted without inferring origin."",""limitations"":""C2PA parser was unavailable. Metadata can be absent, stripped, or forged; claims not verified by the parser do not establish origin.""}"
/root/autodl-tmp/probe-dinov2-bfree-20261001/data/probe_eval_data/fake_sd35/r1cd8d9a4t.png,r1cd8d9a4t:sd3_5,r1cd8d9a4t,1,sd3_5,,,,TOOL_UNAVAILABLE,,,,0,,,,,0,0,PNG,1024,1024,0,0,none,none,0,C2PA was not evaluated because the official parser could not start; metadata absence or non-origin-bearing tags are inconclusive about origin.,,0,0.123555,"{""tool"":""ProvenanceInspector"",""evidence_type"":""none"",""verdict"":""inconclusive"",""score"":null,""strength"":""none"",""observation"":""C2PA status is unknown; EXIF/XMP/IPTC metadata was extracted without inferring origin."",""limitations"":""C2PA parser was unavailable. Metadata can be absent, stripped, or forged; claims not verified by the parser do not establish origin.""}"
/root/autodl-tmp/probe-dinov2-bfree-20261001/data/probe_eval_data/real/r1a485a99t.png,r1a485a99t:raise,r1a485a99t,0,raise,,,,TOOL_UNAVAILABLE,,,,0,,,,,0,0,PNG,1258,833,0,0,none,none,0,C2PA was not evaluated because the official parser could not start; metadata absence or non-origin-bearing tags are inconclusive about origin.,,0,0.135256,"{""tool"":""ProvenanceInspector"",""evidence_type"":""none"",""verdict"":""inconclusive"",""score"":null,""strength"":""none"",""observation"":""C2PA status is unknown; EXIF/XMP/IPTC metadata was extracted without inferring origin."",""limitations"":""C2PA parser was unavailable. Metadata can be absent, stripped, or forged; claims not verified by the parser do not establish origin.""}"
/root/autodl-tmp/probe-dinov2-bfree-20261001/data/probe_eval_data/fake_flux/r1a485a99t.png,r1a485a99t:flux,r1a485a99t,1,flux,,,,TOOL_UNAVAILABLE,,,,0,,,,,0,0,PNG,1024,1024,0,0,none,none,0,C2PA was not evaluated because the official parser could not start; metadata absence or non-origin-bearing tags are inconclusive about origin.,,0,0.097259,"{""tool"":""ProvenanceInspector"",""evidence_type"":""none"",""verdict"":""inconclusive"",""score"":null,""strength"":""none"",""observation"":""C2PA status is unknown; EXIF/XMP/IPTC metadata was extracted without inferring origin."",""limitations"":""C2PA parser was unavailable. Metadata can be absent, stripped, or forged; claims not verified by the parser do not establish origin.""}"
/root/autodl-tmp/probe-dinov2-bfree-20261001/data/probe_eval_data/fake_sd35/r1a485a99t.png,r1a485a99t:sd3_5,r1a485a99t,1,sd3_5,,,,TOOL_UNAVAILABLE,,,,0,,,,,0,0,PNG,1024,1024,0,0,none,none,0,C2PA was not evaluated because the official parser could not start; metadata absence or non-origin-bearing tags are inconclusive about origin.,,0,0.12428,"{""tool"":""ProvenanceInspector"",""evidence_type"":""none"",""verdict"":""inconclusive"",""score"":null,""strength"":""none"",""observation"":""C2PA status is unknown; EXIF/XMP/IPTC metadata was extracted without inferring origin."",""limitations"":""C2PA parser was unavailable. Metadata can be absent, stripped, or forged; claims not verified by the parser do not establish origin.""}"
/root/autodl-tmp/probe-dinov2-bfree-20261001/data/probe_eval_data/real/r1a8ee526t.png,r1a8ee526t:raise,r1a8ee526t,0,raise,,,,TOOL_UNAVAILABLE,,,,0,,,,,0,0,PNG,1256,835,0,0,none,none,0,C2PA was not evaluated because the official parser could not start; metadata absence or non-origin-bearing tags are inconclusive about origin.,,0,0.154723,"{""tool"":""ProvenanceInspector"",""evidence_type"":""none"",""verdict"":""inconclusive"",""score"":null,""strength"":""none"",""observation"":""C2PA status is unknown; EXIF/XMP/IPTC metadata was extracted without inferring origin."",""limitations"":""C2PA parser was unavailable. Metadata can be absent, stripped, or forged; claims not verified by the parser do not establish origin.""}"
/root/autodl-tmp/probe-dinov2-bfree-20261001/data/probe_eval_data/fake_flux/r1a8ee526t.png,r1a8ee526t:flux,r1a8ee526t,1,flux,,,,TOOL_UNAVAILABLE,,,,0,,,,,0,0,PNG,1024,1024,0,0,none,none,0,C2PA was not evaluated because the official parser could not start; metadata absence or non-origin-bearing tags are inconclusive about origin.,,0,0.119548,"{""tool"":""ProvenanceInspector"",""evidence_type"":""none"",""verdict"":""inconclusive"",""score"":null,""strength"":""none"",""observation"":""C2PA status is unknown; EXIF/XMP/IPTC metadata was extracted without inferring origin."",""limitations"":""C2PA parser was unavailable. Metadata can be absent, stripped, or forged; claims not verified by the parser do not establish origin.""}"
/root/autodl-tmp/probe-dinov2-bfree-20261001/data/probe_eval_data/fake_sd35/r1a8ee526t.png,r1a8ee526t:sd3_5,r1a8ee526t,1,sd3_5,,,,TOOL_UNAVAILABLE,,,,0,,,,,0,0,PNG,1024,1024,0,0,none,none,0,C2PA was not evaluated because the official parser could not start; metadata absence or non-origin-bearing tags are inconclusive about origin.,,0,0.119559,"{""tool"":""ProvenanceInspector"",""evidence_type"":""none"",""verdict"":""inconclusive"",""score"":null,""strength"":""none"",""observation"":""C2PA status is unknown; EXIF/XMP/IPTC metadata was extracted without inferring origin."",""limitations"":""C2PA parser was unavailable. Metadata can be absent, stripped, or forged; claims not verified by the parser do not establish origin.""}"
/root/autodl-tmp/probe-dinov2-bfree-20261001/data/probe_eval_data/real/r1ea8ccbbt.png,r1ea8ccbbt:raise,r1ea8ccbbt,0,raise,,,,TOOL_UNAVAILABLE,,,,0,,,,,0,0,PNG,1258,833,0,0,none,none,0,C2PA was not evaluated because the official parser could not start; metadata absence or non-origin-bearing tags are inconclusive about origin.,,0,0.150713,"{""tool"":""ProvenanceInspector"",""evidence_type"":""none"",""verdict"":""inconclusive"",""score"":null,""strength"":""none"",""observation"":""C2PA status is unknown; EXIF/XMP/IPTC metadata was extracted without inferring origin."",""limitations"":""C2PA parser was unavailable. Metadata can be absent, stripped, or forged; claims not verified by the parser do not establish origin.""}"
/root/autodl-tmp/probe-dinov2-bfree-20261001/data/probe_eval_data/fake_flux/r1ea8ccbbt.png,r1ea8ccbbt:flux,r1ea8ccbbt,1,flux,,,,TOOL_UNAVAILABLE,,,,0,,,,,0,0,PNG,1024,1024,0,0,none,none,0,C2PA was not evaluated because the official parser could not start; metadata absence or non-origin-bearing tags are inconclusive about origin.,,0,0.123613,"{""tool"":""ProvenanceInspector"",""evidence_type"":""none"",""verdict"":""inconclusive"",""score"":null,""strength"":""none"",""observation"":""C2PA status is unknown; EXIF/XMP/IPTC metadata was extracted without inferring origin."",""limitations"":""C2PA parser was unavailable. Metadata can be absent, stripped, or forged; claims not verified by the parser do not establish origin.""}"
/root/autodl-tmp/probe-dinov2-bfree-20261001/data/probe_eval_data/fake_sd35/r1ea8ccbbt.png,r1ea8ccbbt:sd3_5,r1ea8ccbbt,1,sd3_5,,,,TOOL_UNAVAILABLE,,,,0,,,,,0,0,PNG,1024,1024,0,0,none,none,0,C2PA was not evaluated because the official parser could not start; metadata absence or non-origin-bearing tags are inconclusive about origin.,,0,0.122454,"{""tool"":""ProvenanceInspector"",""evidence_type"":""none"",""verdict"":""inconclusive"",""score"":null,""strength"":""none"",""observation"":""C2PA status is unknown; EXIF/XMP/IPTC metadata was extracted without inferring origin."",""limitations"":""C2PA parser was unavailable. Metadata can be absent, stripped, or forged; claims not verified by the parser do not establish origin.""}"
/root/autodl-tmp/probe-dinov2-bfree-20261001/data/probe_eval_data/real/r110f894ft.png,r110f894ft:raise,r110f894ft,0,raise,,,,TOOL_UNAVAILABLE,,,,0,,,,,0,0,PNG,1256,835,0,0,none,none,0,C2PA was not evaluated because the official parser could not start; metadata absence or non-origin-bearing tags are inconclusive about origin.,,0,0.147115,"{""tool"":""ProvenanceInspector"",""evidence_type"":""none"",""verdict"":""inconclusive"",""score"":null,""strength"":""none"",""observation"":""C2PA status is unknown; EXIF/XMP/IPTC metadata was extracted without inferring origin."",""limitations"":""C2PA parser was unavailable. Metadata can be absent, stripped, or forged; claims not verified by the parser do not establish origin.""}"
/root/autodl-tmp/probe-dinov2-bfree-20261001/data/probe_eval_data/fake_flux/r110f894ft.png,r110f894ft:flux,r110f894ft,1,flux,,,,TOOL_UNAVAILABLE,,,,0,,,,,0,0,PNG,1024,1024,0,0,none,none,0,C2PA was not evaluated because the official parser could not start; metadata absence or non-origin-bearing tags are inconclusive about origin.,,0,0.126165,"{""tool"":""ProvenanceInspector"",""evidence_type"":""none"",""verdict"":""inconclusive"",""score"":null,""strength"":""none"",""observation"":""C2PA status is unknown; EXIF/XMP/IPTC metadata was extracted without inferring origin."",""limitations"":""C2PA parser was unavailable. Metadata can be absent, stripped, or forged; claims not verified by the parser do not establish origin.""}"
/root/autodl-tmp/probe-dinov2-bfree-20261001/data/probe_eval_data/fake_sd35/r110f894ft.png,r110f894ft:sd3_5,r110f894ft,1,sd3_5,,,,TOOL_UNAVAILABLE,,,,0,,,,,0,0,PNG,1024,1024,0,0,none,none,0,C2PA was not evaluated because the official parser could not start; metadata absence or non-origin-bearing tags are inconclusive about origin.,,0,0.123162,"{""tool"":""ProvenanceInspector"",""evidence_type"":""none"",""verdict"":""inconclusive"",""score"":null,""strength"":""none"",""observation"":""C2PA status is unknown; EXIF/XMP/IPTC metadata was extracted without inferring origin."",""limitations"":""C2PA parser was unavailable. Metadata can be absent, stripped, or forged; claims not verified by the parser do not establish origin.""}"
/root/autodl-tmp/probe-dinov2-bfree-20261001/data/probe_eval_data/real/r16422663t.png,r16422663t:raise,r16422663t,0,raise,,,,TOOL_UNAVAILABLE,,,,0,,,,,0,0,PNG,1258,833,0,0,none,none,0,C2PA was not evaluated because the official parser could not start; metadata absence or non-origin-bearing tags are inconclusive about origin.,,0,0.150786,"{""tool"":""ProvenanceInspector"",""evidence_type"":""none"",""verdict"":""inconclusive"",""score"":null,""strength"":""none"",""observation"":""C2PA status is unknown; EXIF/XMP/IPTC metadata was extracted without inferring origin."",""limitations"":""C2PA parser was unavailable. Metadata can be absent, stripped, or forged; claims not verified by the parser do not establish origin.""}"
/root/autodl-tmp/probe-dinov2-bfree-20261001/data/probe_eval_data/fake_flux/r16422663t.png,r16422663t:flux,r16422663t,1,flux,,,,TOOL_UNAVAILABLE,,,,0,,,,,0,0,PNG,1024,1024,0,0,none,none,0,C2PA was not evaluated because the official parser could not start; metadata absence or non-origin-bearing tags are inconclusive about origin.,,0,0.119288,"{""tool"":""ProvenanceInspector"",""evidence_type"":""none"",""verdict"":""inconclusive"",""score"":null,""strength"":""none"",""observation"":""C2PA status is unknown; EXIF/XMP/IPTC metadata was extracted without inferring origin."",""limitations"":""C2PA parser was unavailable. Metadata can be absent, stripped, or forged; claims not verified by the parser do not establish origin.""}"
/root/autodl-tmp/probe-dinov2-bfree-20261001/data/probe_eval_data/fake_sd35/r16422663t.png,r16422663t:sd3_5,r16422663t,1,sd3_5,,,,TOOL_UNAVAILABLE,,,,0,,,,,0,0,PNG,1024,1024,0,0,none,none,0,C2PA was not evaluated because the official parser could not start; metadata absence or non-origin-bearing tags are inconclusive about origin.,,0,0.122985,"{""tool"":""ProvenanceInspector"",""evidence_type"":""none"",""verdict"":""inconclusive"",""score"":null,""strength"":""none"",""observation"":""C2PA status is unknown; EXIF/XMP/IPTC metadata was extracted without inferring origin."",""limitations"":""C2PA parser was unavailable. Metadata can be absent, stripped, or forged; claims not verified by the parser do not establish origin.""}"
/root/autodl-tmp/probe-dinov2-bfree-20261001/data/probe_eval_data/real/r1aa4db16t.png,r1aa4db16t:raise,r1aa4db16t,0,raise,,,,TOOL_UNAVAILABLE,,,,0,,,,,0,0,PNG,1258,833,0,0,none,none,0,C2PA was not evaluated because the official parser could not start; metadata absence or non-origin-bearing tags are inconclusive about origin.,,0,0.152635,"{""tool"":""ProvenanceInspector"",""evidence_type"":""none"",""verdict"":""inconclusive"",""score"":null,""strength"":""none"",""observation"":""C2PA status is unknown; EXIF/XMP/IPTC metadata was extracted without inferring origin."",""limitations"":""C2PA parser was unavailable. Metadata can be absent, stripped, or forged; claims not verified by the parser do not establish origin.""}"
/root/autodl-tmp/probe-dinov2-bfree-20261001/data/probe_eval_data/fake_flux/r1aa4db16t.png,r1aa4db16t:flux,r1aa4db16t,1,flux,,,,TOOL_UNAVAILABLE,,,,0,,,,,0,0,PNG,1024,1024,0,0,none,none,0,C2PA was not evaluated because the official parser could not start; metadata absence or non-origin-bearing tags are inconclusive about origin.,,0,0.121216,"{""tool"":""ProvenanceInspector"",""evidence_type"":""none"",""verdict"":""inconclusive"",""score"":null,""strength"":""none"",""observation"":""C2PA status is unknown; EXIF/XMP/IPTC metadata was extracted without inferring origin."",""limitations"":""C2PA parser was unavailable. Metadata can be absent, stripped, or forged; claims not verified by the parser do not establish origin.""}"
/root/autodl-tmp/probe-dinov2-bfree-20261001/data/probe_eval_data/fake_sd35/r1aa4db16t.png,r1aa4db16t:sd3_5,r1aa4db16t,1,sd3_5,,,,TOOL_UNAVAILABLE,,,,0,,,,,0,0,PNG,1024,1024,0,0,none,none,0,C2PA was not evaluated because the official parser could not start; metadata absence or non-origin-bearing tags are inconclusive about origin.,,0,0.122062,"{""tool"":""ProvenanceInspector"",""evidence_type"":""none"",""verdict"":""inconclusive"",""score"":null,""strength"":""none"",""observation"":""C2PA status is unknown; EXIF/XMP/IPTC metadata was extracted without inferring origin."",""limitations"":""C2PA parser was unavailable. Metadata can be absent, stripped, or forged; claims not verified by the parser do not establish origin.""}"
/root/autodl-tmp/probe-dinov2-bfree-20261001/data/probe_eval_data/real/r193b12aet.png,r193b12aet:raise,r193b12aet,0,raise,,,,TOOL_UNAVAILABLE,,,,0,,,,,0,0,PNG,1258,833,0,0,none,none,0,C2PA was not evaluated because the official parser could not start; metadata absence or non-origin-bearing tags are inconclusive about origin.,,0,0.151773,"{""tool"":""ProvenanceInspector"",""evidence_type"":""none"",""verdict"":""inconclusive"",""score"":null,""strength"":""none"",""observation"":""C2PA status is unknown; EXIF/XMP/IPTC metadata was extracted without inferring origin."",""limitations"":""C2PA parser was unavailable. Metadata can be absent, stripped, or forged; claims not verified by the parser do not establish origin.""}"
/root/autodl-tmp/probe-dinov2-bfree-20261001/data/probe_eval_data/fake_flux/r193b12aet.png,r193b12aet:flux,r193b12aet,1,flux,,,,TOOL_UNAVAILABLE,,,,0,,,,,0,0,PNG,1024,1024,0,0,none,none,0,C2PA was not evaluated because the official parser could not start; metadata absence or non-origin-bearing tags are inconclusive about origin.,,0,0.120224,"{""tool"":""ProvenanceInspector"",""evidence_type"":""none"",""verdict"":""inconclusive"",""score"":null,""strength"":""none"",""observation"":""C2PA status is unknown; EXIF/XMP/IPTC metadata was extracted without inferring origin."",""limitations"":""C2PA parser was unavailable. Metadata can be absent, stripped, or forged; claims not verified by the parser do not establish origin.""}"
/root/autodl-tmp/probe-dinov2-bfree-20261001/data/probe_eval_data/fake_sd35/r193b12aet.png,r193b12aet:sd3_5,r193b12aet,1,sd3_5,,,,TOOL_UNAVAILABLE,,,,0,,,,,0,0,PNG,1024,1024,0,0,none,none,0,C2PA was not evaluated because the official parser could not start; metadata absence or non-origin-bearing tags are inconclusive about origin.,,0,0.125898,"{""tool"":""ProvenanceInspector"",""evidence_type"":""none"",""verdict"":""inconclusive"",""score"":null,""strength"":""none"",""observation"":""C2PA status is unknown; EXIF/XMP/IPTC metadata was extracted without inferring origin."",""limitations"":""C2PA parser was unavailable. Metadata can be absent, stripped, or forged; claims not verified by the parser do not establish origin.""}"
/root/autodl-tmp/probe-dinov2-bfree-20261001/data/probe_eval_data/real/r1f4f8a51t.png,r1f4f8a51t:raise,r1f4f8a51t,0,raise,,,,TOOL_UNAVAILABLE,,,,0,,,,,0,0,PNG,1258,833,0,0,none,none,0,C2PA was not evaluated because the official parser could not start; metadata absence or non-origin-bearing tags are inconclusive about origin.,,0,0.151549,"{""tool"":""ProvenanceInspector"",""evidence_type"":""none"",""verdict"":""inconclusive"",""score"":null,""strength"":""none"",""observation"":""C2PA status is unknown; EXIF/XMP/IPTC metadata was extracted without inferring origin."",""limitations"":""C2PA parser was unavailable. Metadata can be absent, stripped, or forged; claims not verified by the parser do not establish origin.""}"
/root/autodl-tmp/probe-dinov2-bfree-20261001/data/probe_eval_data/fake_flux/r1f4f8a51t.png,r1f4f8a51t:flux,r1f4f8a51t,1,flux,,,,TOOL_UNAVAILABLE,,,,0,,,,,0,0,PNG,1024,1024,0,0,none,none,0,C2PA was not evaluated because the official parser could not start; metadata absence or non-origin-bearing tags are inconclusive about origin.,,0,0.097754,"{""tool"":""ProvenanceInspector"",""evidence_type"":""none"",""verdict"":""inconclusive"",""score"":null,""strength"":""none"",""observation"":""C2PA status is unknown; EXIF/XMP/IPTC metadata was extracted without inferring origin."",""limitations"":""C2PA parser was unavailable. Metadata can be absent, stripped, or forged; claims not verified by the parser do not establish origin.""}"
/root/autodl-tmp/probe-dinov2-bfree-20261001/data/probe_eval_data/fake_sd35/r1f4f8a51t.png,r1f4f8a51t:sd3_5,r1f4f8a51t,1,sd3_5,,,,TOOL_UNAVAILABLE,,,,0,,,,,0,0,PNG,1024,1024,0,0,none,none,0,C2PA was not evaluated because the official parser could not start; metadata absence or non-origin-bearing tags are inconclusive about origin.,,0,0.098392,"{""tool"":""ProvenanceInspector"",""evidence_type"":""none"",""verdict"":""inconclusive"",""score"":null,""strength"":""none"",""observation"":""C2PA status is unknown; EXIF/XMP/IPTC metadata was extracted without inferring origin."",""limitations"":""C2PA parser was unavailable. Metadata can be absent, stripped, or forged; claims not verified by the parser do not establish origin.""}"
/root/autodl-tmp/probe-dinov2-bfree-20261001/data/probe_eval_data/real/r0ba4c4c0t.png,r0ba4c4c0t:raise,r0ba4c4c0t,0,raise,,,,TOOL_UNAVAILABLE,,,,0,,,,,0,0,PNG,833,1258,0,0,none,none,0,C2PA was not evaluated because the official parser could not start; metadata absence or non-origin-bearing tags are inconclusive about origin.,,0,0.149803,"{""tool"":""ProvenanceInspector"",""evidence_type"":""none"",""verdict"":""inconclusive"",""score"":null,""strength"":""none"",""observation"":""C2PA status is unknown; EXIF/XMP/IPTC metadata was extracted without inferring origin."",""limitations"":""C2PA parser was unavailable. Metadata can be absent, stripped, or forged; claims not verified by the parser do not establish origin.""}"
/root/autodl-tmp/probe-dinov2-bfree-20261001/data/probe_eval_data/fake_flux/r0ba4c4c0t.png,r0ba4c4c0t:flux,r0ba4c4c0t,1,flux,,,,TOOL_UNAVAILABLE,,,,0,,,,,0,0,PNG,1024,1024,0,0,none,none,0,C2PA was not evaluated because the official parser could not start; metadata absence or non-origin-bearing tags are inconclusive about origin.,,0,0.124615,"{""tool"":""ProvenanceInspector"",""evidence_type"":""none"",""verdict"":""inconclusive"",""score"":null,""strength"":""none"",""observation"":""C2PA status is unknown; EXIF/XMP/IPTC metadata was extracted without inferring origin."",""limitations"":""C2PA parser was unavailable. Metadata can be absent, stripped, or forged; claims not verified by the parser do not establish origin.""}"
/root/autodl-tmp/probe-dinov2-bfree-20261001/data/probe_eval_data/fake_sd35/r0ba4c4c0t.png,r0ba4c4c0t:sd3_5,r0ba4c4c0t,1,sd3_5,,,,TOOL_UNAVAILABLE,,,,0,,,,,0,0,PNG,1024,1024,0,0,none,none,0,C2PA was not evaluated because the official parser could not start; metadata absence or non-origin-bearing tags are inconclusive about origin.,,0,0.096912,"{""tool"":""ProvenanceInspector"",""evidence_type"":""none"",""verdict"":""inconclusive"",""score"":null,""strength"":""none"",""observation"":""C2PA status is unknown; EXIF/XMP/IPTC metadata was extracted without inferring origin."",""limitations"":""C2PA parser was unavailable. Metadata can be absent, stripped, or forged; claims not verified by the parser do not establish origin.""}"
/root/autodl-tmp/probe-dinov2-bfree-20261001/data/probe_eval_data/real/r0141f0c9t.png,r0141f0c9t:raise,r0141f0c9t,0,raise,,,,TOOL_UNAVAILABLE,,,,0,,,,,0,0,PNG,1258,833,0,0,none,none,0,C2PA was not evaluated because the official parser could not start; metadata absence or non-origin-bearing tags are inconclusive about origin.,,0,0.152305,"{""tool"":""ProvenanceInspector"",""evidence_type"":""none"",""verdict"":""inconclusive"",""score"":null,""strength"":""none"",""observation"":""C2PA status is unknown; EXIF/XMP/IPTC metadata was extracted without inferring origin."",""limitations"":""C2PA parser was unavailable. Metadata can be absent, stripped, or forged; claims not verified by the parser do not establish origin.""}"
/root/autodl-tmp/probe-dinov2-bfree-20261001/data/probe_eval_data/fake_flux/r0141f0c9t.png,r0141f0c9t:flux,r0141f0c9t,1,flux,,,,TOOL_UNAVAILABLE,,,,0,,,,,0,0,PNG,1024,1024,0,0,none,none,0,C2PA was not evaluated because the official parser could not start; metadata absence or non-origin-bearing tags are inconclusive about origin.,,0,0.123032,"{""tool"":""ProvenanceInspector"",""evidence_type"":""none"",""verdict"":""inconclusive"",""score"":null,""strength"":""none"",""observation"":""C2PA status is unknown; EXIF/XMP/IPTC metadata was extracted without inferring origin."",""limitations"":""C2PA parser was unavailable. Metadata can be absent, stripped, or forged; claims not verified by the parser do not establish origin.""}"
/root/autodl-tmp/probe-dinov2-bfree-20261001/data/probe_eval_data/fake_sd35/r0141f0c9t.png,r0141f0c9t:sd3_5,r0141f0c9t,1,sd3_5,,,,TOOL_UNAVAILABLE,,,,0,,,,,0,0,PNG,1024,1024,0,0,none,none,0,C2PA was not evaluated because the official parser could not start; metadata absence or non-origin-bearing tags are inconclusive about origin.,,0,0.122623,"{""tool"":""ProvenanceInspector"",""evidence_type"":""none"",""verdict"":""inconclusive"",""score"":null,""strength"":""none"",""observation"":""C2PA status is unknown; EXIF/XMP/IPTC metadata was extracted without inferring origin."",""limitations"":""C2PA parser was unavailable. Metadata can be absent, stripped, or forged; claims not verified by the parser do not establish origin.""}"
/root/autodl-tmp/probe-dinov2-bfree-20261001/data/probe_eval_data/real/r0225b88bt.png,r0225b88bt:raise,r0225b88bt,0,raise,,,,TOOL_UNAVAILABLE,,,,0,,,,,0,0,PNG,833,1258,0,0,none,none,0,C2PA was not evaluated because the official parser could not start; metadata absence or non-origin-bearing tags are inconclusive about origin.,,0,0.149754,"{""tool"":""ProvenanceInspector"",""evidence_type"":""none"",""verdict"":""inconclusive"",""score"":null,""strength"":""none"",""observation"":""C2PA status is unknown; EXIF/XMP/IPTC metadata was extracted without inferring origin."",""limitations"":""C2PA parser was unavailable. Metadata can be absent, stripped, or forged; claims not verified by the parser do not establish origin.""}"
/root/autodl-tmp/probe-dinov2-bfree-20261001/data/probe_eval_data/fake_flux/r0225b88bt.png,r0225b88bt:flux,r0225b88bt,1,flux,,,,TOOL_UNAVAILABLE,,,,0,,,,,0,0,PNG,1024,1024,0,0,none,none,0,C2PA was not evaluated because the official parser could not start; metadata absence or non-origin-bearing tags are inconclusive about origin.,,0,0.123286,"{""tool"":""ProvenanceInspector"",""evidence_type"":""none"",""verdict"":""inconclusive"",""score"":null,""strength"":""none"",""observation"":""C2PA status is unknown; EXIF/XMP/IPTC metadata was extracted without inferring origin."",""limitations"":""C2PA parser was unavailable. Metadata can be absent, stripped, or forged; claims not verified by the parser do not establish origin.""}"
/root/autodl-tmp/probe-dinov2-bfree-20261001/data/probe_eval_data/fake_sd35/r0225b88bt.png,r0225b88bt:sd3_5,r0225b88bt,1,sd3_5,,,,TOOL_UNAVAILABLE,,,,0,,,,,0,0,PNG,1024,1024,0,0,none,none,0,C2PA was not evaluated because the official parser could not start; metadata absence or non-origin-bearing tags are inconclusive about origin.,,0,0.122133,"{""tool"":""ProvenanceInspector"",""evidence_type"":""none"",""verdict"":""inconclusive"",""score"":null,""strength"":""none"",""observation"":""C2PA status is unknown; EXIF/XMP/IPTC metadata was extracted without inferring origin."",""limitations"":""C2PA parser was unavailable. Metadata can be absent, stripped, or forged; claims not verified by the parser do not establish origin.""}"
/root/autodl-tmp/probe-dinov2-bfree-20261001/data/probe_eval_data/real/r02354285t.png,r02354285t:raise,r02354285t,0,raise,,,,TOOL_UNAVAILABLE,,,,0,,,,,0,0,PNG,1258,833,0,0,none,none,0,C2PA was not evaluated because the official parser could not start; metadata absence or non-origin-bearing tags are inconclusive about origin.,,0,0.126255,"{""tool"":""ProvenanceInspector"",""evidence_type"":""none"",""verdict"":""inconclusive"",""score"":null,""strength"":""none"",""observation"":""C2PA status is unknown; EXIF/XMP/IPTC metadata was extracted without inferring origin."",""limitations"":""C2PA parser was unavailable. Metadata can be absent, stripped, or forged; claims not verified by the parser do not establish origin.""}"
/root/autodl-tmp/probe-dinov2-bfree-20261001/data/probe_eval_data/fake_flux/r02354285t.png,r02354285t:flux,r02354285t,1,flux,,,,TOOL_UNAVAILABLE,,,,0,,,,,0,0,PNG,1024,1024,0,0,none,none,0,C2PA was not evaluated because the official parser could not start; metadata absence or non-origin-bearing tags are inconclusive about origin.,,0,0.122033,"{""tool"":""ProvenanceInspector"",""evidence_type"":""none"",""verdict"":""inconclusive"",""score"":null,""strength"":""none"",""observation"":""C2PA status is unknown; EXIF/XMP/IPTC metadata was extracted without inferring origin."",""limitations"":""C2PA parser was unavailable. Metadata can be absent, stripped, or forged; claims not verified by the parser do not establish origin.""}"
/root/autodl-tmp/probe-dinov2-bfree-20261001/data/probe_eval_data/fake_sd35/r02354285t.png,r02354285t:sd3_5,r02354285t,1,sd3_5,,,,TOOL_UNAVAILABLE,,,,0,,,,,0,0,PNG,1024,1024,0,0,none,none,0,C2PA was not evaluated because the official parser could not start; metadata absence or non-origin-bearing tags are inconclusive about origin.,,0,0.122786,"{""tool"":""ProvenanceInspector"",""evidence_type"":""none"",""verdict"":""inconclusive"",""score"":null,""strength"":""none"",""observation"":""C2PA status is unknown; EXIF/XMP/IPTC metadata was extracted without inferring origin."",""limitations"":""C2PA parser was unavailable. Metadata can be absent, stripped, or forged; claims not verified by the parser do not establish origin.""}"
/root/autodl-tmp/probe-dinov2-bfree-20261001/data/probe_eval_data/real/r06bfc92at.png,r06bfc92at:raise,r06bfc92at,0,raise,,,,TOOL_UNAVAILABLE,,,,0,,,,,0,0,PNG,1258,833,0,0,none,none,0,C2PA was not evaluated because the official parser could not start; metadata absence or non-origin-bearing tags are inconclusive about origin.,,0,0.126041,"{""tool"":""ProvenanceInspector"",""evidence_type"":""none"",""verdict"":""inconclusive"",""score"":null,""strength"":""none"",""observation"":""C2PA status is unknown; EXIF/XMP/IPTC metadata was extracted without inferring origin."",""limitations"":""C2PA parser was unavailable. Metadata can be absent, stripped, or forged; claims not verified by the parser do not establish origin.""}"
/root/autodl-tmp/probe-dinov2-bfree-20261001/data/probe_eval_data/fake_flux/r06bfc92at.png,r06bfc92at:flux,r06bfc92at,1,flux,,,,TOOL_UNAVAILABLE,,,,0,,,,,0,0,PNG,1024,1024,0,0,none,none,0,C2PA was not evaluated because the official parser could not start; metadata absence or non-origin-bearing tags are inconclusive about origin.,,0,0.1216,"{""tool"":""ProvenanceInspector"",""evidence_type"":""none"",""verdict"":""inconclusive"",""score"":null,""strength"":""none"",""observation"":""C2PA status is unknown; EXIF/XMP/IPTC metadata was extracted without inferring origin."",""limitations"":""C2PA parser was unavailable. Metadata can be absent, stripped, or forged; claims not verified by the parser do not establish origin.""}"
/root/autodl-tmp/probe-dinov2-bfree-20261001/data/probe_eval_data/fake_sd35/r06bfc92at.png,r06bfc92at:sd3_5,r06bfc92at,1,sd3_5,,,,TOOL_UNAVAILABLE,,,,0,,,,,0,0,PNG,1024,1024,0,0,none,none,0,C2PA was not evaluated because the official parser could not start; metadata absence or non-origin-bearing tags are inconclusive about origin.,,0,0.123621,"{""tool"":""ProvenanceInspector"",""evidence_type"":""none"",""verdict"":""inconclusive"",""score"":null,""strength"":""none"",""observation"":""C2PA status is unknown; EXIF/XMP/IPTC metadata was extracted without inferring origin."",""limitations"":""C2PA parser was unavailable. Metadata can be absent, stripped, or forged; claims not verified by the parser do not establish origin.""}"
/root/autodl-tmp/probe-dinov2-bfree-20261001/data/probe_eval_data/real/r07598392t.png,r07598392t:raise,r07598392t,0,raise,,,,TOOL_UNAVAILABLE,,,,0,,,,,0,0,PNG,833,1258,0,0,none,none,0,C2PA was not evaluated because the official parser could not start; metadata absence or non-origin-bearing tags are inconclusive about origin.,,0,0.152791,"{""tool"":""ProvenanceInspector"",""evidence_type"":""none"",""verdict"":""inconclusive"",""score"":null,""strength"":""none"",""observation"":""C2PA status is unknown; EXIF/XMP/IPTC metadata was extracted without inferring origin."",""limitations"":""C2PA parser was unavailable. Metadata can be absent, stripped, or forged; claims not verified by the parser do not establish origin.""}"
/root/autodl-tmp/probe-dinov2-bfree-20261001/data/probe_eval_data/fake_flux/r07598392t.png,r07598392t:flux,r07598392t,1,flux,,,,TOOL_UNAVAILABLE,,,,0,,,,,0,0,PNG,1024,1024,0,0,none,none,0,C2PA was not evaluated because the official parser could not start; metadata absence or non-origin-bearing tags are inconclusive about origin.,,0,0.125655,"{""tool"":""ProvenanceInspector"",""evidence_type"":""none"",""verdict"":""inconclusive"",""score"":null,""strength"":""none"",""observation"":""C2PA status is unknown; EXIF/XMP/IPTC metadata was extracted without inferring origin."",""limitations"":""C2PA parser was unavailable. Metadata can be absent, stripped, or forged; claims not verified by the parser do not establish origin.""}"
/root/autodl-tmp/probe-dinov2-bfree-20261001/data/probe_eval_data/fake_sd35/r07598392t.png,r07598392t:sd3_5,r07598392t,1,sd3_5,,,,TOOL_UNAVAILABLE,,,,0,,,,,0,0,PNG,1024,1024,0,0,none,none,0,C2PA was not evaluated because the official parser could not start; metadata absence or non-origin-bearing tags are inconclusive about origin.,,0,0.124135,"{""tool"":""ProvenanceInspector"",""evidence_type"":""none"",""verdict"":""inconclusive"",""score"":null,""strength"":""none"",""observation"":""C2PA status is unknown; EXIF/XMP/IPTC metadata was extracted without inferring origin."",""limitations"":""C2PA parser was unavailable. Metadata can be absent, stripped, or forged; claims not verified by the parser do not establish origin.""}"
/root/autodl-tmp/probe-dinov2-bfree-20261001/data/probe_eval_data/real/r042d7b17t.png,r042d7b17t:raise,r042d7b17t,0,raise,,,,TOOL_UNAVAILABLE,,,,0,,,,,0,0,PNG,1258,833,0,0,none,none,0,C2PA was not evaluated because the official parser could not start; metadata absence or non-origin-bearing tags are inconclusive about origin.,,0,0.154436,"{""tool"":""ProvenanceInspector"",""evidence_type"":""none"",""verdict"":""inconclusive"",""score"":null,""strength"":""none"",""observation"":""C2PA status is unknown; EXIF/XMP/IPTC metadata was extracted without inferring origin."",""limitations"":""C2PA parser was unavailable. Metadata can be absent, stripped, or forged; claims not verified by the parser do not establish origin.""}"
/root/autodl-tmp/probe-dinov2-bfree-20261001/data/probe_eval_data/fake_flux/r042d7b17t.png,r042d7b17t:flux,r042d7b17t,1,flux,,,,TOOL_UNAVAILABLE,,,,0,,,,,0,0,PNG,1024,1024,0,0,none,none,0,C2PA was not evaluated because the official parser could not start; metadata absence or non-origin-bearing tags are inconclusive about origin.,,0,0.128819,"{""tool"":""ProvenanceInspector"",""evidence_type"":""none"",""verdict"":""inconclusive"",""score"":null,""strength"":""none"",""observation"":""C2PA status is unknown; EXIF/XMP/IPTC metadata was extracted without inferring origin."",""limitations"":""C2PA parser was unavailable. Metadata can be absent, stripped, or forged; claims not verified by the parser do not establish origin.""}"
/root/autodl-tmp/probe-dinov2-bfree-20261001/data/probe_eval_data/fake_sd35/r042d7b17t.png,r042d7b17t:sd3_5,r042d7b17t,1,sd3_5,,,,TOOL_UNAVAILABLE,,,,0,,,,,0,0,PNG,1024,1024,0,0,none,none,0,C2PA was not evaluated because the official parser could not start; metadata absence or non-origin-bearing tags are inconclusive about origin.,,0,0.121738,"{""tool"":""ProvenanceInspector"",""evidence_type"":""none"",""verdict"":""inconclusive"",""score"":null,""strength"":""none"",""observation"":""C2PA status is unknown; EXIF/XMP/IPTC metadata was extracted without inferring origin."",""limitations"":""C2PA parser was unavailable. Metadata can be absent, stripped, or forged; claims not verified by the parser do not establish origin.""}"
/root/autodl-tmp/probe-dinov2-bfree-20261001/data/probe_eval_data/real/r13b45303t.png,r13b45303t:raise,r13b45303t,0,raise,,,,TOOL_UNAVAILABLE,,,,0,,,,,0,0,PNG,1256,835,0,0,none,none,0,C2PA was not evaluated because the official parser could not start; metadata absence or non-origin-bearing tags are inconclusive about origin.,,0,0.12965,"{""tool"":""ProvenanceInspector"",""evidence_type"":""none"",""verdict"":""inconclusive"",""score"":null,""strength"":""none"",""observation"":""C2PA status is unknown; EXIF/XMP/IPTC metadata was extracted without inferring origin."",""limitations"":""C2PA parser was unavailable. Metadata can be absent, stripped, or forged; claims not verified by the parser do not establish origin.""}"
/root/autodl-tmp/probe-dinov2-bfree-20261001/data/probe_eval_data/fake_flux/r13b45303t.png,r13b45303t:flux,r13b45303t,1,flux,,,,TOOL_UNAVAILABLE,,,,0,,,,,0,0,PNG,1024,1024,0,0,none,none,0,C2PA was not evaluated because the official parser could not start; metadata absence or non-origin-bearing tags are inconclusive about origin.,,0,0.127989,"{""tool"":""ProvenanceInspector"",""evidence_type"":""none"",""verdict"":""inconclusive"",""score"":null,""strength"":""none"",""observation"":""C2PA status is unknown; EXIF/XMP/IPTC metadata was extracted without inferring origin."",""limitations"":""C2PA parser was unavailable. Metadata can be absent, stripped, or forged; claims not verified by the parser do not establish origin.""}"
/root/autodl-tmp/probe-dinov2-bfree-20261001/data/probe_eval_data/fake_sd35/r13b45303t.png,r13b45303t:sd3_5,r13b45303t,1,sd3_5,,,,TOOL_UNAVAILABLE,,,,0,,,,,0,0,PNG,1024,1024,0,0,none,none,0,C2PA was not evaluated because the official parser could not start; metadata absence or non-origin-bearing tags are inconclusive about origin.,,0,0.124727,"{""tool"":""ProvenanceInspector"",""evidence_type"":""none"",""verdict"":""inconclusive"",""score"":null,""strength"":""none"",""observation"":""C2PA status is unknown; EXIF/XMP/IPTC metadata was extracted without inferring origin."",""limitations"":""C2PA parser was unavailable. Metadata can be absent, stripped, or forged; claims not verified by the parser do not establish origin.""}"
/root/autodl-tmp/probe-dinov2-bfree-20261001/data/probe_eval_data/real/r12d4cabat.png,r12d4cabat:raise,r12d4cabat,0,raise,,,,TOOL_UNAVAILABLE,,,,0,,,,,0,0,PNG,835,1256,0,0,none,none,0,C2PA was not evaluated because the official parser could not start; metadata absence or non-origin-bearing tags are inconclusive about origin.,,0,0.153396,"{""tool"":""ProvenanceInspector"",""evidence_type"":""none"",""verdict"":""inconclusive"",""score"":null,""strength"":""none"",""observation"":""C2PA status is unknown; EXIF/XMP/IPTC metadata was extracted without inferring origin."",""limitations"":""C2PA parser was unavailable. Metadata can be absent, stripped, or forged; claims not verified by the parser do not establish origin.""}"
/root/autodl-tmp/probe-dinov2-bfree-20261001/data/probe_eval_data/fake_flux/r12d4cabat.png,r12d4cabat:flux,r12d4cabat,1,flux,,,,TOOL_UNAVAILABLE,,,,0,,,,,0,0,PNG,1024,1024,0,0,none,none,0,C2PA was not evaluated because the official parser could not start; metadata absence or non-origin-bearing tags are inconclusive about origin.,,0,0.121978,"{""tool"":""ProvenanceInspector"",""evidence_type"":""none"",""verdict"":""inconclusive"",""score"":null,""strength"":""none"",""observation"":""C2PA status is unknown; EXIF/XMP/IPTC metadata was extracted without inferring origin."",""limitations"":""C2PA parser was unavailable. Metadata can be absent, stripped, or forged; claims not verified by the parser do not establish origin.""}"
/root/autodl-tmp/probe-dinov2-bfree-20261001/data/probe_eval_data/fake_sd35/r12d4cabat.png,r12d4cabat:sd3_5,r12d4cabat,1,sd3_5,,,,TOOL_UNAVAILABLE,,,,0,,,,,0,0,PNG,1024,1024,0,0,none,none,0,C2PA was not evaluated because the official parser could not start; metadata absence or non-origin-bearing tags are inconclusive about origin.,,0,0.099854,"{""tool"":""ProvenanceInspector"",""evidence_type"":""none"",""verdict"":""inconclusive"",""score"":null,""strength"":""none"",""observation"":""C2PA status is unknown; EXIF/XMP/IPTC metadata was extracted without inferring origin."",""limitations"":""C2PA parser was unavailable. Metadata can be absent, stripped, or forged; claims not verified by the parser do not establish origin.""}"
/root/autodl-tmp/probe-dinov2-bfree-20261001/data/probe_eval_data/real/r1d527f65t.png,r1d527f65t:raise,r1d527f65t,0,raise,,,,TOOL_UNAVAILABLE,,,,0,,,,,0,0,PNG,1256,835,0,0,none,none,0,C2PA was not evaluated because the official parser could not start; metadata absence or non-origin-bearing tags are inconclusive about origin.,,0,0.152064,"{""tool"":""ProvenanceInspector"",""evidence_type"":""none"",""verdict"":""inconclusive"",""score"":null,""strength"":""none"",""observation"":""C2PA status is unknown; EXIF/XMP/IPTC metadata was extracted without inferring origin."",""limitations"":""C2PA parser was unavailable. Metadata can be absent, stripped, or forged; claims not verified by the parser do not establish origin.""}"
/root/autodl-tmp/probe-dinov2-bfree-20261001/data/probe_eval_data/fake_flux/r1d527f65t.png,r1d527f65t:flux,r1d527f65t,1,flux,,,,TOOL_UNAVAILABLE,,,,0,,,,,0,0,PNG,1024,1024,0,0,none,none,0,C2PA was not evaluated because the official parser could not start; metadata absence or non-origin-bearing tags are inconclusive about origin.,,0,0.12186,"{""tool"":""ProvenanceInspector"",""evidence_type"":""none"",""verdict"":""inconclusive"",""score"":null,""strength"":""none"",""observation"":""C2PA status is unknown; EXIF/XMP/IPTC metadata was extracted without inferring origin."",""limitations"":""C2PA parser was unavailable. Metadata can be absent, stripped, or forged; claims not verified by the parser do not establish origin.""}"
/root/autodl-tmp/probe-dinov2-bfree-20261001/data/probe_eval_data/fake_sd35/r1d527f65t.png,r1d527f65t:sd3_5,r1d527f65t,1,sd3_5,,,,TOOL_UNAVAILABLE,,,,0,,,,,0,0,PNG,1024,1024,0,0,none,none,0,C2PA was not evaluated because the official parser could not start; metadata absence or non-origin-bearing tags are inconclusive about origin.,,0,0.124778,"{""tool"":""ProvenanceInspector"",""evidence_type"":""none"",""verdict"":""inconclusive"",""score"":null,""strength"":""none"",""observation"":""C2PA status is unknown; EXIF/XMP/IPTC metadata was extracted without inferring origin."",""limitations"":""C2PA parser was unavailable. Metadata can be absent, stripped, or forged; claims not verified by the parser do not establish origin.""}"
/root/autodl-tmp/probe-dinov2-bfree-20261001/data/probe_eval_data/real/r042d5308t.png,r042d5308t:raise,r042d5308t,0,raise,,,,TOOL_UNAVAILABLE,,,,0,,,,,0,0,PNG,1258,833,0,0,none,none,0,C2PA was not evaluated because the official parser could not start; metadata absence or non-origin-bearing tags are inconclusive about origin.,,0,0.156479,"{""tool"":""ProvenanceInspector"",""evidence_type"":""none"",""verdict"":""inconclusive"",""score"":null,""strength"":""none"",""observation"":""C2PA status is unknown; EXIF/XMP/IPTC metadata was extracted without inferring origin."",""limitations"":""C2PA parser was unavailable. Metadata can be absent, stripped, or forged; claims not verified by the parser do not establish origin.""}"
/root/autodl-tmp/probe-dinov2-bfree-20261001/data/probe_eval_data/fake_flux/r042d5308t.png,r042d5308t:flux,r042d5308t,1,flux,,,,TOOL_UNAVAILABLE,,,,0,,,,,0,0,PNG,1024,1024,0,0,none,none,0,C2PA was not evaluated because the official parser could not start; metadata absence or non-origin-bearing tags are inconclusive about origin.,,0,0.121547,"{""tool"":""ProvenanceInspector"",""evidence_type"":""none"",""verdict"":""inconclusive"",""score"":null,""strength"":""none"",""observation"":""C2PA status is unknown; EXIF/XMP/IPTC metadata was extracted without inferring origin."",""limitations"":""C2PA parser was unavailable. Metadata can be absent, stripped, or forged; claims not verified by the parser do not establish origin.""}"
/root/autodl-tmp/probe-dinov2-bfree-20261001/data/probe_eval_data/fake_sd35/r042d5308t.png,r042d5308t:sd3_5,r042d5308t,1,sd3_5,,,,TOOL_UNAVAILABLE,,,,0,,,,,0,0,PNG,1024,1024,0,0,none,none,0,C2PA was not evaluated because the official parser could not start; metadata absence or non-origin-bearing tags are inconclusive about origin.,,0,0.128618,"{""tool"":""ProvenanceInspector"",""evidence_type"":""none"",""verdict"":""inconclusive"",""score"":null,""strength"":""none"",""observation"":""C2PA status is unknown; EXIF/XMP/IPTC metadata was extracted without inferring origin."",""limitations"":""C2PA parser was unavailable. Metadata can be absent, stripped, or forged; claims not verified by the parser do not establish origin.""}"
/root/autodl-tmp/probe-dinov2-bfree-20261001/data/probe_eval_data/real/r116ce066t.png,r116ce066t:raise,r116ce066t,0,raise,,,,TOOL_UNAVAILABLE,,,,0,,,,,0,0,PNG,1258,833,0,0,none,none,0,C2PA was not evaluated because the official parser could not start; metadata absence or non-origin-bearing tags are inconclusive about origin.,,0,0.157575,"{""tool"":""ProvenanceInspector"",""evidence_type"":""none"",""verdict"":""inconclusive"",""score"":null,""strength"":""none"",""observation"":""C2PA status is unknown; EXIF/XMP/IPTC metadata was extracted without inferring origin."",""limitations"":""C2PA parser was unavailable. Metadata can be absent, stripped, or forged; claims not verified by the parser do not establish origin.""}"
/root/autodl-tmp/probe-dinov2-bfree-20261001/data/probe_eval_data/fake_flux/r116ce066t.png,r116ce066t:flux,r116ce066t,1,flux,,,,TOOL_UNAVAILABLE,,,,0,,,,,0,0,PNG,1024,1024,0,0,none,none,0,C2PA was not evaluated because the official parser could not start; metadata absence or non-origin-bearing tags are inconclusive about origin.,,0,0.119782,"{""tool"":""ProvenanceInspector"",""evidence_type"":""none"",""verdict"":""inconclusive"",""score"":null,""strength"":""none"",""observation"":""C2PA status is unknown; EXIF/XMP/IPTC metadata was extracted without inferring origin."",""limitations"":""C2PA parser was unavailable. Metadata can be absent, stripped, or forged; claims not verified by the parser do not establish origin.""}"
/root/autodl-tmp/probe-dinov2-bfree-20261001/data/probe_eval_data/fake_sd35/r116ce066t.png,r116ce066t:sd3_5,r116ce066t,1,sd3_5,,,,TOOL_UNAVAILABLE,,,,0,,,,,0,0,PNG,1024,1024,0,0,none,none,0,C2PA was not evaluated because the official parser could not start; metadata absence or non-origin-bearing tags are inconclusive about origin.,,0,0.125217,"{""tool"":""ProvenanceInspector"",""evidence_type"":""none"",""verdict"":""inconclusive"",""score"":null,""strength"":""none"",""observation"":""C2PA status is unknown; EXIF/XMP/IPTC metadata was extracted without inferring origin."",""limitations"":""C2PA parser was unavailable. Metadata can be absent, stripped, or forged; claims not verified by the parser do not establish origin.""}"
/root/autodl-tmp/probe-dinov2-bfree-20261001/data/probe_eval_data/real/r150058a4t.png,r150058a4t:raise,r150058a4t,0,raise,,,,TOOL_UNAVAILABLE,,,,0,,,,,0,0,PNG,833,1258,0,0,none,none,0,C2PA was not evaluated because the official parser could not start; metadata absence or non-origin-bearing tags are inconclusive about origin.,,0,0.153351,"{""tool"":""ProvenanceInspector"",""evidence_type"":""none"",""verdict"":""inconclusive"",""score"":null,""strength"":""none"",""observation"":""C2PA status is unknown; EXIF/XMP/IPTC metadata was extracted without inferring origin."",""limitations"":""C2PA parser was unavailable. Metadata can be absent, stripped, or forged; claims not verified by the parser do not establish origin.""}"
/root/autodl-tmp/probe-dinov2-bfree-20261001/data/probe_eval_data/fake_flux/r150058a4t.png,r150058a4t:flux,r150058a4t,1,flux,,,,TOOL_UNAVAILABLE,,,,0,,,,,0,0,PNG,1024,1024,0,0,none,none,0,C2PA was not evaluated because the official parser could not start; metadata absence or non-origin-bearing tags are inconclusive about origin.,,0,0.122864,"{""tool"":""ProvenanceInspector"",""evidence_type"":""none"",""verdict"":""inconclusive"",""score"":null,""strength"":""none"",""observation"":""C2PA status is unknown; EXIF/XMP/IPTC metadata was extracted without inferring origin."",""limitations"":""C2PA parser was unavailable. Metadata can be absent, stripped, or forged; claims not verified by the parser do not establish origin.""}"
/root/autodl-tmp/probe-dinov2-bfree-20261001/data/probe_eval_data/fake_sd35/r150058a4t.png,r150058a4t:sd3_5,r150058a4t,1,sd3_5,,,,TOOL_UNAVAILABLE,,,,0,,,,,0,0,PNG,1024,1024,0,0,none,none,0,C2PA was not evaluated because the official parser could not start; metadata absence or non-origin-bearing tags are inconclusive about origin.,,0,0.10136,"{""tool"":""ProvenanceInspector"",""evidence_type"":""none"",""verdict"":""inconclusive"",""score"":null,""strength"":""none"",""observation"":""C2PA status is unknown; EXIF/XMP/IPTC metadata was extracted without inferring origin."",""limitations"":""C2PA parser was unavailable. Metadata can be absent, stripped, or forged; claims not verified by the parser do not establish origin.""}"
/root/autodl-tmp/probe-dinov2-bfree-20261001/data/probe_eval_data/real/r0ed019a4t.png,r0ed019a4t:raise,r0ed019a4t,0,raise,,,,TOOL_UNAVAILABLE,,,,0,,,,,0,0,PNG,1258,833,0,0,none,none,0,C2PA was not evaluated because the official parser could not start; metadata absence or non-origin-bearing tags are inconclusive about origin.,,0,0.152287,"{""tool"":""ProvenanceInspector"",""evidence_type"":""none"",""verdict"":""inconclusive"",""score"":null,""strength"":""none"",""observation"":""C2PA status is unknown; EXIF/XMP/IPTC metadata was extracted without inferring origin."",""limitations"":""C2PA parser was unavailable. Metadata can be absent, stripped, or forged; claims not verified by the parser do not establish origin.""}"
/root/autodl-tmp/probe-dinov2-bfree-20261001/data/probe_eval_data/fake_flux/r0ed019a4t.png,r0ed019a4t:flux,r0ed019a4t,1,flux,,,,TOOL_UNAVAILABLE,,,,0,,,,,0,0,PNG,1024,1024,0,0,none,none,0,C2PA was not evaluated because the official parser could not start; metadata absence or non-origin-bearing tags are inconclusive about origin.,,0,0.124811,"{""tool"":""ProvenanceInspector"",""evidence_type"":""none"",""verdict"":""inconclusive"",""score"":null,""strength"":""none"",""observation"":""C2PA status is unknown; EXIF/XMP/IPTC metadata was extracted without inferring origin."",""limitations"":""C2PA parser was unavailable. Metadata can be absent, stripped, or forged; claims not verified by the parser do not establish origin.""}"
/root/autodl-tmp/probe-dinov2-bfree-20261001/data/probe_eval_data/fake_sd35/r0ed019a4t.png,r0ed019a4t:sd3_5,r0ed019a4t,1,sd3_5,,,,TOOL_UNAVAILABLE,,,,0,,,,,0,0,PNG,1024,1024,0,0,none,none,0,C2PA was not evaluated because the official parser could not start; metadata absence or non-origin-bearing tags are inconclusive about origin.,,0,0.0985,"{""tool"":""ProvenanceInspector"",""evidence_type"":""none"",""verdict"":""inconclusive"",""score"":null,""strength"":""none"",""observation"":""C2PA status is unknown; EXIF/XMP/IPTC metadata was extracted without inferring origin."",""limitations"":""C2PA parser was unavailable. Metadata can be absent, stripped, or forged; claims not verified by the parser do not establish origin.""}"
/root/autodl-tmp/probe-dinov2-bfree-20261001/data/probe_eval_data/real/r1aa53167t.png,r1aa53167t:raise,r1aa53167t,0,raise,,,,TOOL_UNAVAILABLE,,,,0,,,,,0,0,PNG,1258,833,0,0,none,none,0,C2PA was not evaluated because the official parser could not start; metadata absence or non-origin-bearing tags are inconclusive about origin.,,0,0.152634,"{""tool"":""ProvenanceInspector"",""evidence_type"":""none"",""verdict"":""inconclusive"",""score"":null,""strength"":""none"",""observation"":""C2PA status is unknown; EXIF/XMP/IPTC metadata was extracted without inferring origin."",""limitations"":""C2PA parser was unavailable. Metadata can be absent, stripped, or forged; claims not verified by the parser do not establish origin.""}"
/root/autodl-tmp/probe-dinov2-bfree-20261001/data/probe_eval_data/fake_flux/r1aa53167t.png,r1aa53167t:flux,r1aa53167t,1,flux,,,,TOOL_UNAVAILABLE,,,,0,,,,,0,0,PNG,1024,1024,0,0,none,none,0,C2PA was not evaluated because the official parser could not start; metadata absence or non-origin-bearing tags are inconclusive about origin.,,0,0.124056,"{""tool"":""ProvenanceInspector"",""evidence_type"":""none"",""verdict"":""inconclusive"",""score"":null,""strength"":""none"",""observation"":""C2PA status is unknown; EXIF/XMP/IPTC metadata was extracted without inferring origin."",""limitations"":""C2PA parser was unavailable. Metadata can be absent, stripped, or forged; claims not verified by the parser do not establish origin.""}"
/root/autodl-tmp/probe-dinov2-bfree-20261001/data/probe_eval_data/fake_sd35/r1aa53167t.png,r1aa53167t:sd3_5,r1aa53167t,1,sd3_5,,,,TOOL_UNAVAILABLE,,,,0,,,,,0,0,PNG,1024,1024,0,0,none,none,0,C2PA was not evaluated because the official parser could not start; metadata absence or non-origin-bearing tags are inconclusive about origin.,,0,0.125387,"{""tool"":""ProvenanceInspector"",""evidence_type"":""none"",""verdict"":""inconclusive"",""score"":null,""strength"":""none"",""observation"":""C2PA status is unknown; EXIF/XMP/IPTC metadata was extracted without inferring origin."",""limitations"":""C2PA parser was unavailable. Metadata can be absent, stripped, or forged; claims not verified by the parser do not establish origin.""}"
/root/autodl-tmp/probe-dinov2-bfree-20261001/data/probe_eval_data/real/r0a54ed98t.png,r0a54ed98t:raise,r0a54ed98t,0,raise,,,,TOOL_UNAVAILABLE,,,,0,,,,,0,0,PNG,833,1258,0,0,none,none,0,C2PA was not evaluated because the official parser could not start; metadata absence or non-origin-bearing tags are inconclusive about origin.,,0,0.150399,"{""tool"":""ProvenanceInspector"",""evidence_type"":""none"",""verdict"":""inconclusive"",""score"":null,""strength"":""none"",""observation"":""C2PA status is unknown; EXIF/XMP/IPTC metadata was extracted without inferring origin."",""limitations"":""C2PA parser was unavailable. Metadata can be absent, stripped, or forged; claims not verified by the parser do not establish origin.""}"
/root/autodl-tmp/probe-dinov2-bfree-20261001/data/probe_eval_data/fake_flux/r0a54ed98t.png,r0a54ed98t:flux,r0a54ed98t,1,flux,,,,TOOL_UNAVAILABLE,,,,0,,,,,0,0,PNG,1024,1024,0,0,none,none,0,C2PA was not evaluated because the official parser could not start; metadata absence or non-origin-bearing tags are inconclusive about origin.,,0,0.110043,"{""tool"":""ProvenanceInspector"",""evidence_type"":""none"",""verdict"":""inconclusive"",""score"":null,""strength"":""none"",""observation"":""C2PA status is unknown; EXIF/XMP/IPTC metadata was extracted without inferring origin."",""limitations"":""C2PA parser was unavailable. Metadata can be absent, stripped, or forged; claims not verified by the parser do not establish origin.""}"
/root/autodl-tmp/probe-dinov2-bfree-20261001/data/probe_eval_data/fake_sd35/r0a54ed98t.png,r0a54ed98t:sd3_5,r0a54ed98t,1,sd3_5,,,,TOOL_UNAVAILABLE,,,,0,,,,,0,0,PNG,1024,1024,0,0,none,none,0,C2PA was not evaluated because the official parser could not start; metadata absence or non-origin-bearing tags are inconclusive about origin.,,0,0.123658,"{""tool"":""ProvenanceInspector"",""evidence_type"":""none"",""verdict"":""inconclusive"",""score"":null,""strength"":""none"",""observation"":""C2PA status is unknown; EXIF/XMP/IPTC metadata was extracted without inferring origin."",""limitations"":""C2PA parser was unavailable. Metadata can be absent, stripped, or forged; claims not verified by the parser do not establish origin.""}"
/root/autodl-tmp/probe-dinov2-bfree-20261001/data/probe_eval_data/real/r06b7849at.png,r06b7849at:raise,r06b7849at,0,raise,,,,TOOL_UNAVAILABLE,,,,0,,,,,0,0,PNG,1258,833,0,0,none,none,0,C2PA was not evaluated because the official parser could not start; metadata absence or non-origin-bearing tags are inconclusive about origin.,,0,0.15451,"{""tool"":""ProvenanceInspector"",""evidence_type"":""none"",""verdict"":""inconclusive"",""score"":null,""strength"":""none"",""observation"":""C2PA status is unknown; EXIF/XMP/IPTC metadata was extracted without inferring origin."",""limitations"":""C2PA parser was unavailable. Metadata can be absent, stripped, or forged; claims not verified by the parser do not establish origin.""}"
/root/autodl-tmp/probe-dinov2-bfree-20261001/data/probe_eval_data/fake_flux/r06b7849at.png,r06b7849at:flux,r06b7849at,1,flux,,,,TOOL_UNAVAILABLE,,,,0,,,,,0,0,PNG,1024,1024,0,0,none,none,0,C2PA was not evaluated because the official parser could not start; metadata absence or non-origin-bearing tags are inconclusive about origin.,,0,0.159385,"{""tool"":""ProvenanceInspector"",""evidence_type"":""none"",""verdict"":""inconclusive"",""score"":null,""strength"":""none"",""observation"":""C2PA status is unknown; EXIF/XMP/IPTC metadata was extracted without inferring origin."",""limitations"":""C2PA parser was unavailable. Metadata can be absent, stripped, or forged; claims not verified by the parser do not establish origin.""}"
/root/autodl-tmp/probe-dinov2-bfree-20261001/data/probe_eval_data/fake_sd35/r06b7849at.png,r06b7849at:sd3_5,r06b7849at,1,sd3_5,,,,TOOL_UNAVAILABLE,,,,0,,,,,0,0,PNG,1024,1024,0,0,none,none,0,C2PA was not evaluated because the official parser could not start; metadata absence or non-origin-bearing tags are inconclusive about origin.,,0,0.140239,"{""tool"":""ProvenanceInspector"",""evidence_type"":""none"",""verdict"":""inconclusive"",""score"":null,""strength"":""none"",""observation"":""C2PA status is unknown; EXIF/XMP/IPTC metadata was extracted without inferring origin."",""limitations"":""C2PA parser was unavailable. Metadata can be absent, stripped, or forged; claims not verified by the parser do not establish origin.""}"
/root/autodl-tmp/probe-dinov2-bfree-20261001/data/probe_eval_data/real/r066ef803t.png,r066ef803t:raise,r066ef803t,0,raise,,,,TOOL_UNAVAILABLE,,,,0,,,,,0,0,PNG,1258,833,0,0,none,none,0,C2PA was not evaluated because the official parser could not start; metadata absence or non-origin-bearing tags are inconclusive about origin.,,0,0.181148,"{""tool"":""ProvenanceInspector"",""evidence_type"":""none"",""verdict"":""inconclusive"",""score"":null,""strength"":""none"",""observation"":""C2PA status is unknown; EXIF/XMP/IPTC metadata was extracted without inferring origin."",""limitations"":""C2PA parser was unavailable. Metadata can be absent, stripped, or forged; claims not verified by the parser do not establish origin.""}"
/root/autodl-tmp/probe-dinov2-bfree-20261001/data/probe_eval_data/fake_flux/r066ef803t.png,r066ef803t:flux,r066ef803t,1,flux,,,,TOOL_UNAVAILABLE,,,,0,,,,,0,0,PNG,1024,1024,0,0,none,none,0,C2PA was not evaluated because the official parser could not start; metadata absence or non-origin-bearing tags are inconclusive about origin.,,0,0.123844,"{""tool"":""ProvenanceInspector"",""evidence_type"":""none"",""verdict"":""inconclusive"",""score"":null,""strength"":""none"",""observation"":""C2PA status is unknown; EXIF/XMP/IPTC metadata was extracted without inferring origin."",""limitations"":""C2PA parser was unavailable. Metadata can be absent, stripped, or forged; claims not verified by the parser do not establish origin.""}"
/root/autodl-tmp/probe-dinov2-bfree-20261001/data/probe_eval_data/fake_sd35/r066ef803t.png,r066ef803t:sd3_5,r066ef803t,1,sd3_5,,,,TOOL_UNAVAILABLE,,,,0,,,,,0,0,PNG,1024,1024,0,0,none,none,0,C2PA was not evaluated because the official parser could not start; metadata absence or non-origin-bearing tags are inconclusive about origin.,,0,0.112423,"{""tool"":""ProvenanceInspector"",""evidence_type"":""none"",""verdict"":""inconclusive"",""score"":null,""strength"":""none"",""observation"":""C2PA status is unknown; EXIF/XMP/IPTC metadata was extracted without inferring origin."",""limitations"":""C2PA parser was unavailable. Metadata can be absent, stripped, or forged; claims not verified by the parser do not establish origin.""}"
/root/autodl-tmp/probe-dinov2-bfree-20261001/data/probe_eval_data/real/r1717ae55t.png,r1717ae55t:raise,r1717ae55t,0,raise,,,,TOOL_UNAVAILABLE,,,,0,,,,,0,0,PNG,1256,835,0,0,none,none,0,C2PA was not evaluated because the official parser could not start; metadata absence or non-origin-bearing tags are inconclusive about origin.,,0,0.159688,"{""tool"":""ProvenanceInspector"",""evidence_type"":""none"",""verdict"":""inconclusive"",""score"":null,""strength"":""none"",""observation"":""C2PA status is unknown; EXIF/XMP/IPTC metadata was extracted without inferring origin."",""limitations"":""C2PA parser was unavailable. Metadata can be absent, stripped, or forged; claims not verified by the parser do not establish origin.""}"
/root/autodl-tmp/probe-dinov2-bfree-20261001/data/probe_eval_data/fake_flux/r1717ae55t.png,r1717ae55t:flux,r1717ae55t,1,flux,,,,TOOL_UNAVAILABLE,,,,0,,,,,0,0,PNG,1024,1024,0,0,none,none,0,C2PA was not evaluated because the official parser could not start; metadata absence or non-origin-bearing tags are inconclusive about origin.,,0,0.125682,"{""tool"":""ProvenanceInspector"",""evidence_type"":""none"",""verdict"":""inconclusive"",""score"":null,""strength"":""none"",""observation"":""C2PA status is unknown; EXIF/XMP/IPTC metadata was extracted without inferring origin."",""limitations"":""C2PA parser was unavailable. Metadata can be absent, stripped, or forged; claims not verified by the parser do not establish origin.""}"
/root/autodl-tmp/probe-dinov2-bfree-20261001/data/probe_eval_data/fake_sd35/r1717ae55t.png,r1717ae55t:sd3_5,r1717ae55t,1,sd3_5,,,,TOOL_UNAVAILABLE,,,,0,,,,,0,0,PNG,1024,1024,0,0,none,none,0,C2PA was not evaluated because the official parser could not start; metadata absence or non-origin-bearing tags are inconclusive about origin.,,0,0.127206,"{""tool"":""ProvenanceInspector"",""evidence_type"":""none"",""verdict"":""inconclusive"",""score"":null,""strength"":""none"",""observation"":""C2PA status is unknown; EXIF/XMP/IPTC metadata was extracted without inferring origin."",""limitations"":""C2PA parser was unavailable. Metadata can be absent, stripped, or forged; claims not verified by the parser do not establish origin.""}"
/root/autodl-tmp/probe-dinov2-bfree-20261001/data/probe_eval_data/real/r021429abt.png,r021429abt:raise,r021429abt,0,raise,,,,TOOL_UNAVAILABLE,,,,0,,,,,0,0,PNG,1258,833,0,0,none,none,0,C2PA was not evaluated because the official parser could not start; metadata absence or non-origin-bearing tags are inconclusive about origin.,,0,0.13529,"{""tool"":""ProvenanceInspector"",""evidence_type"":""none"",""verdict"":""inconclusive"",""score"":null,""strength"":""none"",""observation"":""C2PA status is unknown; EXIF/XMP/IPTC metadata was extracted without inferring origin."",""limitations"":""C2PA parser was unavailable. Metadata can be absent, stripped, or forged; claims not verified by the parser do not establish origin.""}"
/root/autodl-tmp/probe-dinov2-bfree-20261001/data/probe_eval_data/fake_flux/r021429abt.png,r021429abt:flux,r021429abt,1,flux,,,,TOOL_UNAVAILABLE,,,,0,,,,,0,0,PNG,1024,1024,0,0,none,none,0,C2PA was not evaluated because the official parser could not start; metadata absence or non-origin-bearing tags are inconclusive about origin.,,0,0.147402,"{""tool"":""ProvenanceInspector"",""evidence_type"":""none"",""verdict"":""inconclusive"",""score"":null,""strength"":""none"",""observation"":""C2PA status is unknown; EXIF/XMP/IPTC metadata was extracted without inferring origin."",""limitations"":""C2PA parser was unavailable. Metadata can be absent, stripped, or forged; claims not verified by the parser do not establish origin.""}"
/root/autodl-tmp/probe-dinov2-bfree-20261001/data/probe_eval_data/fake_sd35/r021429abt.png,r021429abt:sd3_5,r021429abt,1,sd3_5,,,,TOOL_UNAVAILABLE,,,,0,,,,,0,0,PNG,1024,1024,0,0,none,none,0,C2PA was not evaluated because the official parser could not start; metadata absence or non-origin-bearing tags are inconclusive about origin.,,0,0.121576,"{""tool"":""ProvenanceInspector"",""evidence_type"":""none"",""verdict"":""inconclusive"",""score"":null,""strength"":""none"",""observation"":""C2PA status is unknown; EXIF/XMP/IPTC metadata was extracted without inferring origin."",""limitations"":""C2PA parser was unavailable. Metadata can be absent, stripped, or forged; claims not verified by the parser do not establish origin.""}"
/root/autodl-tmp/probe-dinov2-bfree-20261001/data/probe_eval_data/real/r1e698e5dt.png,r1e698e5dt:raise,r1e698e5dt,0,raise,,,,TOOL_UNAVAILABLE,,,,0,,,,,0,0,PNG,1256,835,0,0,none,none,0,C2PA was not evaluated because the official parser could not start; metadata absence or non-origin-bearing tags are inconclusive about origin.,,0,0.151986,"{""tool"":""ProvenanceInspector"",""evidence_type"":""none"",""verdict"":""inconclusive"",""score"":null,""strength"":""none"",""observation"":""C2PA status is unknown; EXIF/XMP/IPTC metadata was extracted without inferring origin."",""limitations"":""C2PA parser was unavailable. Metadata can be absent, stripped, or forged; claims not verified by the parser do not establish origin.""}"
/root/autodl-tmp/probe-dinov2-bfree-20261001/data/probe_eval_data/fake_flux/r1e698e5dt.png,r1e698e5dt:flux,r1e698e5dt,1,flux,,,,TOOL_UNAVAILABLE,,,,0,,,,,0,0,PNG,1024,1024,0,0,none,none,0,C2PA was not evaluated because the official parser could not start; metadata absence or non-origin-bearing tags are inconclusive about origin.,,0,0.122095,"{""tool"":""ProvenanceInspector"",""evidence_type"":""none"",""verdict"":""inconclusive"",""score"":null,""strength"":""none"",""observation"":""C2PA status is unknown; EXIF/XMP/IPTC metadata was extracted without inferring origin."",""limitations"":""C2PA parser was unavailable. Metadata can be absent, stripped, or forged; claims not verified by the parser do not establish origin.""}"
/root/autodl-tmp/probe-dinov2-bfree-20261001/data/probe_eval_data/fake_sd35/r1e698e5dt.png,r1e698e5dt:sd3_5,r1e698e5dt,1,sd3_5,,,,TOOL_UNAVAILABLE,,,,0,,,,,0,0,PNG,1024,1024,0,0,none,none,0,C2PA was not evaluated because the official parser could not start; metadata absence or non-origin-bearing tags are inconclusive about origin.,,0,0.09639,"{""tool"":""ProvenanceInspector"",""evidence_type"":""none"",""verdict"":""inconclusive"",""score"":null,""strength"":""none"",""observation"":""C2PA status is unknown; EXIF/XMP/IPTC metadata was extracted without inferring origin."",""limitations"":""C2PA parser was unavailable. Metadata can be absent, stripped, or forged; claims not verified by the parser do not establish origin.""}"
/root/autodl-tmp/probe-dinov2-bfree-20261001/data/probe_eval_data/real/r1554cfadt.png,r1554cfadt:raise,r1554cfadt,0,raise,,,,TOOL_UNAVAILABLE,,,,0,,,,,0,0,PNG,1258,833,0,0,none,none,0,C2PA was not evaluated because the official parser could not start; metadata absence or non-origin-bearing tags are inconclusive about origin.,,0,0.125932,"{""tool"":""ProvenanceInspector"",""evidence_type"":""none"",""verdict"":""inconclusive"",""score"":null,""strength"":""none"",""observation"":""C2PA status is unknown; EXIF/XMP/IPTC metadata was extracted without inferring origin."",""limitations"":""C2PA parser was unavailable. Metadata can be absent, stripped, or forged; claims not verified by the parser do not establish origin.""}"
/root/autodl-tmp/probe-dinov2-bfree-20261001/data/probe_eval_data/fake_flux/r1554cfadt.png,r1554cfadt:flux,r1554cfadt,1,flux,,,,TOOL_UNAVAILABLE,,,,0,,,,,0,0,PNG,1024,1024,0,0,none,none,0,C2PA was not evaluated because the official parser could not start; metadata absence or non-origin-bearing tags are inconclusive about origin.,,0,0.1229,"{""tool"":""ProvenanceInspector"",""evidence_type"":""none"",""verdict"":""inconclusive"",""score"":null,""strength"":""none"",""observation"":""C2PA status is unknown; EXIF/XMP/IPTC metadata was extracted without inferring origin."",""limitations"":""C2PA parser was unavailable. Metadata can be absent, stripped, or forged; claims not verified by the parser do not establish origin.""}"
/root/autodl-tmp/probe-dinov2-bfree-20261001/data/probe_eval_data/fake_sd35/r1554cfadt.png,r1554cfadt:sd3_5,r1554cfadt,1,sd3_5,,,,TOOL_UNAVAILABLE,,,,0,,,,,0,0,PNG,1024,1024,0,0,none,none,0,C2PA was not evaluated because the official parser could not start; metadata absence or non-origin-bearing tags are inconclusive about origin.,,0,0.121586,"{""tool"":""ProvenanceInspector"",""evidence_type"":""none"",""verdict"":""inconclusive"",""score"":null,""strength"":""none"",""observation"":""C2PA status is unknown; EXIF/XMP/IPTC metadata was extracted without inferring origin."",""limitations"":""C2PA parser was unavailable. Metadata can be absent, stripped, or forged; claims not verified by the parser do not establish origin.""}"
/root/autodl-tmp/probe-dinov2-bfree-20261001/data/probe_eval_data/real/r00c4a543t.png,r00c4a543t:raise,r00c4a543t,0,raise,,,,TOOL_UNAVAILABLE,,,,0,,,,,0,0,PNG,833,1258,0,0,none,none,0,C2PA was not evaluated because the official parser could not start; metadata absence or non-origin-bearing tags are inconclusive about origin.,,0,0.132294,"{""tool"":""ProvenanceInspector"",""evidence_type"":""none"",""verdict"":""inconclusive"",""score"":null,""strength"":""none"",""observation"":""C2PA status is unknown; EXIF/XMP/IPTC metadata was extracted without inferring origin."",""limitations"":""C2PA parser was unavailable. Metadata can be absent, stripped, or forged; claims not verified by the parser do not establish origin.""}"
/root/autodl-tmp/probe-dinov2-bfree-20261001/data/probe_eval_data/fake_flux/r00c4a543t.png,r00c4a543t:flux,r00c4a543t,1,flux,,,,TOOL_UNAVAILABLE,,,,0,,,,,0,0,PNG,1024,1024,0,0,none,none,0,C2PA was not evaluated because the official parser could not start; metadata absence or non-origin-bearing tags are inconclusive about origin.,,0,0.121456,"{""tool"":""ProvenanceInspector"",""evidence_type"":""none"",""verdict"":""inconclusive"",""score"":null,""strength"":""none"",""observation"":""C2PA status is unknown; EXIF/XMP/IPTC metadata was extracted without inferring origin."",""limitations"":""C2PA parser was unavailable. Metadata can be absent, stripped, or forged; claims not verified by the parser do not establish origin.""}"
/root/autodl-tmp/probe-dinov2-bfree-20261001/data/probe_eval_data/fake_sd35/r00c4a543t.png,r00c4a543t:sd3_5,r00c4a543t,1,sd3_5,,,,TOOL_UNAVAILABLE,,,,0,,,,,0,0,PNG,1024,1024,0,0,none,none,0,C2PA was not evaluated because the official parser could not start; metadata absence or non-origin-bearing tags are inconclusive about origin.,,0,0.096605,"{""tool"":""ProvenanceInspector"",""evidence_type"":""none"",""verdict"":""inconclusive"",""score"":null,""strength"":""none"",""observation"":""C2PA status is unknown; EXIF/XMP/IPTC metadata was extracted without inferring origin."",""limitations"":""C2PA parser was unavailable. Metadata can be absent, stripped, or forged; claims not verified by the parser do not establish origin.""}"
/root/autodl-tmp/probe-dinov2-bfree-20261001/data/probe_eval_data/real/r1a020c3ft.png,r1a020c3ft:raise,r1a020c3ft,0,raise,,,,TOOL_UNAVAILABLE,,,,0,,,,,0,0,PNG,1256,835,0,0,none,none,0,C2PA was not evaluated because the official parser could not start; metadata absence or non-origin-bearing tags are inconclusive about origin.,,0,0.123274,"{""tool"":""ProvenanceInspector"",""evidence_type"":""none"",""verdict"":""inconclusive"",""score"":null,""strength"":""none"",""observation"":""C2PA status is unknown; EXIF/XMP/IPTC metadata was extracted without inferring origin."",""limitations"":""C2PA parser was unavailable. Metadata can be absent, stripped, or forged; claims not verified by the parser do not establish origin.""}"
/root/autodl-tmp/probe-dinov2-bfree-20261001/data/probe_eval_data/fake_flux/r1a020c3ft.png,r1a020c3ft:flux,r1a020c3ft,1,flux,,,,TOOL_UNAVAILABLE,,,,0,,,,,0,0,PNG,1024,1024,0,0,none,none,0,C2PA was not evaluated because the official parser could not start; metadata absence or non-origin-bearing tags are inconclusive about origin.,,0,0.122355,"{""tool"":""ProvenanceInspector"",""evidence_type"":""none"",""verdict"":""inconclusive"",""score"":null,""strength"":""none"",""observation"":""C2PA status is unknown; EXIF/XMP/IPTC metadata was extracted without inferring origin."",""limitations"":""C2PA parser was unavailable. Metadata can be absent, stripped, or forged; claims not verified by the parser do not establish origin.""}"
/root/autodl-tmp/probe-dinov2-bfree-20261001/data/probe_eval_data/fake_sd35/r1a020c3ft.png,r1a020c3ft:sd3_5,r1a020c3ft,1,sd3_5,,,,TOOL_UNAVAILABLE,,,,0,,,,,0,0,PNG,1024,1024,0,0,none,none,0,C2PA was not evaluated because the official parser could not start; metadata absence or non-origin-bearing tags are inconclusive about origin.,,0,0.120146,"{""tool"":""ProvenanceInspector"",""evidence_type"":""none"",""verdict"":""inconclusive"",""score"":null,""strength"":""none"",""observation"":""C2PA status is unknown; EXIF/XMP/IPTC metadata was extracted without inferring origin."",""limitations"":""C2PA parser was unavailable. Metadata can be absent, stripped, or forged; claims not verified by the parser do not establish origin.""}"
/root/autodl-tmp/probe-dinov2-bfree-20261001/data/probe_eval_data/real/r0ebb0bb4t.png,r0ebb0bb4t:raise,r0ebb0bb4t,0,raise,,,,TOOL_UNAVAILABLE,,,,0,,,,,0,0,PNG,1258,833,0,0,none,none,0,C2PA was not evaluated because the official parser could not start; metadata absence or non-origin-bearing tags are inconclusive about origin.,,0,0.124405,"{""tool"":""ProvenanceInspector"",""evidence_type"":""none"",""verdict"":""inconclusive"",""score"":null,""strength"":""none"",""observation"":""C2PA status is unknown; EXIF/XMP/IPTC metadata was extracted without inferring origin."",""limitations"":""C2PA parser was unavailable. Metadata can be absent, stripped, or forged; claims not verified by the parser do not establish origin.""}"
/root/autodl-tmp/probe-dinov2-bfree-20261001/data/probe_eval_data/fake_flux/r0ebb0bb4t.png,r0ebb0bb4t:flux,r0ebb0bb4t,1,flux,,,,TOOL_UNAVAILABLE,,,,0,,,,,0,0,PNG,1024,1024,0,0,none,none,0,C2PA was not evaluated because the official parser could not start; metadata absence or non-origin-bearing tags are inconclusive about origin.,,0,0.096394,"{""tool"":""ProvenanceInspector"",""evidence_type"":""none"",""verdict"":""inconclusive"",""score"":null,""strength"":""none"",""observation"":""C2PA status is unknown; EXIF/XMP/IPTC metadata was extracted without inferring origin."",""limitations"":""C2PA parser was unavailable. Metadata can be absent, stripped, or forged; claims not verified by the parser do not establish origin.""}"
/root/autodl-tmp/probe-dinov2-bfree-20261001/data/probe_eval_data/fake_sd35/r0ebb0bb4t.png,r0ebb0bb4t:sd3_5,r0ebb0bb4t,1,sd3_5,,,,TOOL_UNAVAILABLE,,,,0,,,,,0,0,PNG,1024,1024,0,0,none,none,0,C2PA was not evaluated because the official parser could not start; metadata absence or non-origin-bearing tags are inconclusive about origin.,,0,0.128662,"{""tool"":""ProvenanceInspector"",""evidence_type"":""none"",""verdict"":""inconclusive"",""score"":null,""strength"":""none"",""observation"":""C2PA status is unknown; EXIF/XMP/IPTC metadata was extracted without inferring origin."",""limitations"":""C2PA parser was unavailable. Metadata can be absent, stripped, or forged; claims not verified by the parser do not establish origin.""}"
/root/autodl-tmp/probe-dinov2-bfree-20261001/data/probe_eval_data/real/r1234de87t.png,r1234de87t:raise,r1234de87t,0,raise,,,,TOOL_UNAVAILABLE,,,,0,,,,,0,0,PNG,1258,833,0,0,none,none,0,C2PA was not evaluated because the official parser could not start; metadata absence or non-origin-bearing tags are inconclusive about origin.,,0,0.151257,"{""tool"":""ProvenanceInspector"",""evidence_type"":""none"",""verdict"":""inconclusive"",""score"":null,""strength"":""none"",""observation"":""C2PA status is unknown; EXIF/XMP/IPTC metadata was extracted without inferring origin."",""limitations"":""C2PA parser was unavailable. Metadata can be absent, stripped, or forged; claims not verified by the parser do not establish origin.""}"
/root/autodl-tmp/probe-dinov2-bfree-20261001/data/probe_eval_data/fake_flux/r1234de87t.png,r1234de87t:flux,r1234de87t,1,flux,,,,TOOL_UNAVAILABLE,,,,0,,,,,0,0,PNG,1024,1024,0,0,none,none,0,C2PA was not evaluated because the official parser could not start; metadata absence or non-origin-bearing tags are inconclusive about origin.,,0,0.12455,"{""tool"":""ProvenanceInspector"",""evidence_type"":""none"",""verdict"":""inconclusive"",""score"":null,""strength"":""none"",""observation"":""C2PA status is unknown; EXIF/XMP/IPTC metadata was extracted without inferring origin."",""limitations"":""C2PA parser was unavailable. Metadata can be absent, stripped, or forged; claims not verified by the parser do not establish origin.""}"
/root/autodl-tmp/probe-dinov2-bfree-20261001/data/probe_eval_data/fake_sd35/r1234de87t.png,r1234de87t:sd3_5,r1234de87t,1,sd3_5,,,,TOOL_UNAVAILABLE,,,,0,,,,,0,0,PNG,1024,1024,0,0,none,none,0,C2PA was not evaluated because the official parser could not start; metadata absence or non-origin-bearing tags are inconclusive about origin.,,0,0.122458,"{""tool"":""ProvenanceInspector"",""evidence_type"":""none"",""verdict"":""inconclusive"",""score"":null,""strength"":""none"",""observation"":""C2PA status is unknown; EXIF/XMP/IPTC metadata was extracted without inferring origin."",""limitations"":""C2PA parser was unavailable. Metadata can be absent, stripped, or forged; claims not verified by the parser do not establish origin.""}"
/root/autodl-tmp/probe-dinov2-bfree-20261001/data/probe_eval_data/real/r0e5b5159t.png,r0e5b5159t:raise,r0e5b5159t,0,raise,,,,TOOL_UNAVAILABLE,,,,0,,,,,0,0,PNG,1258,833,0,0,none,none,0,C2PA was not evaluated because the official parser could not start; metadata absence or non-origin-bearing tags are inconclusive about origin.,,0,0.152054,"{""tool"":""ProvenanceInspector"",""evidence_type"":""none"",""verdict"":""inconclusive"",""score"":null,""strength"":""none"",""observation"":""C2PA status is unknown; EXIF/XMP/IPTC metadata was extracted without inferring origin."",""limitations"":""C2PA parser was unavailable. Metadata can be absent, stripped, or forged; claims not verified by the parser do not establish origin.""}"
/root/autodl-tmp/probe-dinov2-bfree-20261001/data/probe_eval_data/fake_flux/r0e5b5159t.png,r0e5b5159t:flux,r0e5b5159t,1,flux,,,,TOOL_UNAVAILABLE,,,,0,,,,,0,0,PNG,1024,1024,0,0,none,none,0,C2PA was not evaluated because the official parser could not start; metadata absence or non-origin-bearing tags are inconclusive about origin.,,0,0.127817,"{""tool"":""ProvenanceInspector"",""evidence_type"":""none"",""verdict"":""inconclusive"",""score"":null,""strength"":""none"",""observation"":""C2PA status is unknown; EXIF/XMP/IPTC metadata was extracted without inferring origin."",""limitations"":""C2PA parser was unavailable. Metadata can be absent, stripped, or forged; claims not verified by the parser do not establish origin.""}"
/root/autodl-tmp/probe-dinov2-bfree-20261001/data/probe_eval_data/fake_sd35/r0e5b5159t.png,r0e5b5159t:sd3_5,r0e5b5159t,1,sd3_5,,,,TOOL_UNAVAILABLE,,,,0,,,,,0,0,PNG,1024,1024,0,0,none,none,0,C2PA was not evaluated because the official parser could not start; metadata absence or non-origin-bearing tags are inconclusive about origin.,,0,0.124251,"{""tool"":""ProvenanceInspector"",""evidence_type"":""none"",""verdict"":""inconclusive"",""score"":null,""strength"":""none"",""observation"":""C2PA status is unknown; EXIF/XMP/IPTC metadata was extracted without inferring origin."",""limitations"":""C2PA parser was unavailable. Metadata can be absent, stripped, or forged; claims not verified by the parser do not establish origin.""}"
/root/autodl-tmp/probe-dinov2-bfree-20261001/data/probe_eval_data/real/r1915909et.png,r1915909et:raise,r1915909et,0,raise,,,,TOOL_UNAVAILABLE,,,,0,,,,,0,0,PNG,835,1256,0,0,none,none,0,C2PA was not evaluated because the official parser could not start; metadata absence or non-origin-bearing tags are inconclusive about origin.,,0,0.175632,"{""tool"":""ProvenanceInspector"",""evidence_type"":""none"",""verdict"":""inconclusive"",""score"":null,""strength"":""none"",""observation"":""C2PA status is unknown; EXIF/XMP/IPTC metadata was extracted without inferring origin."",""limitations"":""C2PA parser was unavailable. Metadata can be absent, stripped, or forged; claims not verified by the parser do not establish origin.""}"
/root/autodl-tmp/probe-dinov2-bfree-20261001/data/probe_eval_data/fake_flux/r1915909et.png,r1915909et:flux,r1915909et,1,flux,,,,TOOL_UNAVAILABLE,,,,0,,,,,0,0,PNG,1024,1024,0,0,none,none,0,C2PA was not evaluated because the official parser could not start; metadata absence or non-origin-bearing tags are inconclusive about origin.,,0,0.125883,"{""tool"":""ProvenanceInspector"",""evidence_type"":""none"",""verdict"":""inconclusive"",""score"":null,""strength"":""none"",""observation"":""C2PA status is unknown; EXIF/XMP/IPTC metadata was extracted without inferring origin."",""limitations"":""C2PA parser was unavailable. Metadata can be absent, stripped, or forged; claims not verified by the parser do not establish origin.""}"
/root/autodl-tmp/probe-dinov2-bfree-20261001/data/probe_eval_data/fake_sd35/r1915909et.png,r1915909et:sd3_5,r1915909et,1,sd3_5,,,,TOOL_UNAVAILABLE,,,,0,,,,,0,0,PNG,1024,1024,0,0,none,none,0,C2PA was not evaluated because the official parser could not start; metadata absence or non-origin-bearing tags are inconclusive about origin.,,0,0.133276,"{""tool"":""ProvenanceInspector"",""evidence_type"":""none"",""verdict"":""inconclusive"",""score"":null,""strength"":""none"",""observation"":""C2PA status is unknown; EXIF/XMP/IPTC metadata was extracted without inferring origin."",""limitations"":""C2PA parser was unavailable. Metadata can be absent, stripped, or forged; claims not verified by the parser do not establish origin.""}"
/root/autodl-tmp/probe-dinov2-bfree-20261001/data/probe_eval_data/real/r1ead3024t.png,r1ead3024t:raise,r1ead3024t,0,raise,,,,TOOL_UNAVAILABLE,,,,0,,,,,0,0,PNG,835,1256,0,0,none,none,0,C2PA was not evaluated because the official parser could not start; metadata absence or non-origin-bearing tags are inconclusive about origin.,,0,0.154281,"{""tool"":""ProvenanceInspector"",""evidence_type"":""none"",""verdict"":""inconclusive"",""score"":null,""strength"":""none"",""observation"":""C2PA status is unknown; EXIF/XMP/IPTC metadata was extracted without inferring origin."",""limitations"":""C2PA parser was unavailable. Metadata can be absent, stripped, or forged; claims not verified by the parser do not establish origin.""}"
/root/autodl-tmp/probe-dinov2-bfree-20261001/data/probe_eval_data/fake_flux/r1ead3024t.png,r1ead3024t:flux,r1ead3024t,1,flux,,,,TOOL_UNAVAILABLE,,,,0,,,,,0,0,PNG,1024,1024,0,0,none,none,0,C2PA was not evaluated because the official parser could not start; metadata absence or non-origin-bearing tags are inconclusive about origin.,,0,0.157998,"{""tool"":""ProvenanceInspector"",""evidence_type"":""none"",""verdict"":""inconclusive"",""score"":null,""strength"":""none"",""observation"":""C2PA status is unknown; EXIF/XMP/IPTC metadata was extracted without inferring origin."",""limitations"":""C2PA parser was unavailable. Metadata can be absent, stripped, or forged; claims not verified by the parser do not establish origin.""}"
/root/autodl-tmp/probe-dinov2-bfree-20261001/data/probe_eval_data/fake_sd35/r1ead3024t.png,r1ead3024t:sd3_5,r1ead3024t,1,sd3_5,,,,TOOL_UNAVAILABLE,,,,0,,,,,0,0,PNG,1024,1024,0,0,none,none,0,C2PA was not evaluated because the official parser could not start; metadata absence or non-origin-bearing tags are inconclusive about origin.,,0,0.123601,"{""tool"":""ProvenanceInspector"",""evidence_type"":""none"",""verdict"":""inconclusive"",""score"":null,""strength"":""none"",""observation"":""C2PA status is unknown; EXIF/XMP/IPTC metadata was extracted without inferring origin."",""limitations"":""C2PA parser was unavailable. Metadata can be absent, stripped, or forged; claims not verified by the parser do not establish origin.""}"
/root/autodl-tmp/probe-dinov2-bfree-20261001/data/probe_eval_data/real/r085bdbe2t.png,r085bdbe2t:raise,r085bdbe2t,0,raise,,,,TOOL_UNAVAILABLE,,,,0,,,,,0,0,PNG,835,1256,0,0,none,none,0,C2PA was not evaluated because the official parser could not start; metadata absence or non-origin-bearing tags are inconclusive about origin.,,0,0.149507,"{""tool"":""ProvenanceInspector"",""evidence_type"":""none"",""verdict"":""inconclusive"",""score"":null,""strength"":""none"",""observation"":""C2PA status is unknown; EXIF/XMP/IPTC metadata was extracted without inferring origin."",""limitations"":""C2PA parser was unavailable. Metadata can be absent, stripped, or forged; claims not verified by the parser do not establish origin.""}"
/root/autodl-tmp/probe-dinov2-bfree-20261001/data/probe_eval_data/fake_flux/r085bdbe2t.png,r085bdbe2t:flux,r085bdbe2t,1,flux,,,,TOOL_UNAVAILABLE,,,,0,,,,,0,0,PNG,1024,1024,0,0,none,none,0,C2PA was not evaluated because the official parser could not start; metadata absence or non-origin-bearing tags are inconclusive about origin.,,0,0.121303,"{""tool"":""ProvenanceInspector"",""evidence_type"":""none"",""verdict"":""inconclusive"",""score"":null,""strength"":""none"",""observation"":""C2PA status is unknown; EXIF/XMP/IPTC metadata was extracted without inferring origin."",""limitations"":""C2PA parser was unavailable. Metadata can be absent, stripped, or forged; claims not verified by the parser do not establish origin.""}"
/root/autodl-tmp/probe-dinov2-bfree-20261001/data/probe_eval_data/fake_sd35/r085bdbe2t.png,r085bdbe2t:sd3_5,r085bdbe2t,1,sd3_5,,,,TOOL_UNAVAILABLE,,,,0,,,,,0,0,PNG,1024,1024,0,0,none,none,0,C2PA was not evaluated because the official parser could not start; metadata absence or non-origin-bearing tags are inconclusive about origin.,,0,0.125655,"{""tool"":""ProvenanceInspector"",""evidence_type"":""none"",""verdict"":""inconclusive"",""score"":null,""strength"":""none"",""observation"":""C2PA status is unknown; EXIF/XMP/IPTC metadata was extracted without inferring origin."",""limitations"":""C2PA parser was unavailable. Metadata can be absent, stripped, or forged; claims not verified by the parser do not establish origin.""}"
/root/autodl-tmp/probe-dinov2-bfree-20261001/data/probe_eval_data/real/r0a42c0f6t.png,r0a42c0f6t:raise,r0a42c0f6t,0,raise,,,,TOOL_UNAVAILABLE,,,,0,,,,,0,0,PNG,1258,833,0,0,none,none,0,C2PA was not evaluated because the official parser could not start; metadata absence or non-origin-bearing tags are inconclusive about origin.,,0,0.153896,"{""tool"":""ProvenanceInspector"",""evidence_type"":""none"",""verdict"":""inconclusive"",""score"":null,""strength"":""none"",""observation"":""C2PA status is unknown; EXIF/XMP/IPTC metadata was extracted without inferring origin."",""limitations"":""C2PA parser was unavailable. Metadata can be absent, stripped, or forged; claims not verified by the parser do not establish origin.""}"
/root/autodl-tmp/probe-dinov2-bfree-20261001/data/probe_eval_data/fake_flux/r0a42c0f6t.png,r0a42c0f6t:flux,r0a42c0f6t,1,flux,,,,TOOL_UNAVAILABLE,,,,0,,,,,0,0,PNG,1024,1024,0,0,none,none,0,C2PA was not evaluated because the official parser could not start; metadata absence or non-origin-bearing tags are inconclusive about origin.,,0,0.121776,"{""tool"":""ProvenanceInspector"",""evidence_type"":""none"",""verdict"":""inconclusive"",""score"":null,""strength"":""none"",""observation"":""C2PA status is unknown; EXIF/XMP/IPTC metadata was extracted without inferring origin."",""limitations"":""C2PA parser was unavailable. Metadata can be absent, stripped, or forged; claims not verified by the parser do not establish origin.""}"
/root/autodl-tmp/probe-dinov2-bfree-20261001/data/probe_eval_data/fake_sd35/r0a42c0f6t.png,r0a42c0f6t:sd3_5,r0a42c0f6t,1,sd3_5,,,,TOOL_UNAVAILABLE,,,,0,,,,,0,0,PNG,1024,1024,0,0,none,none,0,C2PA was not evaluated because the official parser could not start; metadata absence or non-origin-bearing tags are inconclusive about origin.,,0,0.123693,"{""tool"":""ProvenanceInspector"",""evidence_type"":""none"",""verdict"":""inconclusive"",""score"":null,""strength"":""none"",""observation"":""C2PA status is unknown; EXIF/XMP/IPTC metadata was extracted without inferring origin."",""limitations"":""C2PA parser was unavailable. Metadata can be absent, stripped, or forged; claims not verified by the parser do not establish origin.""}"
/root/autodl-tmp/probe-dinov2-bfree-20261001/data/probe_eval_data/real/r1c028de8t.png,r1c028de8t:raise,r1c028de8t,0,raise,,,,TOOL_UNAVAILABLE,,,,0,,,,,0,0,PNG,1258,833,0,0,none,none,0,C2PA was not evaluated because the official parser could not start; metadata absence or non-origin-bearing tags are inconclusive about origin.,,0,0.155454,"{""tool"":""ProvenanceInspector"",""evidence_type"":""none"",""verdict"":""inconclusive"",""score"":null,""strength"":""none"",""observation"":""C2PA status is unknown; EXIF/XMP/IPTC metadata was extracted without inferring origin."",""limitations"":""C2PA parser was unavailable. Metadata can be absent, stripped, or forged; claims not verified by the parser do not establish origin.""}"
/root/autodl-tmp/probe-dinov2-bfree-20261001/data/probe_eval_data/fake_flux/r1c028de8t.png,r1c028de8t:flux,r1c028de8t,1,flux,,,,TOOL_UNAVAILABLE,,,,0,,,,,0,0,PNG,1024,1024,0,0,none,none,0,C2PA was not evaluated because the official parser could not start; metadata absence or non-origin-bearing tags are inconclusive about origin.,,0,0.127127,"{""tool"":""ProvenanceInspector"",""evidence_type"":""none"",""verdict"":""inconclusive"",""score"":null,""strength"":""none"",""observation"":""C2PA status is unknown; EXIF/XMP/IPTC metadata was extracted without inferring origin."",""limitations"":""C2PA parser was unavailable. Metadata can be absent, stripped, or forged; claims not verified by the parser do not establish origin.""}"
/root/autodl-tmp/probe-dinov2-bfree-20261001/data/probe_eval_data/fake_sd35/r1c028de8t.png,r1c028de8t:sd3_5,r1c028de8t,1,sd3_5,,,,TOOL_UNAVAILABLE,,,,0,,,,,0,0,PNG,1024,1024,0,0,none,none,0,C2PA was not evaluated because the official parser could not start; metadata absence or non-origin-bearing tags are inconclusive about origin.,,0,0.121916,"{""tool"":""ProvenanceInspector"",""evidence_type"":""none"",""verdict"":""inconclusive"",""score"":null,""strength"":""none"",""observation"":""C2PA status is unknown; EXIF/XMP/IPTC metadata was extracted without inferring origin."",""limitations"":""C2PA parser was unavailable. Metadata can be absent, stripped, or forged; claims not verified by the parser do not establish origin.""}"
/root/autodl-tmp/probe-dinov2-bfree-20261001/data/probe_eval_data/real/r1297fd0bt.png,r1297fd0bt:raise,r1297fd0bt,0,raise,,,,TOOL_UNAVAILABLE,,,,0,,,,,0,0,PNG,1256,835,0,0,none,none,0,C2PA was not evaluated because the official parser could not start; metadata absence or non-origin-bearing tags are inconclusive about origin.,,0,0.148898,"{""tool"":""ProvenanceInspector"",""evidence_type"":""none"",""verdict"":""inconclusive"",""score"":null,""strength"":""none"",""observation"":""C2PA status is unknown; EXIF/XMP/IPTC metadata was extracted without inferring origin."",""limitations"":""C2PA parser was unavailable. Metadata can be absent, stripped, or forged; claims not verified by the parser do not establish origin.""}"
/root/autodl-tmp/probe-dinov2-bfree-20261001/data/probe_eval_data/fake_flux/r1297fd0bt.png,r1297fd0bt:flux,r1297fd0bt,1,flux,,,,TOOL_UNAVAILABLE,,,,0,,,,,0,0,PNG,1024,1024,0,0,none,none,0,C2PA was not evaluated because the official parser could not start; metadata absence or non-origin-bearing tags are inconclusive about origin.,,0,0.122169,"{""tool"":""ProvenanceInspector"",""evidence_type"":""none"",""verdict"":""inconclusive"",""score"":null,""strength"":""none"",""observation"":""C2PA status is unknown; EXIF/XMP/IPTC metadata was extracted without inferring origin."",""limitations"":""C2PA parser was unavailable. Metadata can be absent, stripped, or forged; claims not verified by the parser do not establish origin.""}"
/root/autodl-tmp/probe-dinov2-bfree-20261001/data/probe_eval_data/fake_sd35/r1297fd0bt.png,r1297fd0bt:sd3_5,r1297fd0bt,1,sd3_5,,,,TOOL_UNAVAILABLE,,,,0,,,,,0,0,PNG,1024,1024,0,0,none,none,0,C2PA was not evaluated because the official parser could not start; metadata absence or non-origin-bearing tags are inconclusive about origin.,,0,0.120512,"{""tool"":""ProvenanceInspector"",""evidence_type"":""none"",""verdict"":""inconclusive"",""score"":null,""strength"":""none"",""observation"":""C2PA status is unknown; EXIF/XMP/IPTC metadata was extracted without inferring origin."",""limitations"":""C2PA parser was unavailable. Metadata can be absent, stripped, or forged; claims not verified by the parser do not establish origin.""}"
/root/autodl-tmp/probe-dinov2-bfree-20261001/data/probe_eval_data/real/r113402d4t.png,r113402d4t:raise,r113402d4t,0,raise,,,,TOOL_UNAVAILABLE,,,,0,,,,,0,0,PNG,1258,833,0,0,none,none,0,C2PA was not evaluated because the official parser could not start; metadata absence or non-origin-bearing tags are inconclusive about origin.,,0,0.124796,"{""tool"":""ProvenanceInspector"",""evidence_type"":""none"",""verdict"":""inconclusive"",""score"":null,""strength"":""none"",""observation"":""C2PA status is unknown; EXIF/XMP/IPTC metadata was extracted without inferring origin."",""limitations"":""C2PA parser was unavailable. Metadata can be absent, stripped, or forged; claims not verified by the parser do not establish origin.""}"
/root/autodl-tmp/probe-dinov2-bfree-20261001/data/probe_eval_data/fake_flux/r113402d4t.png,r113402d4t:flux,r113402d4t,1,flux,,,,TOOL_UNAVAILABLE,,,,0,,,,,0,0,PNG,1024,1024,0,0,none,none,0,C2PA was not evaluated because the official parser could not start; metadata absence or non-origin-bearing tags are inconclusive about origin.,,0,0.09807,"{""tool"":""ProvenanceInspector"",""evidence_type"":""none"",""verdict"":""inconclusive"",""score"":null,""strength"":""none"",""observation"":""C2PA status is unknown; EXIF/XMP/IPTC metadata was extracted without inferring origin."",""limitations"":""C2PA parser was unavailable. Metadata can be absent, stripped, or forged; claims not verified by the parser do not establish origin.""}"
/root/autodl-tmp/probe-dinov2-bfree-20261001/data/probe_eval_data/fake_sd35/r113402d4t.png,r113402d4t:sd3_5,r113402d4t,1,sd3_5,,,,TOOL_UNAVAILABLE,,,,0,,,,,0,0,PNG,1024,1024,0,0,none,none,0,C2PA was not evaluated because the official parser could not start; metadata absence or non-origin-bearing tags are inconclusive about origin.,,0,0.122582,"{""tool"":""ProvenanceInspector"",""evidence_type"":""none"",""verdict"":""inconclusive"",""score"":null,""strength"":""none"",""observation"":""C2PA status is unknown; EXIF/XMP/IPTC metadata was extracted without inferring origin."",""limitations"":""C2PA parser was unavailable. Metadata can be absent, stripped, or forged; claims not verified by the parser do not establish origin.""}"
/root/autodl-tmp/probe-dinov2-bfree-20261001/data/probe_eval_data/real/r0ff7a848t.png,r0ff7a848t:raise,r0ff7a848t,0,raise,,,,TOOL_UNAVAILABLE,,,,0,,,,,0,0,PNG,1256,835,0,0,none,none,0,C2PA was not evaluated because the official parser could not start; metadata absence or non-origin-bearing tags are inconclusive about origin.,,0,0.151985,"{""tool"":""ProvenanceInspector"",""evidence_type"":""none"",""verdict"":""inconclusive"",""score"":null,""strength"":""none"",""observation"":""C2PA status is unknown; EXIF/XMP/IPTC metadata was extracted without inferring origin."",""limitations"":""C2PA parser was unavailable. Metadata can be absent, stripped, or forged; claims not verified by the parser do not establish origin.""}"
/root/autodl-tmp/probe-dinov2-bfree-20261001/data/probe_eval_data/fake_flux/r0ff7a848t.png,r0ff7a848t:flux,r0ff7a848t,1,flux,,,,TOOL_UNAVAILABLE,,,,0,,,,,0,0,PNG,1024,1024,0,0,none,none,0,C2PA was not evaluated because the official parser could not start; metadata absence or non-origin-bearing tags are inconclusive about origin.,,0,0.121423,"{""tool"":""ProvenanceInspector"",""evidence_type"":""none"",""verdict"":""inconclusive"",""score"":null,""strength"":""none"",""observation"":""C2PA status is unknown; EXIF/XMP/IPTC metadata was extracted without inferring origin."",""limitations"":""C2PA parser was unavailable. Metadata can be absent, stripped, or forged; claims not verified by the parser do not establish origin.""}"
/root/autodl-tmp/probe-dinov2-bfree-20261001/data/probe_eval_data/fake_sd35/r0ff7a848t.png,r0ff7a848t:sd3_5,r0ff7a848t,1,sd3_5,,,,TOOL_UNAVAILABLE,,,,0,,,,,0,0,PNG,1024,1024,0,0,none,none,0,C2PA was not evaluated because the official parser could not start; metadata absence or non-origin-bearing tags are inconclusive about origin.,,0,0.124592,"{""tool"":""ProvenanceInspector"",""evidence_type"":""none"",""verdict"":""inconclusive"",""score"":null,""strength"":""none"",""observation"":""C2PA status is unknown; EXIF/XMP/IPTC metadata was extracted without inferring origin."",""limitations"":""C2PA parser was unavailable. Metadata can be absent, stripped, or forged; claims not verified by the parser do not establish origin.""}"
/root/autodl-tmp/probe-dinov2-bfree-20261001/data/probe_eval_data/real/r1c874ac4t.png,r1c874ac4t:raise,r1c874ac4t,0,raise,,,,TOOL_UNAVAILABLE,,,,0,,,,,0,0,PNG,1258,833,0,0,none,none,0,C2PA was not evaluated because the official parser could not start; metadata absence or non-origin-bearing tags are inconclusive about origin.,,0,0.152459,"{""tool"":""ProvenanceInspector"",""evidence_type"":""none"",""verdict"":""inconclusive"",""score"":null,""strength"":""none"",""observation"":""C2PA status is unknown; EXIF/XMP/IPTC metadata was extracted without inferring origin."",""limitations"":""C2PA parser was unavailable. Metadata can be absent, stripped, or forged; claims not verified by the parser do not establish origin.""}"
/root/autodl-tmp/probe-dinov2-bfree-20261001/data/probe_eval_data/fake_flux/r1c874ac4t.png,r1c874ac4t:flux,r1c874ac4t,1,flux,,,,TOOL_UNAVAILABLE,,,,0,,,,,0,0,PNG,1024,1024,0,0,none,none,0,C2PA was not evaluated because the official parser could not start; metadata absence or non-origin-bearing tags are inconclusive about origin.,,0,0.123911,"{""tool"":""ProvenanceInspector"",""evidence_type"":""none"",""verdict"":""inconclusive"",""score"":null,""strength"":""none"",""observation"":""C2PA status is unknown; EXIF/XMP/IPTC metadata was extracted without inferring origin."",""limitations"":""C2PA parser was unavailable. Metadata can be absent, stripped, or forged; claims not verified by the parser do not establish origin.""}"
/root/autodl-tmp/probe-dinov2-bfree-20261001/data/probe_eval_data/fake_sd35/r1c874ac4t.png,r1c874ac4t:sd3_5,r1c874ac4t,1,sd3_5,,,,TOOL_UNAVAILABLE,,,,0,,,,,0,0,PNG,1024,1024,0,0,none,none,0,C2PA was not evaluated because the official parser could not start; metadata absence or non-origin-bearing tags are inconclusive about origin.,,0,0.119389,"{""tool"":""ProvenanceInspector"",""evidence_type"":""none"",""verdict"":""inconclusive"",""score"":null,""strength"":""none"",""observation"":""C2PA status is unknown; EXIF/XMP/IPTC metadata was extracted without inferring origin."",""limitations"":""C2PA parser was unavailable. Metadata can be absent, stripped, or forged; claims not verified by the parser do not establish origin.""}"
/root/autodl-tmp/probe-dinov2-bfree-20261001/data/probe_eval_data/real/r126a22b8t.png,r126a22b8t:raise,r126a22b8t,0,raise,,,,TOOL_UNAVAILABLE,,,,0,,,,,0,0,PNG,1258,833,0,0,none,none,0,C2PA was not evaluated because the official parser could not start; metadata absence or non-origin-bearing tags are inconclusive about origin.,,0,0.206514,"{""tool"":""ProvenanceInspector"",""evidence_type"":""none"",""verdict"":""inconclusive"",""score"":null,""strength"":""none"",""observation"":""C2PA status is unknown; EXIF/XMP/IPTC metadata was extracted without inferring origin."",""limitations"":""C2PA parser was unavailable. Metadata can be absent, stripped, or forged; claims not verified by the parser do not establish origin.""}"
/root/autodl-tmp/probe-dinov2-bfree-20261001/data/probe_eval_data/fake_flux/r126a22b8t.png,r126a22b8t:flux,r126a22b8t,1,flux,,,,TOOL_UNAVAILABLE,,,,0,,,,,0,0,PNG,1024,1024,0,0,none,none,0,C2PA was not evaluated because the official parser could not start; metadata absence or non-origin-bearing tags are inconclusive about origin.,,0,0.123682,"{""tool"":""ProvenanceInspector"",""evidence_type"":""none"",""verdict"":""inconclusive"",""score"":null,""strength"":""none"",""observation"":""C2PA status is unknown; EXIF/XMP/IPTC metadata was extracted without inferring origin."",""limitations"":""C2PA parser was unavailable. Metadata can be absent, stripped, or forged; claims not verified by the parser do not establish origin.""}"
/root/autodl-tmp/probe-dinov2-bfree-20261001/data/probe_eval_data/fake_sd35/r126a22b8t.png,r126a22b8t:sd3_5,r126a22b8t,1,sd3_5,,,,TOOL_UNAVAILABLE,,,,0,,,,,0,0,PNG,1024,1024,0,0,none,none,0,C2PA was not evaluated because the official parser could not start; metadata absence or non-origin-bearing tags are inconclusive about origin.,,0,0.098221,"{""tool"":""ProvenanceInspector"",""evidence_type"":""none"",""verdict"":""inconclusive"",""score"":null,""strength"":""none"",""observation"":""C2PA status is unknown; EXIF/XMP/IPTC metadata was extracted without inferring origin."",""limitations"":""C2PA parser was unavailable. Metadata can be absent, stripped, or forged; claims not verified by the parser do not establish origin.""}"
/root/autodl-tmp/probe-dinov2-bfree-20261001/data/probe_eval_data/real/r0eab8214t.png,r0eab8214t:raise,r0eab8214t,0,raise,,,,TOOL_UNAVAILABLE,,,,0,,,,,0,0,PNG,835,1256,0,0,none,none,0,C2PA was not evaluated because the official parser could not start; metadata absence or non-origin-bearing tags are inconclusive about origin.,,0,0.15698,"{""tool"":""ProvenanceInspector"",""evidence_type"":""none"",""verdict"":""inconclusive"",""score"":null,""strength"":""none"",""observation"":""C2PA status is unknown; EXIF/XMP/IPTC metadata was extracted without inferring origin."",""limitations"":""C2PA parser was unavailable. Metadata can be absent, stripped, or forged; claims not verified by the parser do not establish origin.""}"
/root/autodl-tmp/probe-dinov2-bfree-20261001/data/probe_eval_data/fake_flux/r0eab8214t.png,r0eab8214t:flux,r0eab8214t,1,flux,,,,TOOL_UNAVAILABLE,,,,0,,,,,0,0,PNG,1024,1024,0,0,none,none,0,C2PA was not evaluated because the official parser could not start; metadata absence or non-origin-bearing tags are inconclusive about origin.,,0,0.121695,"{""tool"":""ProvenanceInspector"",""evidence_type"":""none"",""verdict"":""inconclusive"",""score"":null,""strength"":""none"",""observation"":""C2PA status is unknown; EXIF/XMP/IPTC metadata was extracted without inferring origin."",""limitations"":""C2PA parser was unavailable. Metadata can be absent, stripped, or forged; claims not verified by the parser do not establish origin.""}"
/root/autodl-tmp/probe-dinov2-bfree-20261001/data/probe_eval_data/fake_sd35/r0eab8214t.png,r0eab8214t:sd3_5,r0eab8214t,1,sd3_5,,,,TOOL_UNAVAILABLE,,,,0,,,,,0,0,PNG,1024,1024,0,0,none,none,0,C2PA was not evaluated because the official parser could not start; metadata absence or non-origin-bearing tags are inconclusive about origin.,,0,0.120334,"{""tool"":""ProvenanceInspector"",""evidence_type"":""none"",""verdict"":""inconclusive"",""score"":null,""strength"":""none"",""observation"":""C2PA status is unknown; EXIF/XMP/IPTC metadata was extracted without inferring origin."",""limitations"":""C2PA parser was unavailable. Metadata can be absent, stripped, or forged; claims not verified by the parser do not establish origin.""}"
/root/autodl-tmp/probe-dinov2-bfree-20261001/data/probe_eval_data/real/r162b2209t.png,r162b2209t:raise,r162b2209t,0,raise,,,,TOOL_UNAVAILABLE,,,,0,,,,,0,0,PNG,1258,833,0,0,none,none,0,C2PA was not evaluated because the official parser could not start; metadata absence or non-origin-bearing tags are inconclusive about origin.,,0,0.126258,"{""tool"":""ProvenanceInspector"",""evidence_type"":""none"",""verdict"":""inconclusive"",""score"":null,""strength"":""none"",""observation"":""C2PA status is unknown; EXIF/XMP/IPTC metadata was extracted without inferring origin."",""limitations"":""C2PA parser was unavailable. Metadata can be absent, stripped, or forged; claims not verified by the parser do not establish origin.""}"
/root/autodl-tmp/probe-dinov2-bfree-20261001/data/probe_eval_data/fake_flux/r162b2209t.png,r162b2209t:flux,r162b2209t,1,flux,,,,TOOL_UNAVAILABLE,,,,0,,,,,0,0,PNG,1024,1024,0,0,none,none,0,C2PA was not evaluated because the official parser could not start; metadata absence or non-origin-bearing tags are inconclusive about origin.,,0,0.121474,"{""tool"":""ProvenanceInspector"",""evidence_type"":""none"",""verdict"":""inconclusive"",""score"":null,""strength"":""none"",""observation"":""C2PA status is unknown; EXIF/XMP/IPTC metadata was extracted without inferring origin."",""limitations"":""C2PA parser was unavailable. Metadata can be absent, stripped, or forged; claims not verified by the parser do not establish origin.""}"
/root/autodl-tmp/probe-dinov2-bfree-20261001/data/probe_eval_data/fake_sd35/r162b2209t.png,r162b2209t:sd3_5,r162b2209t,1,sd3_5,,,,TOOL_UNAVAILABLE,,,,0,,,,,0,0,PNG,1024,1024,0,0,none,none,0,C2PA was not evaluated because the official parser could not start; metadata absence or non-origin-bearing tags are inconclusive about origin.,,0,0.09678,"{""tool"":""ProvenanceInspector"",""evidence_type"":""none"",""verdict"":""inconclusive"",""score"":null,""strength"":""none"",""observation"":""C2PA status is unknown; EXIF/XMP/IPTC metadata was extracted without inferring origin."",""limitations"":""C2PA parser was unavailable. Metadata can be absent, stripped, or forged; claims not verified by the parser do not establish origin.""}"
/root/autodl-tmp/probe-dinov2-bfree-20261001/data/probe_eval_data/real/r02b7536at.png,r02b7536at:raise,r02b7536at,0,raise,,,,TOOL_UNAVAILABLE,,,,0,,,,,0,0,PNG,1258,833,0,0,none,none,0,C2PA was not evaluated because the official parser could not start; metadata absence or non-origin-bearing tags are inconclusive about origin.,,0,0.126846,"{""tool"":""ProvenanceInspector"",""evidence_type"":""none"",""verdict"":""inconclusive"",""score"":null,""strength"":""none"",""observation"":""C2PA status is unknown; EXIF/XMP/IPTC metadata was extracted without inferring origin."",""limitations"":""C2PA parser was unavailable. Metadata can be absent, stripped, or forged; claims not verified by the parser do not establish origin.""}"
/root/autodl-tmp/probe-dinov2-bfree-20261001/data/probe_eval_data/fake_flux/r02b7536at.png,r02b7536at:flux,r02b7536at,1,flux,,,,TOOL_UNAVAILABLE,,,,0,,,,,0,0,PNG,1024,1024,0,0,none,none,0,C2PA was not evaluated because the official parser could not start; metadata absence or non-origin-bearing tags are inconclusive about origin.,,0,0.123001,"{""tool"":""ProvenanceInspector"",""evidence_type"":""none"",""verdict"":""inconclusive"",""score"":null,""strength"":""none"",""observation"":""C2PA status is unknown; EXIF/XMP/IPTC metadata was extracted without inferring origin."",""limitations"":""C2PA parser was unavailable. Metadata can be absent, stripped, or forged; claims not verified by the parser do not establish origin.""}"
/root/autodl-tmp/probe-dinov2-bfree-20261001/data/probe_eval_data/fake_sd35/r02b7536at.png,r02b7536at:sd3_5,r02b7536at,1,sd3_5,,,,TOOL_UNAVAILABLE,,,,0,,,,,0,0,PNG,1024,1024,0,0,none,none,0,C2PA was not evaluated because the official parser could not start; metadata absence or non-origin-bearing tags are inconclusive about origin.,,0,0.111873,"{""tool"":""ProvenanceInspector"",""evidence_type"":""none"",""verdict"":""inconclusive"",""score"":null,""strength"":""none"",""observation"":""C2PA status is unknown; EXIF/XMP/IPTC metadata was extracted without inferring origin."",""limitations"":""C2PA parser was unavailable. Metadata can be absent, stripped, or forged; claims not verified by the parser do not establish origin.""}"
/root/autodl-tmp/probe-dinov2-bfree-20261001/data/probe_eval_data/real/r1bd70210t.png,r1bd70210t:raise,r1bd70210t,0,raise,,,,TOOL_UNAVAILABLE,,,,0,,,,,0,0,PNG,1258,833,0,0,none,none,0,C2PA was not evaluated because the official parser could not start; metadata absence or non-origin-bearing tags are inconclusive about origin.,,0,0.126271,"{""tool"":""ProvenanceInspector"",""evidence_type"":""none"",""verdict"":""inconclusive"",""score"":null,""strength"":""none"",""observation"":""C2PA status is unknown; EXIF/XMP/IPTC metadata was extracted without inferring origin."",""limitations"":""C2PA parser was unavailable. Metadata can be absent, stripped, or forged; claims not verified by the parser do not establish origin.""}"
/root/autodl-tmp/probe-dinov2-bfree-20261001/data/probe_eval_data/fake_flux/r1bd70210t.png,r1bd70210t:flux,r1bd70210t,1,flux,,,,TOOL_UNAVAILABLE,,,,0,,,,,0,0,PNG,1024,1024,0,0,none,none,0,C2PA was not evaluated because the official parser could not start; metadata absence or non-origin-bearing tags are inconclusive about origin.,,0,0.096751,"{""tool"":""ProvenanceInspector"",""evidence_type"":""none"",""verdict"":""inconclusive"",""score"":null,""strength"":""none"",""observation"":""C2PA status is unknown; EXIF/XMP/IPTC metadata was extracted without inferring origin."",""limitations"":""C2PA parser was unavailable. Metadata can be absent, stripped, or forged; claims not verified by the parser do not establish origin.""}"
/root/autodl-tmp/probe-dinov2-bfree-20261001/data/probe_eval_data/fake_sd35/r1bd70210t.png,r1bd70210t:sd3_5,r1bd70210t,1,sd3_5,,,,TOOL_UNAVAILABLE,,,,0,,,,,0,0,PNG,1024,1024,0,0,none,none,0,C2PA was not evaluated because the official parser could not start; metadata absence or non-origin-bearing tags are inconclusive about origin.,,0,0.111369,"{""tool"":""ProvenanceInspector"",""evidence_type"":""none"",""verdict"":""inconclusive"",""score"":null,""strength"":""none"",""observation"":""C2PA status is unknown; EXIF/XMP/IPTC metadata was extracted without inferring origin."",""limitations"":""C2PA parser was unavailable. Metadata can be absent, stripped, or forged; claims not verified by the parser do not establish origin.""}"
/root/autodl-tmp/probe-dinov2-bfree-20261001/data/probe_eval_data/real/r17b2f789t.png,r17b2f789t:raise,r17b2f789t,0,raise,,,,TOOL_UNAVAILABLE,,,,0,,,,,0,0,PNG,835,1256,0,0,none,none,0,C2PA was not evaluated because the official parser could not start; metadata absence or non-origin-bearing tags are inconclusive about origin.,,0,0.150272,"{""tool"":""ProvenanceInspector"",""evidence_type"":""none"",""verdict"":""inconclusive"",""score"":null,""strength"":""none"",""observation"":""C2PA status is unknown; EXIF/XMP/IPTC metadata was extracted without inferring origin."",""limitations"":""C2PA parser was unavailable. Metadata can be absent, stripped, or forged; claims not verified by the parser do not establish origin.""}"
/root/autodl-tmp/probe-dinov2-bfree-20261001/data/probe_eval_data/fake_flux/r17b2f789t.png,r17b2f789t:flux,r17b2f789t,1,flux,,,,TOOL_UNAVAILABLE,,,,0,,,,,0,0,PNG,1024,1024,0,0,none,none,0,C2PA was not evaluated because the official parser could not start; metadata absence or non-origin-bearing tags are inconclusive about origin.,,0,0.100301,"{""tool"":""ProvenanceInspector"",""evidence_type"":""none"",""verdict"":""inconclusive"",""score"":null,""strength"":""none"",""observation"":""C2PA status is unknown; EXIF/XMP/IPTC metadata was extracted without inferring origin."",""limitations"":""C2PA parser was unavailable. Metadata can be absent, stripped, or forged; claims not verified by the parser do not establish origin.""}"
/root/autodl-tmp/probe-dinov2-bfree-20261001/data/probe_eval_data/fake_sd35/r17b2f789t.png,r17b2f789t:sd3_5,r17b2f789t,1,sd3_5,,,,TOOL_UNAVAILABLE,,,,0,,,,,0,0,PNG,1024,1024,0,0,none,none,0,C2PA was not evaluated because the official parser could not start; metadata absence or non-origin-bearing tags are inconclusive about origin.,,0,0.122985,"{""tool"":""ProvenanceInspector"",""evidence_type"":""none"",""verdict"":""inconclusive"",""score"":null,""strength"":""none"",""observation"":""C2PA status is unknown; EXIF/XMP/IPTC metadata was extracted without inferring origin."",""limitations"":""C2PA parser was unavailable. Metadata can be absent, stripped, or forged; claims not verified by the parser do not establish origin.""}"
/root/autodl-tmp/probe-dinov2-bfree-20261001/data/probe_eval_data/real/r00b8d4a2t.png,r00b8d4a2t:raise,r00b8d4a2t,0,raise,,,,TOOL_UNAVAILABLE,,,,0,,,,,0,0,PNG,835,1256,0,0,none,none,0,C2PA was not evaluated because the official parser could not start; metadata absence or non-origin-bearing tags are inconclusive about origin.,,0,0.14941,"{""tool"":""ProvenanceInspector"",""evidence_type"":""none"",""verdict"":""inconclusive"",""score"":null,""strength"":""none"",""observation"":""C2PA status is unknown; EXIF/XMP/IPTC metadata was extracted without inferring origin."",""limitations"":""C2PA parser was unavailable. Metadata can be absent, stripped, or forged; claims not verified by the parser do not establish origin.""}"
/root/autodl-tmp/probe-dinov2-bfree-20261001/data/probe_eval_data/fake_flux/r00b8d4a2t.png,r00b8d4a2t:flux,r00b8d4a2t,1,flux,,,,TOOL_UNAVAILABLE,,,,0,,,,,0,0,PNG,1024,1024,0,0,none,none,0,C2PA was not evaluated because the official parser could not start; metadata absence or non-origin-bearing tags are inconclusive about origin.,,0,0.123941,"{""tool"":""ProvenanceInspector"",""evidence_type"":""none"",""verdict"":""inconclusive"",""score"":null,""strength"":""none"",""observation"":""C2PA status is unknown; EXIF/XMP/IPTC metadata was extracted without inferring origin."",""limitations"":""C2PA parser was unavailable. Metadata can be absent, stripped, or forged; claims not verified by the parser do not establish origin.""}"
/root/autodl-tmp/probe-dinov2-bfree-20261001/data/probe_eval_data/fake_sd35/r00b8d4a2t.png,r00b8d4a2t:sd3_5,r00b8d4a2t,1,sd3_5,,,,TOOL_UNAVAILABLE,,,,0,,,,,0,0,PNG,1024,1024,0,0,none,none,0,C2PA was not evaluated because the official parser could not start; metadata absence or non-origin-bearing tags are inconclusive about origin.,,0,0.124049,"{""tool"":""ProvenanceInspector"",""evidence_type"":""none"",""verdict"":""inconclusive"",""score"":null,""strength"":""none"",""observation"":""C2PA status is unknown; EXIF/XMP/IPTC metadata was extracted without inferring origin."",""limitations"":""C2PA parser was unavailable. Metadata can be absent, stripped, or forged; claims not verified by the parser do not establish origin.""}"
/root/autodl-tmp/probe-dinov2-bfree-20261001/data/probe_eval_data/real/r088dcebft.png,r088dcebft:raise,r088dcebft,0,raise,,,,TOOL_UNAVAILABLE,,,,0,,,,,0,0,PNG,1258,833,0,0,none,none,0,C2PA was not evaluated because the official parser could not start; metadata absence or non-origin-bearing tags are inconclusive about origin.,,0,0.153866,"{""tool"":""ProvenanceInspector"",""evidence_type"":""none"",""verdict"":""inconclusive"",""score"":null,""strength"":""none"",""observation"":""C2PA status is unknown; EXIF/XMP/IPTC metadata was extracted without inferring origin."",""limitations"":""C2PA parser was unavailable. Metadata can be absent, stripped, or forged; claims not verified by the parser do not establish origin.""}"
/root/autodl-tmp/probe-dinov2-bfree-20261001/data/probe_eval_data/fake_flux/r088dcebft.png,r088dcebft:flux,r088dcebft,1,flux,,,,TOOL_UNAVAILABLE,,,,0,,,,,0,0,PNG,1024,1024,0,0,none,none,0,C2PA was not evaluated because the official parser could not start; metadata absence or non-origin-bearing tags are inconclusive about origin.,,0,0.123882,"{""tool"":""ProvenanceInspector"",""evidence_type"":""none"",""verdict"":""inconclusive"",""score"":null,""strength"":""none"",""observation"":""C2PA status is unknown; EXIF/XMP/IPTC metadata was extracted without inferring origin."",""limitations"":""C2PA parser was unavailable. Metadata can be absent, stripped, or forged; claims not verified by the parser do not establish origin.""}"
/root/autodl-tmp/probe-dinov2-bfree-20261001/data/probe_eval_data/fake_sd35/r088dcebft.png,r088dcebft:sd3_5,r088dcebft,1,sd3_5,,,,TOOL_UNAVAILABLE,,,,0,,,,,0,0,PNG,1024,1024,0,0,none,none,0,C2PA was not evaluated because the official parser could not start; metadata absence or non-origin-bearing tags are inconclusive about origin.,,0,0.119889,"{""tool"":""ProvenanceInspector"",""evidence_type"":""none"",""verdict"":""inconclusive"",""score"":null,""strength"":""none"",""observation"":""C2PA status is unknown; EXIF/XMP/IPTC metadata was extracted without inferring origin."",""limitations"":""C2PA parser was unavailable. Metadata can be absent, stripped, or forged; claims not verified by the parser do not establish origin.""}"
