path,sample_id,source_group_id,ground_truth,generator,c2pa_present,c2pa_valid,c2pa_trusted,c2pa_validation_status,digital_source_type,generator_claim,software_agent,exif_present,camera_make,camera_model,software,datetime_original,xmp_present,iptc_present,image_format,width,height,camera_metadata_present,software_metadata_present,provenance_evidence_type,provenance_strength,actionable,notes,c2patool_exit_code,exiftool_exit_code,seconds,unified_output_json
/root/autodl-tmp/probe-dinov2-bfree-20261001/data/probe_eval_data/real/r0c03e364t.png,r0c03e364t:raise,r0c03e364t,0,raise,0,,,,,,,0,,,,,0,0,PNG,1258,833,0,0,none,none,0,No positive provenance evidence is available; metadata absence or non-origin-bearing tags are inconclusive about origin.,1,0,0.17385,"{""tool"":""ProvenanceInspector"",""evidence_type"":""none"",""verdict"":""inconclusive"",""score"":null,""strength"":""none"",""observation"":""No C2PA claim or usable origin-bearing metadata was found."",""limitations"":""Metadata can be absent, stripped, or forged; untrusted claims do not establish origin.""}"
/root/autodl-tmp/probe-dinov2-bfree-20261001/data/probe_eval_data/fake_flux/r0c03e364t.png,r0c03e364t:flux,r0c03e364t,1,flux,0,,,,,,,0,,,,,0,0,PNG,1024,1024,0,0,none,none,0,No positive provenance evidence is available; metadata absence or non-origin-bearing tags are inconclusive about origin.,1,0,0.128035,"{""tool"":""ProvenanceInspector"",""evidence_type"":""none"",""verdict"":""inconclusive"",""score"":null,""strength"":""none"",""observation"":""No C2PA claim or usable origin-bearing metadata was found."",""limitations"":""Metadata can be absent, stripped, or forged; untrusted claims do not establish origin.""}"
/root/autodl-tmp/probe-dinov2-bfree-20261001/data/probe_eval_data/fake_sd35/r0c03e364t.png,r0c03e364t:sd3_5,r0c03e364t,1,sd3_5,0,,,,,,,0,,,,,0,0,PNG,1024,1024,0,0,none,none,0,No positive provenance evidence is available; metadata absence or non-origin-bearing tags are inconclusive about origin.,1,0,0.128075,"{""tool"":""ProvenanceInspector"",""evidence_type"":""none"",""verdict"":""inconclusive"",""score"":null,""strength"":""none"",""observation"":""No C2PA claim or usable origin-bearing metadata was found."",""limitations"":""Metadata can be absent, stripped, or forged; untrusted claims do not establish origin.""}"
/root/autodl-tmp/probe-dinov2-bfree-20261001/data/probe_eval_data/real/r12f3bbfat.png,r12f3bbfat:raise,r12f3bbfat,0,raise,0,,,,,,,0,,,,,0,0,PNG,1258,833,0,0,none,none,0,No positive provenance evidence is available; metadata absence or non-origin-bearing tags are inconclusive about origin.,1,0,0.153101,"{""tool"":""ProvenanceInspector"",""evidence_type"":""none"",""verdict"":""inconclusive"",""score"":null,""strength"":""none"",""observation"":""No C2PA claim or usable origin-bearing metadata was found."",""limitations"":""Metadata can be absent, stripped, or forged; untrusted claims do not establish origin.""}"
/root/autodl-tmp/probe-dinov2-bfree-20261001/data/probe_eval_data/fake_flux/r12f3bbfat.png,r12f3bbfat:flux,r12f3bbfat,1,flux,0,,,,,,,0,,,,,0,0,PNG,1024,1024,0,0,none,none,0,No positive provenance evidence is available; metadata absence or non-origin-bearing tags are inconclusive about origin.,1,0,0.131093,"{""tool"":""ProvenanceInspector"",""evidence_type"":""none"",""verdict"":""inconclusive"",""score"":null,""strength"":""none"",""observation"":""No C2PA claim or usable origin-bearing metadata was found."",""limitations"":""Metadata can be absent, stripped, or forged; untrusted claims do not establish origin.""}"
/root/autodl-tmp/probe-dinov2-bfree-20261001/data/probe_eval_data/fake_sd35/r12f3bbfat.png,r12f3bbfat:sd3_5,r12f3bbfat,1,sd3_5,0,,,,,,,0,,,,,0,0,PNG,1024,1024,0,0,none,none,0,No positive provenance evidence is available; metadata absence or non-origin-bearing tags are inconclusive about origin.,1,0,0.126267,"{""tool"":""ProvenanceInspector"",""evidence_type"":""none"",""verdict"":""inconclusive"",""score"":null,""strength"":""none"",""observation"":""No C2PA claim or usable origin-bearing metadata was found."",""limitations"":""Metadata can be absent, stripped, or forged; untrusted claims do not establish origin.""}"
/root/autodl-tmp/probe-dinov2-bfree-20261001/data/probe_eval_data/real/r1c070921t.png,r1c070921t:raise,r1c070921t,0,raise,0,,,,,,,0,,,,,0,0,PNG,1258,833,0,0,none,none,0,No positive provenance evidence is available; metadata absence or non-origin-bearing tags are inconclusive about origin.,1,0,0.139761,"{""tool"":""ProvenanceInspector"",""evidence_type"":""none"",""verdict"":""inconclusive"",""score"":null,""strength"":""none"",""observation"":""No C2PA claim or usable origin-bearing metadata was found."",""limitations"":""Metadata can be absent, stripped, or forged; untrusted claims do not establish origin.""}"
/root/autodl-tmp/probe-dinov2-bfree-20261001/data/probe_eval_data/fake_flux/r1c070921t.png,r1c070921t:flux,r1c070921t,1,flux,0,,,,,,,0,,,,,0,0,PNG,1024,1024,0,0,none,none,0,No positive provenance evidence is available; metadata absence or non-origin-bearing tags are inconclusive about origin.,1,0,0.128595,"{""tool"":""ProvenanceInspector"",""evidence_type"":""none"",""verdict"":""inconclusive"",""score"":null,""strength"":""none"",""observation"":""No C2PA claim or usable origin-bearing metadata was found."",""limitations"":""Metadata can be absent, stripped, or forged; untrusted claims do not establish origin.""}"
/root/autodl-tmp/probe-dinov2-bfree-20261001/data/probe_eval_data/fake_sd35/r1c070921t.png,r1c070921t:sd3_5,r1c070921t,1,sd3_5,0,,,,,,,0,,,,,0,0,PNG,1024,1024,0,0,none,none,0,No positive provenance evidence is available; metadata absence or non-origin-bearing tags are inconclusive about origin.,1,0,0.127179,"{""tool"":""ProvenanceInspector"",""evidence_type"":""none"",""verdict"":""inconclusive"",""score"":null,""strength"":""none"",""observation"":""No C2PA claim or usable origin-bearing metadata was found."",""limitations"":""Metadata can be absent, stripped, or forged; untrusted claims do not establish origin.""}"
/root/autodl-tmp/probe-dinov2-bfree-20261001/data/probe_eval_data/real/r08b05c94t.png,r08b05c94t:raise,r08b05c94t,0,raise,0,,,,,,,0,,,,,0,0,PNG,1258,833,0,0,none,none,0,No positive provenance evidence is available; metadata absence or non-origin-bearing tags are inconclusive about origin.,1,0,0.168643,"{""tool"":""ProvenanceInspector"",""evidence_type"":""none"",""verdict"":""inconclusive"",""score"":null,""strength"":""none"",""observation"":""No C2PA claim or usable origin-bearing metadata was found."",""limitations"":""Metadata can be absent, stripped, or forged; untrusted claims do not establish origin.""}"
/root/autodl-tmp/probe-dinov2-bfree-20261001/data/probe_eval_data/fake_flux/r08b05c94t.png,r08b05c94t:flux,r08b05c94t,1,flux,0,,,,,,,0,,,,,0,0,PNG,1024,1024,0,0,none,none,0,No positive provenance evidence is available; metadata absence or non-origin-bearing tags are inconclusive about origin.,1,0,0.124531,"{""tool"":""ProvenanceInspector"",""evidence_type"":""none"",""verdict"":""inconclusive"",""score"":null,""strength"":""none"",""observation"":""No C2PA claim or usable origin-bearing metadata was found."",""limitations"":""Metadata can be absent, stripped, or forged; untrusted claims do not establish origin.""}"
/root/autodl-tmp/probe-dinov2-bfree-20261001/data/probe_eval_data/fake_sd35/r08b05c94t.png,r08b05c94t:sd3_5,r08b05c94t,1,sd3_5,0,,,,,,,0,,,,,0,0,PNG,1024,1024,0,0,none,none,0,No positive provenance evidence is available; metadata absence or non-origin-bearing tags are inconclusive about origin.,1,0,0.102431,"{""tool"":""ProvenanceInspector"",""evidence_type"":""none"",""verdict"":""inconclusive"",""score"":null,""strength"":""none"",""observation"":""No C2PA claim or usable origin-bearing metadata was found."",""limitations"":""Metadata can be absent, stripped, or forged; untrusted claims do not establish origin.""}"
/root/autodl-tmp/probe-dinov2-bfree-20261001/data/probe_eval_data/real/r0ed844b5t.png,r0ed844b5t:raise,r0ed844b5t,0,raise,0,,,,,,,0,,,,,0,0,PNG,833,1258,0,0,none,none,0,No positive provenance evidence is available; metadata absence or non-origin-bearing tags are inconclusive about origin.,1,0,0.147561,"{""tool"":""ProvenanceInspector"",""evidence_type"":""none"",""verdict"":""inconclusive"",""score"":null,""strength"":""none"",""observation"":""No C2PA claim or usable origin-bearing metadata was found."",""limitations"":""Metadata can be absent, stripped, or forged; untrusted claims do not establish origin.""}"
/root/autodl-tmp/probe-dinov2-bfree-20261001/data/probe_eval_data/fake_flux/r0ed844b5t.png,r0ed844b5t:flux,r0ed844b5t,1,flux,0,,,,,,,0,,,,,0,0,PNG,1024,1024,0,0,none,none,0,No positive provenance evidence is available; metadata absence or non-origin-bearing tags are inconclusive about origin.,1,0,0.113324,"{""tool"":""ProvenanceInspector"",""evidence_type"":""none"",""verdict"":""inconclusive"",""score"":null,""strength"":""none"",""observation"":""No C2PA claim or usable origin-bearing metadata was found."",""limitations"":""Metadata can be absent, stripped, or forged; untrusted claims do not establish origin.""}"
/root/autodl-tmp/probe-dinov2-bfree-20261001/data/probe_eval_data/fake_sd35/r0ed844b5t.png,r0ed844b5t:sd3_5,r0ed844b5t,1,sd3_5,0,,,,,,,0,,,,,0,0,PNG,1024,1024,0,0,none,none,0,No positive provenance evidence is available; metadata absence or non-origin-bearing tags are inconclusive about origin.,1,0,0.108365,"{""tool"":""ProvenanceInspector"",""evidence_type"":""none"",""verdict"":""inconclusive"",""score"":null,""strength"":""none"",""observation"":""No C2PA claim or usable origin-bearing metadata was found."",""limitations"":""Metadata can be absent, stripped, or forged; untrusted claims do not establish origin.""}"
/root/autodl-tmp/probe-dinov2-bfree-20261001/data/probe_eval_data/real/r0773471dt.png,r0773471dt:raise,r0773471dt,0,raise,0,,,,,,,0,,,,,0,0,PNG,1258,833,0,0,none,none,0,No positive provenance evidence is available; metadata absence or non-origin-bearing tags are inconclusive about origin.,1,0,0.162721,"{""tool"":""ProvenanceInspector"",""evidence_type"":""none"",""verdict"":""inconclusive"",""score"":null,""strength"":""none"",""observation"":""No C2PA claim or usable origin-bearing metadata was found."",""limitations"":""Metadata can be absent, stripped, or forged; untrusted claims do not establish origin.""}"
/root/autodl-tmp/probe-dinov2-bfree-20261001/data/probe_eval_data/fake_flux/r0773471dt.png,r0773471dt:flux,r0773471dt,1,flux,0,,,,,,,0,,,,,0,0,PNG,1024,1024,0,0,none,none,0,No positive provenance evidence is available; metadata absence or non-origin-bearing tags are inconclusive about origin.,1,0,0.129634,"{""tool"":""ProvenanceInspector"",""evidence_type"":""none"",""verdict"":""inconclusive"",""score"":null,""strength"":""none"",""observation"":""No C2PA claim or usable origin-bearing metadata was found."",""limitations"":""Metadata can be absent, stripped, or forged; untrusted claims do not establish origin.""}"
/root/autodl-tmp/probe-dinov2-bfree-20261001/data/probe_eval_data/fake_sd35/r0773471dt.png,r0773471dt:sd3_5,r0773471dt,1,sd3_5,0,,,,,,,0,,,,,0,0,PNG,1024,1024,0,0,none,none,0,No positive provenance evidence is available; metadata absence or non-origin-bearing tags are inconclusive about origin.,1,0,0.129383,"{""tool"":""ProvenanceInspector"",""evidence_type"":""none"",""verdict"":""inconclusive"",""score"":null,""strength"":""none"",""observation"":""No C2PA claim or usable origin-bearing metadata was found."",""limitations"":""Metadata can be absent, stripped, or forged; untrusted claims do not establish origin.""}"
/root/autodl-tmp/probe-dinov2-bfree-20261001/data/probe_eval_data/real/r1c402787t.png,r1c402787t:raise,r1c402787t,0,raise,0,,,,,,,0,,,,,0,0,PNG,1258,833,0,0,none,none,0,No positive provenance evidence is available; metadata absence or non-origin-bearing tags are inconclusive about origin.,1,0,0.158073,"{""tool"":""ProvenanceInspector"",""evidence_type"":""none"",""verdict"":""inconclusive"",""score"":null,""strength"":""none"",""observation"":""No C2PA claim or usable origin-bearing metadata was found."",""limitations"":""Metadata can be absent, stripped, or forged; untrusted claims do not establish origin.""}"
/root/autodl-tmp/probe-dinov2-bfree-20261001/data/probe_eval_data/fake_flux/r1c402787t.png,r1c402787t:flux,r1c402787t,1,flux,0,,,,,,,0,,,,,0,0,PNG,1024,1024,0,0,none,none,0,No positive provenance evidence is available; metadata absence or non-origin-bearing tags are inconclusive about origin.,1,0,0.132626,"{""tool"":""ProvenanceInspector"",""evidence_type"":""none"",""verdict"":""inconclusive"",""score"":null,""strength"":""none"",""observation"":""No C2PA claim or usable origin-bearing metadata was found."",""limitations"":""Metadata can be absent, stripped, or forged; untrusted claims do not establish origin.""}"
/root/autodl-tmp/probe-dinov2-bfree-20261001/data/probe_eval_data/fake_sd35/r1c402787t.png,r1c402787t:sd3_5,r1c402787t,1,sd3_5,0,,,,,,,0,,,,,0,0,PNG,1024,1024,0,0,none,none,0,No positive provenance evidence is available; metadata absence or non-origin-bearing tags are inconclusive about origin.,1,0,0.133642,"{""tool"":""ProvenanceInspector"",""evidence_type"":""none"",""verdict"":""inconclusive"",""score"":null,""strength"":""none"",""observation"":""No C2PA claim or usable origin-bearing metadata was found."",""limitations"":""Metadata can be absent, stripped, or forged; untrusted claims do not establish origin.""}"
/root/autodl-tmp/probe-dinov2-bfree-20261001/data/probe_eval_data/real/r1743fb6bt.png,r1743fb6bt:raise,r1743fb6bt,0,raise,0,,,,,,,0,,,,,0,0,PNG,1256,835,0,0,none,none,0,No positive provenance evidence is available; metadata absence or non-origin-bearing tags are inconclusive about origin.,1,0,0.149931,"{""tool"":""ProvenanceInspector"",""evidence_type"":""none"",""verdict"":""inconclusive"",""score"":null,""strength"":""none"",""observation"":""No C2PA claim or usable origin-bearing metadata was found."",""limitations"":""Metadata can be absent, stripped, or forged; untrusted claims do not establish origin.""}"
/root/autodl-tmp/probe-dinov2-bfree-20261001/data/probe_eval_data/fake_flux/r1743fb6bt.png,r1743fb6bt:flux,r1743fb6bt,1,flux,0,,,,,,,0,,,,,0,0,PNG,1024,1024,0,0,none,none,0,No positive provenance evidence is available; metadata absence or non-origin-bearing tags are inconclusive about origin.,1,0,0.110904,"{""tool"":""ProvenanceInspector"",""evidence_type"":""none"",""verdict"":""inconclusive"",""score"":null,""strength"":""none"",""observation"":""No C2PA claim or usable origin-bearing metadata was found."",""limitations"":""Metadata can be absent, stripped, or forged; untrusted claims do not establish origin.""}"
/root/autodl-tmp/probe-dinov2-bfree-20261001/data/probe_eval_data/fake_sd35/r1743fb6bt.png,r1743fb6bt:sd3_5,r1743fb6bt,1,sd3_5,0,,,,,,,0,,,,,0,0,PNG,1024,1024,0,0,none,none,0,No positive provenance evidence is available; metadata absence or non-origin-bearing tags are inconclusive about origin.,1,0,0.127414,"{""tool"":""ProvenanceInspector"",""evidence_type"":""none"",""verdict"":""inconclusive"",""score"":null,""strength"":""none"",""observation"":""No C2PA claim or usable origin-bearing metadata was found."",""limitations"":""Metadata can be absent, stripped, or forged; untrusted claims do not establish origin.""}"
/root/autodl-tmp/probe-dinov2-bfree-20261001/data/probe_eval_data/real/r1a2d8b02t.png,r1a2d8b02t:raise,r1a2d8b02t,0,raise,0,,,,,,,0,,,,,0,0,PNG,1256,835,0,0,none,none,0,No positive provenance evidence is available; metadata absence or non-origin-bearing tags are inconclusive about origin.,1,0,0.159133,"{""tool"":""ProvenanceInspector"",""evidence_type"":""none"",""verdict"":""inconclusive"",""score"":null,""strength"":""none"",""observation"":""No C2PA claim or usable origin-bearing metadata was found."",""limitations"":""Metadata can be absent, stripped, or forged; untrusted claims do not establish origin.""}"
/root/autodl-tmp/probe-dinov2-bfree-20261001/data/probe_eval_data/fake_flux/r1a2d8b02t.png,r1a2d8b02t:flux,r1a2d8b02t,1,flux,0,,,,,,,0,,,,,0,0,PNG,1024,1024,0,0,none,none,0,No positive provenance evidence is available; metadata absence or non-origin-bearing tags are inconclusive about origin.,1,0,0.130548,"{""tool"":""ProvenanceInspector"",""evidence_type"":""none"",""verdict"":""inconclusive"",""score"":null,""strength"":""none"",""observation"":""No C2PA claim or usable origin-bearing metadata was found."",""limitations"":""Metadata can be absent, stripped, or forged; untrusted claims do not establish origin.""}"
/root/autodl-tmp/probe-dinov2-bfree-20261001/data/probe_eval_data/fake_sd35/r1a2d8b02t.png,r1a2d8b02t:sd3_5,r1a2d8b02t,1,sd3_5,0,,,,,,,0,,,,,0,0,PNG,1024,1024,0,0,none,none,0,No positive provenance evidence is available; metadata absence or non-origin-bearing tags are inconclusive about origin.,1,0,0.133082,"{""tool"":""ProvenanceInspector"",""evidence_type"":""none"",""verdict"":""inconclusive"",""score"":null,""strength"":""none"",""observation"":""No C2PA claim or usable origin-bearing metadata was found."",""limitations"":""Metadata can be absent, stripped, or forged; untrusted claims do not establish origin.""}"
/root/autodl-tmp/probe-dinov2-bfree-20261001/data/probe_eval_data/real/r07d5eb94t.png,r07d5eb94t:raise,r07d5eb94t,0,raise,0,,,,,,,0,,,,,0,0,PNG,1258,833,0,0,none,none,0,No positive provenance evidence is available; metadata absence or non-origin-bearing tags are inconclusive about origin.,1,0,0.164354,"{""tool"":""ProvenanceInspector"",""evidence_type"":""none"",""verdict"":""inconclusive"",""score"":null,""strength"":""none"",""observation"":""No C2PA claim or usable origin-bearing metadata was found."",""limitations"":""Metadata can be absent, stripped, or forged; untrusted claims do not establish origin.""}"
/root/autodl-tmp/probe-dinov2-bfree-20261001/data/probe_eval_data/fake_flux/r07d5eb94t.png,r07d5eb94t:flux,r07d5eb94t,1,flux,0,,,,,,,0,,,,,0,0,PNG,1024,1024,0,0,none,none,0,No positive provenance evidence is available; metadata absence or non-origin-bearing tags are inconclusive about origin.,1,0,0.127104,"{""tool"":""ProvenanceInspector"",""evidence_type"":""none"",""verdict"":""inconclusive"",""score"":null,""strength"":""none"",""observation"":""No C2PA claim or usable origin-bearing metadata was found."",""limitations"":""Metadata can be absent, stripped, or forged; untrusted claims do not establish origin.""}"
/root/autodl-tmp/probe-dinov2-bfree-20261001/data/probe_eval_data/fake_sd35/r07d5eb94t.png,r07d5eb94t:sd3_5,r07d5eb94t,1,sd3_5,0,,,,,,,0,,,,,0,0,PNG,1024,1024,0,0,none,none,0,No positive provenance evidence is available; metadata absence or non-origin-bearing tags are inconclusive about origin.,1,0,0.136223,"{""tool"":""ProvenanceInspector"",""evidence_type"":""none"",""verdict"":""inconclusive"",""score"":null,""strength"":""none"",""observation"":""No C2PA claim or usable origin-bearing metadata was found."",""limitations"":""Metadata can be absent, stripped, or forged; untrusted claims do not establish origin.""}"
/root/autodl-tmp/probe-dinov2-bfree-20261001/data/probe_eval_data/real/r0f91c753t.png,r0f91c753t:raise,r0f91c753t,0,raise,0,,,,,,,0,,,,,0,0,PNG,833,1258,0,0,none,none,0,No positive provenance evidence is available; metadata absence or non-origin-bearing tags are inconclusive about origin.,1,0,0.162505,"{""tool"":""ProvenanceInspector"",""evidence_type"":""none"",""verdict"":""inconclusive"",""score"":null,""strength"":""none"",""observation"":""No C2PA claim or usable origin-bearing metadata was found."",""limitations"":""Metadata can be absent, stripped, or forged; untrusted claims do not establish origin.""}"
/root/autodl-tmp/probe-dinov2-bfree-20261001/data/probe_eval_data/fake_flux/r0f91c753t.png,r0f91c753t:flux,r0f91c753t,1,flux,0,,,,,,,0,,,,,0,0,PNG,1024,1024,0,0,none,none,0,No positive provenance evidence is available; metadata absence or non-origin-bearing tags are inconclusive about origin.,1,0,0.13244,"{""tool"":""ProvenanceInspector"",""evidence_type"":""none"",""verdict"":""inconclusive"",""score"":null,""strength"":""none"",""observation"":""No C2PA claim or usable origin-bearing metadata was found."",""limitations"":""Metadata can be absent, stripped, or forged; untrusted claims do not establish origin.""}"
/root/autodl-tmp/probe-dinov2-bfree-20261001/data/probe_eval_data/fake_sd35/r0f91c753t.png,r0f91c753t:sd3_5,r0f91c753t,1,sd3_5,0,,,,,,,0,,,,,0,0,PNG,1024,1024,0,0,none,none,0,No positive provenance evidence is available; metadata absence or non-origin-bearing tags are inconclusive about origin.,1,0,0.128296,"{""tool"":""ProvenanceInspector"",""evidence_type"":""none"",""verdict"":""inconclusive"",""score"":null,""strength"":""none"",""observation"":""No C2PA claim or usable origin-bearing metadata was found."",""limitations"":""Metadata can be absent, stripped, or forged; untrusted claims do not establish origin.""}"
/root/autodl-tmp/probe-dinov2-bfree-20261001/data/probe_eval_data/real/r0eba1984t.png,r0eba1984t:raise,r0eba1984t,0,raise,0,,,,,,,0,,,,,0,0,PNG,1258,833,0,0,none,none,0,No positive provenance evidence is available; metadata absence or non-origin-bearing tags are inconclusive about origin.,1,0,0.135785,"{""tool"":""ProvenanceInspector"",""evidence_type"":""none"",""verdict"":""inconclusive"",""score"":null,""strength"":""none"",""observation"":""No C2PA claim or usable origin-bearing metadata was found."",""limitations"":""Metadata can be absent, stripped, or forged; untrusted claims do not establish origin.""}"
/root/autodl-tmp/probe-dinov2-bfree-20261001/data/probe_eval_data/fake_flux/r0eba1984t.png,r0eba1984t:flux,r0eba1984t,1,flux,0,,,,,,,0,,,,,0,0,PNG,1024,1024,0,0,none,none,0,No positive provenance evidence is available; metadata absence or non-origin-bearing tags are inconclusive about origin.,1,0,0.129587,"{""tool"":""ProvenanceInspector"",""evidence_type"":""none"",""verdict"":""inconclusive"",""score"":null,""strength"":""none"",""observation"":""No C2PA claim or usable origin-bearing metadata was found."",""limitations"":""Metadata can be absent, stripped, or forged; untrusted claims do not establish origin.""}"
/root/autodl-tmp/probe-dinov2-bfree-20261001/data/probe_eval_data/fake_sd35/r0eba1984t.png,r0eba1984t:sd3_5,r0eba1984t,1,sd3_5,0,,,,,,,0,,,,,0,0,PNG,1024,1024,0,0,none,none,0,No positive provenance evidence is available; metadata absence or non-origin-bearing tags are inconclusive about origin.,1,0,0.120837,"{""tool"":""ProvenanceInspector"",""evidence_type"":""none"",""verdict"":""inconclusive"",""score"":null,""strength"":""none"",""observation"":""No C2PA claim or usable origin-bearing metadata was found."",""limitations"":""Metadata can be absent, stripped, or forged; untrusted claims do not establish origin.""}"
/root/autodl-tmp/probe-dinov2-bfree-20261001/data/probe_eval_data/real/r09c8e042t.png,r09c8e042t:raise,r09c8e042t,0,raise,0,,,,,,,0,,,,,0,0,PNG,1258,833,0,0,none,none,0,No positive provenance evidence is available; metadata absence or non-origin-bearing tags are inconclusive about origin.,1,0,0.179664,"{""tool"":""ProvenanceInspector"",""evidence_type"":""none"",""verdict"":""inconclusive"",""score"":null,""strength"":""none"",""observation"":""No C2PA claim or usable origin-bearing metadata was found."",""limitations"":""Metadata can be absent, stripped, or forged; untrusted claims do not establish origin.""}"
/root/autodl-tmp/probe-dinov2-bfree-20261001/data/probe_eval_data/fake_flux/r09c8e042t.png,r09c8e042t:flux,r09c8e042t,1,flux,0,,,,,,,0,,,,,0,0,PNG,1024,1024,0,0,none,none,0,No positive provenance evidence is available; metadata absence or non-origin-bearing tags are inconclusive about origin.,1,0,0.120426,"{""tool"":""ProvenanceInspector"",""evidence_type"":""none"",""verdict"":""inconclusive"",""score"":null,""strength"":""none"",""observation"":""No C2PA claim or usable origin-bearing metadata was found."",""limitations"":""Metadata can be absent, stripped, or forged; untrusted claims do not establish origin.""}"
/root/autodl-tmp/probe-dinov2-bfree-20261001/data/probe_eval_data/fake_sd35/r09c8e042t.png,r09c8e042t:sd3_5,r09c8e042t,1,sd3_5,0,,,,,,,0,,,,,0,0,PNG,1024,1024,0,0,none,none,0,No positive provenance evidence is available; metadata absence or non-origin-bearing tags are inconclusive about origin.,1,0,0.121596,"{""tool"":""ProvenanceInspector"",""evidence_type"":""none"",""verdict"":""inconclusive"",""score"":null,""strength"":""none"",""observation"":""No C2PA claim or usable origin-bearing metadata was found."",""limitations"":""Metadata can be absent, stripped, or forged; untrusted claims do not establish origin.""}"
/root/autodl-tmp/probe-dinov2-bfree-20261001/data/probe_eval_data/real/r1ced1907t.png,r1ced1907t:raise,r1ced1907t,0,raise,0,,,,,,,0,,,,,0,0,PNG,833,1258,0,0,none,none,0,No positive provenance evidence is available; metadata absence or non-origin-bearing tags are inconclusive about origin.,1,0,0.152592,"{""tool"":""ProvenanceInspector"",""evidence_type"":""none"",""verdict"":""inconclusive"",""score"":null,""strength"":""none"",""observation"":""No C2PA claim or usable origin-bearing metadata was found."",""limitations"":""Metadata can be absent, stripped, or forged; untrusted claims do not establish origin.""}"
/root/autodl-tmp/probe-dinov2-bfree-20261001/data/probe_eval_data/fake_flux/r1ced1907t.png,r1ced1907t:flux,r1ced1907t,1,flux,0,,,,,,,0,,,,,0,0,PNG,1024,1024,0,0,none,none,0,No positive provenance evidence is available; metadata absence or non-origin-bearing tags are inconclusive about origin.,1,0,0.125731,"{""tool"":""ProvenanceInspector"",""evidence_type"":""none"",""verdict"":""inconclusive"",""score"":null,""strength"":""none"",""observation"":""No C2PA claim or usable origin-bearing metadata was found."",""limitations"":""Metadata can be absent, stripped, or forged; untrusted claims do not establish origin.""}"
/root/autodl-tmp/probe-dinov2-bfree-20261001/data/probe_eval_data/fake_sd35/r1ced1907t.png,r1ced1907t:sd3_5,r1ced1907t,1,sd3_5,0,,,,,,,0,,,,,0,0,PNG,1024,1024,0,0,none,none,0,No positive provenance evidence is available; metadata absence or non-origin-bearing tags are inconclusive about origin.,1,0,0.127828,"{""tool"":""ProvenanceInspector"",""evidence_type"":""none"",""verdict"":""inconclusive"",""score"":null,""strength"":""none"",""observation"":""No C2PA claim or usable origin-bearing metadata was found."",""limitations"":""Metadata can be absent, stripped, or forged; untrusted claims do not establish origin.""}"
/root/autodl-tmp/probe-dinov2-bfree-20261001/data/probe_eval_data/real/r15a0b476t.png,r15a0b476t:raise,r15a0b476t,0,raise,0,,,,,,,0,,,,,0,0,PNG,1258,833,0,0,none,none,0,No positive provenance evidence is available; metadata absence or non-origin-bearing tags are inconclusive about origin.,1,0,0.159806,"{""tool"":""ProvenanceInspector"",""evidence_type"":""none"",""verdict"":""inconclusive"",""score"":null,""strength"":""none"",""observation"":""No C2PA claim or usable origin-bearing metadata was found."",""limitations"":""Metadata can be absent, stripped, or forged; untrusted claims do not establish origin.""}"
/root/autodl-tmp/probe-dinov2-bfree-20261001/data/probe_eval_data/fake_flux/r15a0b476t.png,r15a0b476t:flux,r15a0b476t,1,flux,0,,,,,,,0,,,,,0,0,PNG,1024,1024,0,0,none,none,0,No positive provenance evidence is available; metadata absence or non-origin-bearing tags are inconclusive about origin.,1,0,0.125831,"{""tool"":""ProvenanceInspector"",""evidence_type"":""none"",""verdict"":""inconclusive"",""score"":null,""strength"":""none"",""observation"":""No C2PA claim or usable origin-bearing metadata was found."",""limitations"":""Metadata can be absent, stripped, or forged; untrusted claims do not establish origin.""}"
/root/autodl-tmp/probe-dinov2-bfree-20261001/data/probe_eval_data/fake_sd35/r15a0b476t.png,r15a0b476t:sd3_5,r15a0b476t,1,sd3_5,0,,,,,,,0,,,,,0,0,PNG,1024,1024,0,0,none,none,0,No positive provenance evidence is available; metadata absence or non-origin-bearing tags are inconclusive about origin.,1,0,0.162104,"{""tool"":""ProvenanceInspector"",""evidence_type"":""none"",""verdict"":""inconclusive"",""score"":null,""strength"":""none"",""observation"":""No C2PA claim or usable origin-bearing metadata was found."",""limitations"":""Metadata can be absent, stripped, or forged; untrusted claims do not establish origin.""}"
/root/autodl-tmp/probe-dinov2-bfree-20261001/data/probe_eval_data/real/r0670f47ft.png,r0670f47ft:raise,r0670f47ft,0,raise,0,,,,,,,0,,,,,0,0,PNG,835,1256,0,0,none,none,0,No positive provenance evidence is available; metadata absence or non-origin-bearing tags are inconclusive about origin.,1,0,0.159519,"{""tool"":""ProvenanceInspector"",""evidence_type"":""none"",""verdict"":""inconclusive"",""score"":null,""strength"":""none"",""observation"":""No C2PA claim or usable origin-bearing metadata was found."",""limitations"":""Metadata can be absent, stripped, or forged; untrusted claims do not establish origin.""}"
/root/autodl-tmp/probe-dinov2-bfree-20261001/data/probe_eval_data/fake_flux/r0670f47ft.png,r0670f47ft:flux,r0670f47ft,1,flux,0,,,,,,,0,,,,,0,0,PNG,1024,1024,0,0,none,none,0,No positive provenance evidence is available; metadata absence or non-origin-bearing tags are inconclusive about origin.,1,0,0.138158,"{""tool"":""ProvenanceInspector"",""evidence_type"":""none"",""verdict"":""inconclusive"",""score"":null,""strength"":""none"",""observation"":""No C2PA claim or usable origin-bearing metadata was found."",""limitations"":""Metadata can be absent, stripped, or forged; untrusted claims do not establish origin.""}"
/root/autodl-tmp/probe-dinov2-bfree-20261001/data/probe_eval_data/fake_sd35/r0670f47ft.png,r0670f47ft:sd3_5,r0670f47ft,1,sd3_5,0,,,,,,,0,,,,,0,0,PNG,1024,1024,0,0,none,none,0,No positive provenance evidence is available; metadata absence or non-origin-bearing tags are inconclusive about origin.,1,0,0.130442,"{""tool"":""ProvenanceInspector"",""evidence_type"":""none"",""verdict"":""inconclusive"",""score"":null,""strength"":""none"",""observation"":""No C2PA claim or usable origin-bearing metadata was found."",""limitations"":""Metadata can be absent, stripped, or forged; untrusted claims do not establish origin.""}"
/root/autodl-tmp/probe-dinov2-bfree-20261001/data/probe_eval_data/real/r1cc0e4e1t.png,r1cc0e4e1t:raise,r1cc0e4e1t,0,raise,0,,,,,,,0,,,,,0,0,PNG,1258,833,0,0,none,none,0,No positive provenance evidence is available; metadata absence or non-origin-bearing tags are inconclusive about origin.,1,0,0.160837,"{""tool"":""ProvenanceInspector"",""evidence_type"":""none"",""verdict"":""inconclusive"",""score"":null,""strength"":""none"",""observation"":""No C2PA claim or usable origin-bearing metadata was found."",""limitations"":""Metadata can be absent, stripped, or forged; untrusted claims do not establish origin.""}"
/root/autodl-tmp/probe-dinov2-bfree-20261001/data/probe_eval_data/fake_flux/r1cc0e4e1t.png,r1cc0e4e1t:flux,r1cc0e4e1t,1,flux,0,,,,,,,0,,,,,0,0,PNG,1024,1024,0,0,none,none,0,No positive provenance evidence is available; metadata absence or non-origin-bearing tags are inconclusive about origin.,1,0,0.141296,"{""tool"":""ProvenanceInspector"",""evidence_type"":""none"",""verdict"":""inconclusive"",""score"":null,""strength"":""none"",""observation"":""No C2PA claim or usable origin-bearing metadata was found."",""limitations"":""Metadata can be absent, stripped, or forged; untrusted claims do not establish origin.""}"
/root/autodl-tmp/probe-dinov2-bfree-20261001/data/probe_eval_data/fake_sd35/r1cc0e4e1t.png,r1cc0e4e1t:sd3_5,r1cc0e4e1t,1,sd3_5,0,,,,,,,0,,,,,0,0,PNG,1024,1024,0,0,none,none,0,No positive provenance evidence is available; metadata absence or non-origin-bearing tags are inconclusive about origin.,1,0,0.130405,"{""tool"":""ProvenanceInspector"",""evidence_type"":""none"",""verdict"":""inconclusive"",""score"":null,""strength"":""none"",""observation"":""No C2PA claim or usable origin-bearing metadata was found."",""limitations"":""Metadata can be absent, stripped, or forged; untrusted claims do not establish origin.""}"
/root/autodl-tmp/probe-dinov2-bfree-20261001/data/probe_eval_data/real/r1c243af7t.png,r1c243af7t:raise,r1c243af7t,0,raise,0,,,,,,,0,,,,,0,0,PNG,1258,833,0,0,none,none,0,No positive provenance evidence is available; metadata absence or non-origin-bearing tags are inconclusive about origin.,1,0,0.142157,"{""tool"":""ProvenanceInspector"",""evidence_type"":""none"",""verdict"":""inconclusive"",""score"":null,""strength"":""none"",""observation"":""No C2PA claim or usable origin-bearing metadata was found."",""limitations"":""Metadata can be absent, stripped, or forged; untrusted claims do not establish origin.""}"
/root/autodl-tmp/probe-dinov2-bfree-20261001/data/probe_eval_data/fake_flux/r1c243af7t.png,r1c243af7t:flux,r1c243af7t,1,flux,0,,,,,,,0,,,,,0,0,PNG,1024,1024,0,0,none,none,0,No positive provenance evidence is available; metadata absence or non-origin-bearing tags are inconclusive about origin.,1,0,0.132416,"{""tool"":""ProvenanceInspector"",""evidence_type"":""none"",""verdict"":""inconclusive"",""score"":null,""strength"":""none"",""observation"":""No C2PA claim or usable origin-bearing metadata was found."",""limitations"":""Metadata can be absent, stripped, or forged; untrusted claims do not establish origin.""}"
/root/autodl-tmp/probe-dinov2-bfree-20261001/data/probe_eval_data/fake_sd35/r1c243af7t.png,r1c243af7t:sd3_5,r1c243af7t,1,sd3_5,0,,,,,,,0,,,,,0,0,PNG,1024,1024,0,0,none,none,0,No positive provenance evidence is available; metadata absence or non-origin-bearing tags are inconclusive about origin.,1,0,0.131025,"{""tool"":""ProvenanceInspector"",""evidence_type"":""none"",""verdict"":""inconclusive"",""score"":null,""strength"":""none"",""observation"":""No C2PA claim or usable origin-bearing metadata was found."",""limitations"":""Metadata can be absent, stripped, or forged; untrusted claims do not establish origin.""}"
/root/autodl-tmp/probe-dinov2-bfree-20261001/data/probe_eval_data/real/r0f5475b5t.png,r0f5475b5t:raise,r0f5475b5t,0,raise,0,,,,,,,0,,,,,0,0,PNG,833,1258,0,0,none,none,0,No positive provenance evidence is available; metadata absence or non-origin-bearing tags are inconclusive about origin.,1,0,0.186798,"{""tool"":""ProvenanceInspector"",""evidence_type"":""none"",""verdict"":""inconclusive"",""score"":null,""strength"":""none"",""observation"":""No C2PA claim or usable origin-bearing metadata was found."",""limitations"":""Metadata can be absent, stripped, or forged; untrusted claims do not establish origin.""}"
/root/autodl-tmp/probe-dinov2-bfree-20261001/data/probe_eval_data/fake_flux/r0f5475b5t.png,r0f5475b5t:flux,r0f5475b5t,1,flux,0,,,,,,,0,,,,,0,0,PNG,1024,1024,0,0,none,none,0,No positive provenance evidence is available; metadata absence or non-origin-bearing tags are inconclusive about origin.,1,0,0.113479,"{""tool"":""ProvenanceInspector"",""evidence_type"":""none"",""verdict"":""inconclusive"",""score"":null,""strength"":""none"",""observation"":""No C2PA claim or usable origin-bearing metadata was found."",""limitations"":""Metadata can be absent, stripped, or forged; untrusted claims do not establish origin.""}"
/root/autodl-tmp/probe-dinov2-bfree-20261001/data/probe_eval_data/fake_sd35/r0f5475b5t.png,r0f5475b5t:sd3_5,r0f5475b5t,1,sd3_5,0,,,,,,,0,,,,,0,0,PNG,1024,1024,0,0,none,none,0,No positive provenance evidence is available; metadata absence or non-origin-bearing tags are inconclusive about origin.,1,0,0.136636,"{""tool"":""ProvenanceInspector"",""evidence_type"":""none"",""verdict"":""inconclusive"",""score"":null,""strength"":""none"",""observation"":""No C2PA claim or usable origin-bearing metadata was found."",""limitations"":""Metadata can be absent, stripped, or forged; untrusted claims do not establish origin.""}"
/root/autodl-tmp/probe-dinov2-bfree-20261001/data/probe_eval_data/real/r01a5f38at.png,r01a5f38at:raise,r01a5f38at,0,raise,0,,,,,,,0,,,,,0,0,PNG,1256,835,0,0,none,none,0,No positive provenance evidence is available; metadata absence or non-origin-bearing tags are inconclusive about origin.,1,0,0.151254,"{""tool"":""ProvenanceInspector"",""evidence_type"":""none"",""verdict"":""inconclusive"",""score"":null,""strength"":""none"",""observation"":""No C2PA claim or usable origin-bearing metadata was found."",""limitations"":""Metadata can be absent, stripped, or forged; untrusted claims do not establish origin.""}"
/root/autodl-tmp/probe-dinov2-bfree-20261001/data/probe_eval_data/fake_flux/r01a5f38at.png,r01a5f38at:flux,r01a5f38at,1,flux,0,,,,,,,0,,,,,0,0,PNG,1024,1024,0,0,none,none,0,No positive provenance evidence is available; metadata absence or non-origin-bearing tags are inconclusive about origin.,1,0,0.132442,"{""tool"":""ProvenanceInspector"",""evidence_type"":""none"",""verdict"":""inconclusive"",""score"":null,""strength"":""none"",""observation"":""No C2PA claim or usable origin-bearing metadata was found."",""limitations"":""Metadata can be absent, stripped, or forged; untrusted claims do not establish origin.""}"
/root/autodl-tmp/probe-dinov2-bfree-20261001/data/probe_eval_data/fake_sd35/r01a5f38at.png,r01a5f38at:sd3_5,r01a5f38at,1,sd3_5,0,,,,,,,0,,,,,0,0,PNG,1024,1024,0,0,none,none,0,No positive provenance evidence is available; metadata absence or non-origin-bearing tags are inconclusive about origin.,1,0,0.128799,"{""tool"":""ProvenanceInspector"",""evidence_type"":""none"",""verdict"":""inconclusive"",""score"":null,""strength"":""none"",""observation"":""No C2PA claim or usable origin-bearing metadata was found."",""limitations"":""Metadata can be absent, stripped, or forged; untrusted claims do not establish origin.""}"
/root/autodl-tmp/probe-dinov2-bfree-20261001/data/probe_eval_data/real/r06cad2d6t.png,r06cad2d6t:raise,r06cad2d6t,0,raise,0,,,,,,,0,,,,,0,0,PNG,1258,833,0,0,none,none,0,No positive provenance evidence is available; metadata absence or non-origin-bearing tags are inconclusive about origin.,1,0,0.160609,"{""tool"":""ProvenanceInspector"",""evidence_type"":""none"",""verdict"":""inconclusive"",""score"":null,""strength"":""none"",""observation"":""No C2PA claim or usable origin-bearing metadata was found."",""limitations"":""Metadata can be absent, stripped, or forged; untrusted claims do not establish origin.""}"
/root/autodl-tmp/probe-dinov2-bfree-20261001/data/probe_eval_data/fake_flux/r06cad2d6t.png,r06cad2d6t:flux,r06cad2d6t,1,flux,0,,,,,,,0,,,,,0,0,PNG,1024,1024,0,0,none,none,0,No positive provenance evidence is available; metadata absence or non-origin-bearing tags are inconclusive about origin.,1,0,0.122344,"{""tool"":""ProvenanceInspector"",""evidence_type"":""none"",""verdict"":""inconclusive"",""score"":null,""strength"":""none"",""observation"":""No C2PA claim or usable origin-bearing metadata was found."",""limitations"":""Metadata can be absent, stripped, or forged; untrusted claims do not establish origin.""}"
/root/autodl-tmp/probe-dinov2-bfree-20261001/data/probe_eval_data/fake_sd35/r06cad2d6t.png,r06cad2d6t:sd3_5,r06cad2d6t,1,sd3_5,0,,,,,,,0,,,,,0,0,PNG,1024,1024,0,0,none,none,0,No positive provenance evidence is available; metadata absence or non-origin-bearing tags are inconclusive about origin.,1,0,0.12495,"{""tool"":""ProvenanceInspector"",""evidence_type"":""none"",""verdict"":""inconclusive"",""score"":null,""strength"":""none"",""observation"":""No C2PA claim or usable origin-bearing metadata was found."",""limitations"":""Metadata can be absent, stripped, or forged; untrusted claims do not establish origin.""}"
/root/autodl-tmp/probe-dinov2-bfree-20261001/data/probe_eval_data/real/r13b5b161t.png,r13b5b161t:raise,r13b5b161t,0,raise,0,,,,,,,0,,,,,0,0,PNG,1258,833,0,0,none,none,0,No positive provenance evidence is available; metadata absence or non-origin-bearing tags are inconclusive about origin.,1,0,0.151177,"{""tool"":""ProvenanceInspector"",""evidence_type"":""none"",""verdict"":""inconclusive"",""score"":null,""strength"":""none"",""observation"":""No C2PA claim or usable origin-bearing metadata was found."",""limitations"":""Metadata can be absent, stripped, or forged; untrusted claims do not establish origin.""}"
/root/autodl-tmp/probe-dinov2-bfree-20261001/data/probe_eval_data/fake_flux/r13b5b161t.png,r13b5b161t:flux,r13b5b161t,1,flux,0,,,,,,,0,,,,,0,0,PNG,1024,1024,0,0,none,none,0,No positive provenance evidence is available; metadata absence or non-origin-bearing tags are inconclusive about origin.,1,0,0.131185,"{""tool"":""ProvenanceInspector"",""evidence_type"":""none"",""verdict"":""inconclusive"",""score"":null,""strength"":""none"",""observation"":""No C2PA claim or usable origin-bearing metadata was found."",""limitations"":""Metadata can be absent, stripped, or forged; untrusted claims do not establish origin.""}"
/root/autodl-tmp/probe-dinov2-bfree-20261001/data/probe_eval_data/fake_sd35/r13b5b161t.png,r13b5b161t:sd3_5,r13b5b161t,1,sd3_5,0,,,,,,,0,,,,,0,0,PNG,1024,1024,0,0,none,none,0,No positive provenance evidence is available; metadata absence or non-origin-bearing tags are inconclusive about origin.,1,0,0.132071,"{""tool"":""ProvenanceInspector"",""evidence_type"":""none"",""verdict"":""inconclusive"",""score"":null,""strength"":""none"",""observation"":""No C2PA claim or usable origin-bearing metadata was found."",""limitations"":""Metadata can be absent, stripped, or forged; untrusted claims do not establish origin.""}"
/root/autodl-tmp/probe-dinov2-bfree-20261001/data/probe_eval_data/real/r02a0839et.png,r02a0839et:raise,r02a0839et,0,raise,0,,,,,,,0,,,,,0,0,PNG,833,1258,0,0,none,none,0,No positive provenance evidence is available; metadata absence or non-origin-bearing tags are inconclusive about origin.,1,0,0.154661,"{""tool"":""ProvenanceInspector"",""evidence_type"":""none"",""verdict"":""inconclusive"",""score"":null,""strength"":""none"",""observation"":""No C2PA claim or usable origin-bearing metadata was found."",""limitations"":""Metadata can be absent, stripped, or forged; untrusted claims do not establish origin.""}"
/root/autodl-tmp/probe-dinov2-bfree-20261001/data/probe_eval_data/fake_flux/r02a0839et.png,r02a0839et:flux,r02a0839et,1,flux,0,,,,,,,0,,,,,0,0,PNG,1024,1024,0,0,none,none,0,No positive provenance evidence is available; metadata absence or non-origin-bearing tags are inconclusive about origin.,1,0,0.148566,"{""tool"":""ProvenanceInspector"",""evidence_type"":""none"",""verdict"":""inconclusive"",""score"":null,""strength"":""none"",""observation"":""No C2PA claim or usable origin-bearing metadata was found."",""limitations"":""Metadata can be absent, stripped, or forged; untrusted claims do not establish origin.""}"
/root/autodl-tmp/probe-dinov2-bfree-20261001/data/probe_eval_data/fake_sd35/r02a0839et.png,r02a0839et:sd3_5,r02a0839et,1,sd3_5,0,,,,,,,0,,,,,0,0,PNG,1024,1024,0,0,none,none,0,No positive provenance evidence is available; metadata absence or non-origin-bearing tags are inconclusive about origin.,1,0,0.139059,"{""tool"":""ProvenanceInspector"",""evidence_type"":""none"",""verdict"":""inconclusive"",""score"":null,""strength"":""none"",""observation"":""No C2PA claim or usable origin-bearing metadata was found."",""limitations"":""Metadata can be absent, stripped, or forged; untrusted claims do not establish origin.""}"
/root/autodl-tmp/probe-dinov2-bfree-20261001/data/probe_eval_data/real/r12cebbd2t.png,r12cebbd2t:raise,r12cebbd2t,0,raise,0,,,,,,,0,,,,,0,0,PNG,833,1258,0,0,none,none,0,No positive provenance evidence is available; metadata absence or non-origin-bearing tags are inconclusive about origin.,1,0,0.158293,"{""tool"":""ProvenanceInspector"",""evidence_type"":""none"",""verdict"":""inconclusive"",""score"":null,""strength"":""none"",""observation"":""No C2PA claim or usable origin-bearing metadata was found."",""limitations"":""Metadata can be absent, stripped, or forged; untrusted claims do not establish origin.""}"
/root/autodl-tmp/probe-dinov2-bfree-20261001/data/probe_eval_data/fake_flux/r12cebbd2t.png,r12cebbd2t:flux,r12cebbd2t,1,flux,0,,,,,,,0,,,,,0,0,PNG,1024,1024,0,0,none,none,0,No positive provenance evidence is available; metadata absence or non-origin-bearing tags are inconclusive about origin.,1,0,0.136374,"{""tool"":""ProvenanceInspector"",""evidence_type"":""none"",""verdict"":""inconclusive"",""score"":null,""strength"":""none"",""observation"":""No C2PA claim or usable origin-bearing metadata was found."",""limitations"":""Metadata can be absent, stripped, or forged; untrusted claims do not establish origin.""}"
/root/autodl-tmp/probe-dinov2-bfree-20261001/data/probe_eval_data/fake_sd35/r12cebbd2t.png,r12cebbd2t:sd3_5,r12cebbd2t,1,sd3_5,0,,,,,,,0,,,,,0,0,PNG,1024,1024,0,0,none,none,0,No positive provenance evidence is available; metadata absence or non-origin-bearing tags are inconclusive about origin.,1,0,0.111206,"{""tool"":""ProvenanceInspector"",""evidence_type"":""none"",""verdict"":""inconclusive"",""score"":null,""strength"":""none"",""observation"":""No C2PA claim or usable origin-bearing metadata was found."",""limitations"":""Metadata can be absent, stripped, or forged; untrusted claims do not establish origin.""}"
/root/autodl-tmp/probe-dinov2-bfree-20261001/data/probe_eval_data/real/r06743f8ft.png,r06743f8ft:raise,r06743f8ft,0,raise,0,,,,,,,0,,,,,0,0,PNG,833,1258,0,0,none,none,0,No positive provenance evidence is available; metadata absence or non-origin-bearing tags are inconclusive about origin.,1,0,0.156462,"{""tool"":""ProvenanceInspector"",""evidence_type"":""none"",""verdict"":""inconclusive"",""score"":null,""strength"":""none"",""observation"":""No C2PA claim or usable origin-bearing metadata was found."",""limitations"":""Metadata can be absent, stripped, or forged; untrusted claims do not establish origin.""}"
/root/autodl-tmp/probe-dinov2-bfree-20261001/data/probe_eval_data/fake_flux/r06743f8ft.png,r06743f8ft:flux,r06743f8ft,1,flux,0,,,,,,,0,,,,,0,0,PNG,1024,1024,0,0,none,none,0,No positive provenance evidence is available; metadata absence or non-origin-bearing tags are inconclusive about origin.,1,0,0.12907,"{""tool"":""ProvenanceInspector"",""evidence_type"":""none"",""verdict"":""inconclusive"",""score"":null,""strength"":""none"",""observation"":""No C2PA claim or usable origin-bearing metadata was found."",""limitations"":""Metadata can be absent, stripped, or forged; untrusted claims do not establish origin.""}"
/root/autodl-tmp/probe-dinov2-bfree-20261001/data/probe_eval_data/fake_sd35/r06743f8ft.png,r06743f8ft:sd3_5,r06743f8ft,1,sd3_5,0,,,,,,,0,,,,,0,0,PNG,1024,1024,0,0,none,none,0,No positive provenance evidence is available; metadata absence or non-origin-bearing tags are inconclusive about origin.,1,0,0.116466,"{""tool"":""ProvenanceInspector"",""evidence_type"":""none"",""verdict"":""inconclusive"",""score"":null,""strength"":""none"",""observation"":""No C2PA claim or usable origin-bearing metadata was found."",""limitations"":""Metadata can be absent, stripped, or forged; untrusted claims do not establish origin.""}"
/root/autodl-tmp/probe-dinov2-bfree-20261001/data/probe_eval_data/real/r03f70ccdt.png,r03f70ccdt:raise,r03f70ccdt,0,raise,0,,,,,,,0,,,,,0,0,PNG,835,1256,0,0,none,none,0,No positive provenance evidence is available; metadata absence or non-origin-bearing tags are inconclusive about origin.,1,0,0.150318,"{""tool"":""ProvenanceInspector"",""evidence_type"":""none"",""verdict"":""inconclusive"",""score"":null,""strength"":""none"",""observation"":""No C2PA claim or usable origin-bearing metadata was found."",""limitations"":""Metadata can be absent, stripped, or forged; untrusted claims do not establish origin.""}"
/root/autodl-tmp/probe-dinov2-bfree-20261001/data/probe_eval_data/fake_flux/r03f70ccdt.png,r03f70ccdt:flux,r03f70ccdt,1,flux,0,,,,,,,0,,,,,0,0,PNG,1024,1024,0,0,none,none,0,No positive provenance evidence is available; metadata absence or non-origin-bearing tags are inconclusive about origin.,1,0,0.131403,"{""tool"":""ProvenanceInspector"",""evidence_type"":""none"",""verdict"":""inconclusive"",""score"":null,""strength"":""none"",""observation"":""No C2PA claim or usable origin-bearing metadata was found."",""limitations"":""Metadata can be absent, stripped, or forged; untrusted claims do not establish origin.""}"
/root/autodl-tmp/probe-dinov2-bfree-20261001/data/probe_eval_data/fake_sd35/r03f70ccdt.png,r03f70ccdt:sd3_5,r03f70ccdt,1,sd3_5,0,,,,,,,0,,,,,0,0,PNG,1024,1024,0,0,none,none,0,No positive provenance evidence is available; metadata absence or non-origin-bearing tags are inconclusive about origin.,1,0,0.130143,"{""tool"":""ProvenanceInspector"",""evidence_type"":""none"",""verdict"":""inconclusive"",""score"":null,""strength"":""none"",""observation"":""No C2PA claim or usable origin-bearing metadata was found."",""limitations"":""Metadata can be absent, stripped, or forged; untrusted claims do not establish origin.""}"
/root/autodl-tmp/probe-dinov2-bfree-20261001/data/probe_eval_data/real/r0b13d2a2t.png,r0b13d2a2t:raise,r0b13d2a2t,0,raise,0,,,,,,,0,,,,,0,0,PNG,1256,835,0,0,none,none,0,No positive provenance evidence is available; metadata absence or non-origin-bearing tags are inconclusive about origin.,1,0,0.159135,"{""tool"":""ProvenanceInspector"",""evidence_type"":""none"",""verdict"":""inconclusive"",""score"":null,""strength"":""none"",""observation"":""No C2PA claim or usable origin-bearing metadata was found."",""limitations"":""Metadata can be absent, stripped, or forged; untrusted claims do not establish origin.""}"
/root/autodl-tmp/probe-dinov2-bfree-20261001/data/probe_eval_data/fake_flux/r0b13d2a2t.png,r0b13d2a2t:flux,r0b13d2a2t,1,flux,0,,,,,,,0,,,,,0,0,PNG,1024,1024,0,0,none,none,0,No positive provenance evidence is available; metadata absence or non-origin-bearing tags are inconclusive about origin.,1,0,0.136267,"{""tool"":""ProvenanceInspector"",""evidence_type"":""none"",""verdict"":""inconclusive"",""score"":null,""strength"":""none"",""observation"":""No C2PA claim or usable origin-bearing metadata was found."",""limitations"":""Metadata can be absent, stripped, or forged; untrusted claims do not establish origin.""}"
/root/autodl-tmp/probe-dinov2-bfree-20261001/data/probe_eval_data/fake_sd35/r0b13d2a2t.png,r0b13d2a2t:sd3_5,r0b13d2a2t,1,sd3_5,0,,,,,,,0,,,,,0,0,PNG,1024,1024,0,0,none,none,0,No positive provenance evidence is available; metadata absence or non-origin-bearing tags are inconclusive about origin.,1,0,0.123422,"{""tool"":""ProvenanceInspector"",""evidence_type"":""none"",""verdict"":""inconclusive"",""score"":null,""strength"":""none"",""observation"":""No C2PA claim or usable origin-bearing metadata was found."",""limitations"":""Metadata can be absent, stripped, or forged; untrusted claims do not establish origin.""}"
/root/autodl-tmp/probe-dinov2-bfree-20261001/data/probe_eval_data/real/r097088c1t.png,r097088c1t:raise,r097088c1t,0,raise,0,,,,,,,0,,,,,0,0,PNG,1256,835,0,0,none,none,0,No positive provenance evidence is available; metadata absence or non-origin-bearing tags are inconclusive about origin.,1,0,0.158005,"{""tool"":""ProvenanceInspector"",""evidence_type"":""none"",""verdict"":""inconclusive"",""score"":null,""strength"":""none"",""observation"":""No C2PA claim or usable origin-bearing metadata was found."",""limitations"":""Metadata can be absent, stripped, or forged; untrusted claims do not establish origin.""}"
/root/autodl-tmp/probe-dinov2-bfree-20261001/data/probe_eval_data/fake_flux/r097088c1t.png,r097088c1t:flux,r097088c1t,1,flux,0,,,,,,,0,,,,,0,0,PNG,1024,1024,0,0,none,none,0,No positive provenance evidence is available; metadata absence or non-origin-bearing tags are inconclusive about origin.,1,0,0.118809,"{""tool"":""ProvenanceInspector"",""evidence_type"":""none"",""verdict"":""inconclusive"",""score"":null,""strength"":""none"",""observation"":""No C2PA claim or usable origin-bearing metadata was found."",""limitations"":""Metadata can be absent, stripped, or forged; untrusted claims do not establish origin.""}"
/root/autodl-tmp/probe-dinov2-bfree-20261001/data/probe_eval_data/fake_sd35/r097088c1t.png,r097088c1t:sd3_5,r097088c1t,1,sd3_5,0,,,,,,,0,,,,,0,0,PNG,1024,1024,0,0,none,none,0,No positive provenance evidence is available; metadata absence or non-origin-bearing tags are inconclusive about origin.,1,0,0.124953,"{""tool"":""ProvenanceInspector"",""evidence_type"":""none"",""verdict"":""inconclusive"",""score"":null,""strength"":""none"",""observation"":""No C2PA claim or usable origin-bearing metadata was found."",""limitations"":""Metadata can be absent, stripped, or forged; untrusted claims do not establish origin.""}"
/root/autodl-tmp/probe-dinov2-bfree-20261001/data/probe_eval_data/real/r06888d38t.png,r06888d38t:raise,r06888d38t,0,raise,0,,,,,,,0,,,,,0,0,PNG,833,1258,0,0,none,none,0,No positive provenance evidence is available; metadata absence or non-origin-bearing tags are inconclusive about origin.,1,0,0.133939,"{""tool"":""ProvenanceInspector"",""evidence_type"":""none"",""verdict"":""inconclusive"",""score"":null,""strength"":""none"",""observation"":""No C2PA claim or usable origin-bearing metadata was found."",""limitations"":""Metadata can be absent, stripped, or forged; untrusted claims do not establish origin.""}"
/root/autodl-tmp/probe-dinov2-bfree-20261001/data/probe_eval_data/fake_flux/r06888d38t.png,r06888d38t:flux,r06888d38t,1,flux,0,,,,,,,0,,,,,0,0,PNG,1024,1024,0,0,none,none,0,No positive provenance evidence is available; metadata absence or non-origin-bearing tags are inconclusive about origin.,1,0,0.09989,"{""tool"":""ProvenanceInspector"",""evidence_type"":""none"",""verdict"":""inconclusive"",""score"":null,""strength"":""none"",""observation"":""No C2PA claim or usable origin-bearing metadata was found."",""limitations"":""Metadata can be absent, stripped, or forged; untrusted claims do not establish origin.""}"
/root/autodl-tmp/probe-dinov2-bfree-20261001/data/probe_eval_data/fake_sd35/r06888d38t.png,r06888d38t:sd3_5,r06888d38t,1,sd3_5,0,,,,,,,0,,,,,0,0,PNG,1024,1024,0,0,none,none,0,No positive provenance evidence is available; metadata absence or non-origin-bearing tags are inconclusive about origin.,1,0,0.12934,"{""tool"":""ProvenanceInspector"",""evidence_type"":""none"",""verdict"":""inconclusive"",""score"":null,""strength"":""none"",""observation"":""No C2PA claim or usable origin-bearing metadata was found."",""limitations"":""Metadata can be absent, stripped, or forged; untrusted claims do not establish origin.""}"
/root/autodl-tmp/probe-dinov2-bfree-20261001/data/probe_eval_data/real/r188eb234t.png,r188eb234t:raise,r188eb234t,0,raise,0,,,,,,,0,,,,,0,0,PNG,1258,833,0,0,none,none,0,No positive provenance evidence is available; metadata absence or non-origin-bearing tags are inconclusive about origin.,1,0,0.158316,"{""tool"":""ProvenanceInspector"",""evidence_type"":""none"",""verdict"":""inconclusive"",""score"":null,""strength"":""none"",""observation"":""No C2PA claim or usable origin-bearing metadata was found."",""limitations"":""Metadata can be absent, stripped, or forged; untrusted claims do not establish origin.""}"
/root/autodl-tmp/probe-dinov2-bfree-20261001/data/probe_eval_data/fake_flux/r188eb234t.png,r188eb234t:flux,r188eb234t,1,flux,0,,,,,,,0,,,,,0,0,PNG,1024,1024,0,0,none,none,0,No positive provenance evidence is available; metadata absence or non-origin-bearing tags are inconclusive about origin.,1,0,0.129888,"{""tool"":""ProvenanceInspector"",""evidence_type"":""none"",""verdict"":""inconclusive"",""score"":null,""strength"":""none"",""observation"":""No C2PA claim or usable origin-bearing metadata was found."",""limitations"":""Metadata can be absent, stripped, or forged; untrusted claims do not establish origin.""}"
/root/autodl-tmp/probe-dinov2-bfree-20261001/data/probe_eval_data/fake_sd35/r188eb234t.png,r188eb234t:sd3_5,r188eb234t,1,sd3_5,0,,,,,,,0,,,,,0,0,PNG,1024,1024,0,0,none,none,0,No positive provenance evidence is available; metadata absence or non-origin-bearing tags are inconclusive about origin.,1,0,0.131753,"{""tool"":""ProvenanceInspector"",""evidence_type"":""none"",""verdict"":""inconclusive"",""score"":null,""strength"":""none"",""observation"":""No C2PA claim or usable origin-bearing metadata was found."",""limitations"":""Metadata can be absent, stripped, or forged; untrusted claims do not establish origin.""}"
/root/autodl-tmp/probe-dinov2-bfree-20261001/data/probe_eval_data/real/r0e661e0dt.png,r0e661e0dt:raise,r0e661e0dt,0,raise,0,,,,,,,0,,,,,0,0,PNG,1258,833,0,0,none,none,0,No positive provenance evidence is available; metadata absence or non-origin-bearing tags are inconclusive about origin.,1,0,0.159982,"{""tool"":""ProvenanceInspector"",""evidence_type"":""none"",""verdict"":""inconclusive"",""score"":null,""strength"":""none"",""observation"":""No C2PA claim or usable origin-bearing metadata was found."",""limitations"":""Metadata can be absent, stripped, or forged; untrusted claims do not establish origin.""}"
/root/autodl-tmp/probe-dinov2-bfree-20261001/data/probe_eval_data/fake_flux/r0e661e0dt.png,r0e661e0dt:flux,r0e661e0dt,1,flux,0,,,,,,,0,,,,,0,0,PNG,1024,1024,0,0,none,none,0,No positive provenance evidence is available; metadata absence or non-origin-bearing tags are inconclusive about origin.,1,0,0.131017,"{""tool"":""ProvenanceInspector"",""evidence_type"":""none"",""verdict"":""inconclusive"",""score"":null,""strength"":""none"",""observation"":""No C2PA claim or usable origin-bearing metadata was found."",""limitations"":""Metadata can be absent, stripped, or forged; untrusted claims do not establish origin.""}"
/root/autodl-tmp/probe-dinov2-bfree-20261001/data/probe_eval_data/fake_sd35/r0e661e0dt.png,r0e661e0dt:sd3_5,r0e661e0dt,1,sd3_5,0,,,,,,,0,,,,,0,0,PNG,1024,1024,0,0,none,none,0,No positive provenance evidence is available; metadata absence or non-origin-bearing tags are inconclusive about origin.,1,0,0.141829,"{""tool"":""ProvenanceInspector"",""evidence_type"":""none"",""verdict"":""inconclusive"",""score"":null,""strength"":""none"",""observation"":""No C2PA claim or usable origin-bearing metadata was found."",""limitations"":""Metadata can be absent, stripped, or forged; untrusted claims do not establish origin.""}"
/root/autodl-tmp/probe-dinov2-bfree-20261001/data/probe_eval_data/real/r0b4d8af5t.png,r0b4d8af5t:raise,r0b4d8af5t,0,raise,0,,,,,,,0,,,,,0,0,PNG,1258,833,0,0,none,none,0,No positive provenance evidence is available; metadata absence or non-origin-bearing tags are inconclusive about origin.,1,0,0.160242,"{""tool"":""ProvenanceInspector"",""evidence_type"":""none"",""verdict"":""inconclusive"",""score"":null,""strength"":""none"",""observation"":""No C2PA claim or usable origin-bearing metadata was found."",""limitations"":""Metadata can be absent, stripped, or forged; untrusted claims do not establish origin.""}"
/root/autodl-tmp/probe-dinov2-bfree-20261001/data/probe_eval_data/fake_flux/r0b4d8af5t.png,r0b4d8af5t:flux,r0b4d8af5t,1,flux,0,,,,,,,0,,,,,0,0,PNG,1024,1024,0,0,none,none,0,No positive provenance evidence is available; metadata absence or non-origin-bearing tags are inconclusive about origin.,1,0,0.13268,"{""tool"":""ProvenanceInspector"",""evidence_type"":""none"",""verdict"":""inconclusive"",""score"":null,""strength"":""none"",""observation"":""No C2PA claim or usable origin-bearing metadata was found."",""limitations"":""Metadata can be absent, stripped, or forged; untrusted claims do not establish origin.""}"
/root/autodl-tmp/probe-dinov2-bfree-20261001/data/probe_eval_data/fake_sd35/r0b4d8af5t.png,r0b4d8af5t:sd3_5,r0b4d8af5t,1,sd3_5,0,,,,,,,0,,,,,0,0,PNG,1024,1024,0,0,none,none,0,No positive provenance evidence is available; metadata absence or non-origin-bearing tags are inconclusive about origin.,1,0,0.122563,"{""tool"":""ProvenanceInspector"",""evidence_type"":""none"",""verdict"":""inconclusive"",""score"":null,""strength"":""none"",""observation"":""No C2PA claim or usable origin-bearing metadata was found."",""limitations"":""Metadata can be absent, stripped, or forged; untrusted claims do not establish origin.""}"
/root/autodl-tmp/probe-dinov2-bfree-20261001/data/probe_eval_data/real/r03bf5648t.png,r03bf5648t:raise,r03bf5648t,0,raise,0,,,,,,,0,,,,,0,0,PNG,1258,833,0,0,none,none,0,No positive provenance evidence is available; metadata absence or non-origin-bearing tags are inconclusive about origin.,1,0,0.170464,"{""tool"":""ProvenanceInspector"",""evidence_type"":""none"",""verdict"":""inconclusive"",""score"":null,""strength"":""none"",""observation"":""No C2PA claim or usable origin-bearing metadata was found."",""limitations"":""Metadata can be absent, stripped, or forged; untrusted claims do not establish origin.""}"
/root/autodl-tmp/probe-dinov2-bfree-20261001/data/probe_eval_data/fake_flux/r03bf5648t.png,r03bf5648t:flux,r03bf5648t,1,flux,0,,,,,,,0,,,,,0,0,PNG,1024,1024,0,0,none,none,0,No positive provenance evidence is available; metadata absence or non-origin-bearing tags are inconclusive about origin.,1,0,0.129351,"{""tool"":""ProvenanceInspector"",""evidence_type"":""none"",""verdict"":""inconclusive"",""score"":null,""strength"":""none"",""observation"":""No C2PA claim or usable origin-bearing metadata was found."",""limitations"":""Metadata can be absent, stripped, or forged; untrusted claims do not establish origin.""}"
/root/autodl-tmp/probe-dinov2-bfree-20261001/data/probe_eval_data/fake_sd35/r03bf5648t.png,r03bf5648t:sd3_5,r03bf5648t,1,sd3_5,0,,,,,,,0,,,,,0,0,PNG,1024,1024,0,0,none,none,0,No positive provenance evidence is available; metadata absence or non-origin-bearing tags are inconclusive about origin.,1,0,0.136194,"{""tool"":""ProvenanceInspector"",""evidence_type"":""none"",""verdict"":""inconclusive"",""score"":null,""strength"":""none"",""observation"":""No C2PA claim or usable origin-bearing metadata was found."",""limitations"":""Metadata can be absent, stripped, or forged; untrusted claims do not establish origin.""}"
/root/autodl-tmp/probe-dinov2-bfree-20261001/data/probe_eval_data/real/r05243256t.png,r05243256t:raise,r05243256t,0,raise,0,,,,,,,0,,,,,0,0,PNG,1256,835,0,0,none,none,0,No positive provenance evidence is available; metadata absence or non-origin-bearing tags are inconclusive about origin.,1,0,0.15533,"{""tool"":""ProvenanceInspector"",""evidence_type"":""none"",""verdict"":""inconclusive"",""score"":null,""strength"":""none"",""observation"":""No C2PA claim or usable origin-bearing metadata was found."",""limitations"":""Metadata can be absent, stripped, or forged; untrusted claims do not establish origin.""}"
/root/autodl-tmp/probe-dinov2-bfree-20261001/data/probe_eval_data/fake_flux/r05243256t.png,r05243256t:flux,r05243256t,1,flux,0,,,,,,,0,,,,,0,0,PNG,1024,1024,0,0,none,none,0,No positive provenance evidence is available; metadata absence or non-origin-bearing tags are inconclusive about origin.,1,0,0.107604,"{""tool"":""ProvenanceInspector"",""evidence_type"":""none"",""verdict"":""inconclusive"",""score"":null,""strength"":""none"",""observation"":""No C2PA claim or usable origin-bearing metadata was found."",""limitations"":""Metadata can be absent, stripped, or forged; untrusted claims do not establish origin.""}"
/root/autodl-tmp/probe-dinov2-bfree-20261001/data/probe_eval_data/fake_sd35/r05243256t.png,r05243256t:sd3_5,r05243256t,1,sd3_5,0,,,,,,,0,,,,,0,0,PNG,1024,1024,0,0,none,none,0,No positive provenance evidence is available; metadata absence or non-origin-bearing tags are inconclusive about origin.,1,0,0.127382,"{""tool"":""ProvenanceInspector"",""evidence_type"":""none"",""verdict"":""inconclusive"",""score"":null,""strength"":""none"",""observation"":""No C2PA claim or usable origin-bearing metadata was found."",""limitations"":""Metadata can be absent, stripped, or forged; untrusted claims do not establish origin.""}"
/root/autodl-tmp/probe-dinov2-bfree-20261001/data/probe_eval_data/real/r0c9910e4t.png,r0c9910e4t:raise,r0c9910e4t,0,raise,0,,,,,,,0,,,,,0,0,PNG,1256,835,0,0,none,none,0,No positive provenance evidence is available; metadata absence or non-origin-bearing tags are inconclusive about origin.,1,0,0.179781,"{""tool"":""ProvenanceInspector"",""evidence_type"":""none"",""verdict"":""inconclusive"",""score"":null,""strength"":""none"",""observation"":""No C2PA claim or usable origin-bearing metadata was found."",""limitations"":""Metadata can be absent, stripped, or forged; untrusted claims do not establish origin.""}"
/root/autodl-tmp/probe-dinov2-bfree-20261001/data/probe_eval_data/fake_flux/r0c9910e4t.png,r0c9910e4t:flux,r0c9910e4t,1,flux,0,,,,,,,0,,,,,0,0,PNG,1024,1024,0,0,none,none,0,No positive provenance evidence is available; metadata absence or non-origin-bearing tags are inconclusive about origin.,1,0,0.106278,"{""tool"":""ProvenanceInspector"",""evidence_type"":""none"",""verdict"":""inconclusive"",""score"":null,""strength"":""none"",""observation"":""No C2PA claim or usable origin-bearing metadata was found."",""limitations"":""Metadata can be absent, stripped, or forged; untrusted claims do not establish origin.""}"
/root/autodl-tmp/probe-dinov2-bfree-20261001/data/probe_eval_data/fake_sd35/r0c9910e4t.png,r0c9910e4t:sd3_5,r0c9910e4t,1,sd3_5,0,,,,,,,0,,,,,0,0,PNG,1024,1024,0,0,none,none,0,No positive provenance evidence is available; metadata absence or non-origin-bearing tags are inconclusive about origin.,1,0,0.131215,"{""tool"":""ProvenanceInspector"",""evidence_type"":""none"",""verdict"":""inconclusive"",""score"":null,""strength"":""none"",""observation"":""No C2PA claim or usable origin-bearing metadata was found."",""limitations"":""Metadata can be absent, stripped, or forged; untrusted claims do not establish origin.""}"
/root/autodl-tmp/probe-dinov2-bfree-20261001/data/probe_eval_data/real/r1f5ad4e0t.png,r1f5ad4e0t:raise,r1f5ad4e0t,0,raise,0,,,,,,,0,,,,,0,0,PNG,835,1256,0,0,none,none,0,No positive provenance evidence is available; metadata absence or non-origin-bearing tags are inconclusive about origin.,1,0,0.159761,"{""tool"":""ProvenanceInspector"",""evidence_type"":""none"",""verdict"":""inconclusive"",""score"":null,""strength"":""none"",""observation"":""No C2PA claim or usable origin-bearing metadata was found."",""limitations"":""Metadata can be absent, stripped, or forged; untrusted claims do not establish origin.""}"
/root/autodl-tmp/probe-dinov2-bfree-20261001/data/probe_eval_data/fake_flux/r1f5ad4e0t.png,r1f5ad4e0t:flux,r1f5ad4e0t,1,flux,0,,,,,,,0,,,,,0,0,PNG,1024,1024,0,0,none,none,0,No positive provenance evidence is available; metadata absence or non-origin-bearing tags are inconclusive about origin.,1,0,0.127728,"{""tool"":""ProvenanceInspector"",""evidence_type"":""none"",""verdict"":""inconclusive"",""score"":null,""strength"":""none"",""observation"":""No C2PA claim or usable origin-bearing metadata was found."",""limitations"":""Metadata can be absent, stripped, or forged; untrusted claims do not establish origin.""}"
/root/autodl-tmp/probe-dinov2-bfree-20261001/data/probe_eval_data/fake_sd35/r1f5ad4e0t.png,r1f5ad4e0t:sd3_5,r1f5ad4e0t,1,sd3_5,0,,,,,,,0,,,,,0,0,PNG,1024,1024,0,0,none,none,0,No positive provenance evidence is available; metadata absence or non-origin-bearing tags are inconclusive about origin.,1,0,0.121059,"{""tool"":""ProvenanceInspector"",""evidence_type"":""none"",""verdict"":""inconclusive"",""score"":null,""strength"":""none"",""observation"":""No C2PA claim or usable origin-bearing metadata was found."",""limitations"":""Metadata can be absent, stripped, or forged; untrusted claims do not establish origin.""}"
/root/autodl-tmp/probe-dinov2-bfree-20261001/data/probe_eval_data/real/r0809811bt.png,r0809811bt:raise,r0809811bt,0,raise,0,,,,,,,0,,,,,0,0,PNG,1258,833,0,0,none,none,0,No positive provenance evidence is available; metadata absence or non-origin-bearing tags are inconclusive about origin.,1,0,0.15877,"{""tool"":""ProvenanceInspector"",""evidence_type"":""none"",""verdict"":""inconclusive"",""score"":null,""strength"":""none"",""observation"":""No C2PA claim or usable origin-bearing metadata was found."",""limitations"":""Metadata can be absent, stripped, or forged; untrusted claims do not establish origin.""}"
/root/autodl-tmp/probe-dinov2-bfree-20261001/data/probe_eval_data/fake_flux/r0809811bt.png,r0809811bt:flux,r0809811bt,1,flux,0,,,,,,,0,,,,,0,0,PNG,1024,1024,0,0,none,none,0,No positive provenance evidence is available; metadata absence or non-origin-bearing tags are inconclusive about origin.,1,0,0.122695,"{""tool"":""ProvenanceInspector"",""evidence_type"":""none"",""verdict"":""inconclusive"",""score"":null,""strength"":""none"",""observation"":""No C2PA claim or usable origin-bearing metadata was found."",""limitations"":""Metadata can be absent, stripped, or forged; untrusted claims do not establish origin.""}"
/root/autodl-tmp/probe-dinov2-bfree-20261001/data/probe_eval_data/fake_sd35/r0809811bt.png,r0809811bt:sd3_5,r0809811bt,1,sd3_5,0,,,,,,,0,,,,,0,0,PNG,1024,1024,0,0,none,none,0,No positive provenance evidence is available; metadata absence or non-origin-bearing tags are inconclusive about origin.,1,0,0.128598,"{""tool"":""ProvenanceInspector"",""evidence_type"":""none"",""verdict"":""inconclusive"",""score"":null,""strength"":""none"",""observation"":""No C2PA claim or usable origin-bearing metadata was found."",""limitations"":""Metadata can be absent, stripped, or forged; untrusted claims do not establish origin.""}"
/root/autodl-tmp/probe-dinov2-bfree-20261001/data/probe_eval_data/real/r04989a70t.png,r04989a70t:raise,r04989a70t,0,raise,0,,,,,,,0,,,,,0,0,PNG,1258,833,0,0,none,none,0,No positive provenance evidence is available; metadata absence or non-origin-bearing tags are inconclusive about origin.,1,0,0.165289,"{""tool"":""ProvenanceInspector"",""evidence_type"":""none"",""verdict"":""inconclusive"",""score"":null,""strength"":""none"",""observation"":""No C2PA claim or usable origin-bearing metadata was found."",""limitations"":""Metadata can be absent, stripped, or forged; untrusted claims do not establish origin.""}"
/root/autodl-tmp/probe-dinov2-bfree-20261001/data/probe_eval_data/fake_flux/r04989a70t.png,r04989a70t:flux,r04989a70t,1,flux,0,,,,,,,0,,,,,0,0,PNG,1024,1024,0,0,none,none,0,No positive provenance evidence is available; metadata absence or non-origin-bearing tags are inconclusive about origin.,1,0,0.129521,"{""tool"":""ProvenanceInspector"",""evidence_type"":""none"",""verdict"":""inconclusive"",""score"":null,""strength"":""none"",""observation"":""No C2PA claim or usable origin-bearing metadata was found."",""limitations"":""Metadata can be absent, stripped, or forged; untrusted claims do not establish origin.""}"
/root/autodl-tmp/probe-dinov2-bfree-20261001/data/probe_eval_data/fake_sd35/r04989a70t.png,r04989a70t:sd3_5,r04989a70t,1,sd3_5,0,,,,,,,0,,,,,0,0,PNG,1024,1024,0,0,none,none,0,No positive provenance evidence is available; metadata absence or non-origin-bearing tags are inconclusive about origin.,1,0,0.107635,"{""tool"":""ProvenanceInspector"",""evidence_type"":""none"",""verdict"":""inconclusive"",""score"":null,""strength"":""none"",""observation"":""No C2PA claim or usable origin-bearing metadata was found."",""limitations"":""Metadata can be absent, stripped, or forged; untrusted claims do not establish origin.""}"
/root/autodl-tmp/probe-dinov2-bfree-20261001/data/probe_eval_data/real/r1ceba29dt.png,r1ceba29dt:raise,r1ceba29dt,0,raise,0,,,,,,,0,,,,,0,0,PNG,833,1258,0,0,none,none,0,No positive provenance evidence is available; metadata absence or non-origin-bearing tags are inconclusive about origin.,1,0,0.159285,"{""tool"":""ProvenanceInspector"",""evidence_type"":""none"",""verdict"":""inconclusive"",""score"":null,""strength"":""none"",""observation"":""No C2PA claim or usable origin-bearing metadata was found."",""limitations"":""Metadata can be absent, stripped, or forged; untrusted claims do not establish origin.""}"
/root/autodl-tmp/probe-dinov2-bfree-20261001/data/probe_eval_data/fake_flux/r1ceba29dt.png,r1ceba29dt:flux,r1ceba29dt,1,flux,0,,,,,,,0,,,,,0,0,PNG,1024,1024,0,0,none,none,0,No positive provenance evidence is available; metadata absence or non-origin-bearing tags are inconclusive about origin.,1,0,0.130306,"{""tool"":""ProvenanceInspector"",""evidence_type"":""none"",""verdict"":""inconclusive"",""score"":null,""strength"":""none"",""observation"":""No C2PA claim or usable origin-bearing metadata was found."",""limitations"":""Metadata can be absent, stripped, or forged; untrusted claims do not establish origin.""}"
/root/autodl-tmp/probe-dinov2-bfree-20261001/data/probe_eval_data/fake_sd35/r1ceba29dt.png,r1ceba29dt:sd3_5,r1ceba29dt,1,sd3_5,0,,,,,,,0,,,,,0,0,PNG,1024,1024,0,0,none,none,0,No positive provenance evidence is available; metadata absence or non-origin-bearing tags are inconclusive about origin.,1,0,0.128044,"{""tool"":""ProvenanceInspector"",""evidence_type"":""none"",""verdict"":""inconclusive"",""score"":null,""strength"":""none"",""observation"":""No C2PA claim or usable origin-bearing metadata was found."",""limitations"":""Metadata can be absent, stripped, or forged; untrusted claims do not establish origin.""}"
/root/autodl-tmp/probe-dinov2-bfree-20261001/data/probe_eval_data/real/r1e14f45ct.png,r1e14f45ct:raise,r1e14f45ct,0,raise,0,,,,,,,0,,,,,0,0,PNG,833,1258,0,0,none,none,0,No positive provenance evidence is available; metadata absence or non-origin-bearing tags are inconclusive about origin.,1,0,0.158554,"{""tool"":""ProvenanceInspector"",""evidence_type"":""none"",""verdict"":""inconclusive"",""score"":null,""strength"":""none"",""observation"":""No C2PA claim or usable origin-bearing metadata was found."",""limitations"":""Metadata can be absent, stripped, or forged; untrusted claims do not establish origin.""}"
/root/autodl-tmp/probe-dinov2-bfree-20261001/data/probe_eval_data/fake_flux/r1e14f45ct.png,r1e14f45ct:flux,r1e14f45ct,1,flux,0,,,,,,,0,,,,,0,0,PNG,1024,1024,0,0,none,none,0,No positive provenance evidence is available; metadata absence or non-origin-bearing tags are inconclusive about origin.,1,0,0.156936,"{""tool"":""ProvenanceInspector"",""evidence_type"":""none"",""verdict"":""inconclusive"",""score"":null,""strength"":""none"",""observation"":""No C2PA claim or usable origin-bearing metadata was found."",""limitations"":""Metadata can be absent, stripped, or forged; untrusted claims do not establish origin.""}"
/root/autodl-tmp/probe-dinov2-bfree-20261001/data/probe_eval_data/fake_sd35/r1e14f45ct.png,r1e14f45ct:sd3_5,r1e14f45ct,1,sd3_5,0,,,,,,,0,,,,,0,0,PNG,1024,1024,0,0,none,none,0,No positive provenance evidence is available; metadata absence or non-origin-bearing tags are inconclusive about origin.,1,0,0.132526,"{""tool"":""ProvenanceInspector"",""evidence_type"":""none"",""verdict"":""inconclusive"",""score"":null,""strength"":""none"",""observation"":""No C2PA claim or usable origin-bearing metadata was found."",""limitations"":""Metadata can be absent, stripped, or forged; untrusted claims do not establish origin.""}"
/root/autodl-tmp/probe-dinov2-bfree-20261001/data/probe_eval_data/real/r1d00d8ect.png,r1d00d8ect:raise,r1d00d8ect,0,raise,0,,,,,,,0,,,,,0,0,PNG,833,1258,0,0,none,none,0,No positive provenance evidence is available; metadata absence or non-origin-bearing tags are inconclusive about origin.,1,0,0.155431,"{""tool"":""ProvenanceInspector"",""evidence_type"":""none"",""verdict"":""inconclusive"",""score"":null,""strength"":""none"",""observation"":""No C2PA claim or usable origin-bearing metadata was found."",""limitations"":""Metadata can be absent, stripped, or forged; untrusted claims do not establish origin.""}"
/root/autodl-tmp/probe-dinov2-bfree-20261001/data/probe_eval_data/fake_flux/r1d00d8ect.png,r1d00d8ect:flux,r1d00d8ect,1,flux,0,,,,,,,0,,,,,0,0,PNG,1024,1024,0,0,none,none,0,No positive provenance evidence is available; metadata absence or non-origin-bearing tags are inconclusive about origin.,1,0,0.131706,"{""tool"":""ProvenanceInspector"",""evidence_type"":""none"",""verdict"":""inconclusive"",""score"":null,""strength"":""none"",""observation"":""No C2PA claim or usable origin-bearing metadata was found."",""limitations"":""Metadata can be absent, stripped, or forged; untrusted claims do not establish origin.""}"
/root/autodl-tmp/probe-dinov2-bfree-20261001/data/probe_eval_data/fake_sd35/r1d00d8ect.png,r1d00d8ect:sd3_5,r1d00d8ect,1,sd3_5,0,,,,,,,0,,,,,0,0,PNG,1024,1024,0,0,none,none,0,No positive provenance evidence is available; metadata absence or non-origin-bearing tags are inconclusive about origin.,1,0,0.12632,"{""tool"":""ProvenanceInspector"",""evidence_type"":""none"",""verdict"":""inconclusive"",""score"":null,""strength"":""none"",""observation"":""No C2PA claim or usable origin-bearing metadata was found."",""limitations"":""Metadata can be absent, stripped, or forged; untrusted claims do not establish origin.""}"
/root/autodl-tmp/probe-dinov2-bfree-20261001/data/probe_eval_data/real/r14902ba4t.png,r14902ba4t:raise,r14902ba4t,0,raise,0,,,,,,,0,,,,,0,0,PNG,1258,833,0,0,none,none,0,No positive provenance evidence is available; metadata absence or non-origin-bearing tags are inconclusive about origin.,1,0,0.165101,"{""tool"":""ProvenanceInspector"",""evidence_type"":""none"",""verdict"":""inconclusive"",""score"":null,""strength"":""none"",""observation"":""No C2PA claim or usable origin-bearing metadata was found."",""limitations"":""Metadata can be absent, stripped, or forged; untrusted claims do not establish origin.""}"
/root/autodl-tmp/probe-dinov2-bfree-20261001/data/probe_eval_data/fake_flux/r14902ba4t.png,r14902ba4t:flux,r14902ba4t,1,flux,0,,,,,,,0,,,,,0,0,PNG,1024,1024,0,0,none,none,0,No positive provenance evidence is available; metadata absence or non-origin-bearing tags are inconclusive about origin.,1,0,0.129915,"{""tool"":""ProvenanceInspector"",""evidence_type"":""none"",""verdict"":""inconclusive"",""score"":null,""strength"":""none"",""observation"":""No C2PA claim or usable origin-bearing metadata was found."",""limitations"":""Metadata can be absent, stripped, or forged; untrusted claims do not establish origin.""}"
/root/autodl-tmp/probe-dinov2-bfree-20261001/data/probe_eval_data/fake_sd35/r14902ba4t.png,r14902ba4t:sd3_5,r14902ba4t,1,sd3_5,0,,,,,,,0,,,,,0,0,PNG,1024,1024,0,0,none,none,0,No positive provenance evidence is available; metadata absence or non-origin-bearing tags are inconclusive about origin.,1,0,0.134063,"{""tool"":""ProvenanceInspector"",""evidence_type"":""none"",""verdict"":""inconclusive"",""score"":null,""strength"":""none"",""observation"":""No C2PA claim or usable origin-bearing metadata was found."",""limitations"":""Metadata can be absent, stripped, or forged; untrusted claims do not establish origin.""}"
/root/autodl-tmp/probe-dinov2-bfree-20261001/data/probe_eval_data/real/r08f2d4c6t.png,r08f2d4c6t:raise,r08f2d4c6t,0,raise,0,,,,,,,0,,,,,0,0,PNG,1258,833,0,0,none,none,0,No positive provenance evidence is available; metadata absence or non-origin-bearing tags are inconclusive about origin.,1,0,0.151342,"{""tool"":""ProvenanceInspector"",""evidence_type"":""none"",""verdict"":""inconclusive"",""score"":null,""strength"":""none"",""observation"":""No C2PA claim or usable origin-bearing metadata was found."",""limitations"":""Metadata can be absent, stripped, or forged; untrusted claims do not establish origin.""}"
/root/autodl-tmp/probe-dinov2-bfree-20261001/data/probe_eval_data/fake_flux/r08f2d4c6t.png,r08f2d4c6t:flux,r08f2d4c6t,1,flux,0,,,,,,,0,,,,,0,0,PNG,1024,1024,0,0,none,none,0,No positive provenance evidence is available; metadata absence or non-origin-bearing tags are inconclusive about origin.,1,0,0.133394,"{""tool"":""ProvenanceInspector"",""evidence_type"":""none"",""verdict"":""inconclusive"",""score"":null,""strength"":""none"",""observation"":""No C2PA claim or usable origin-bearing metadata was found."",""limitations"":""Metadata can be absent, stripped, or forged; untrusted claims do not establish origin.""}"
/root/autodl-tmp/probe-dinov2-bfree-20261001/data/probe_eval_data/fake_sd35/r08f2d4c6t.png,r08f2d4c6t:sd3_5,r08f2d4c6t,1,sd3_5,0,,,,,,,0,,,,,0,0,PNG,1024,1024,0,0,none,none,0,No positive provenance evidence is available; metadata absence or non-origin-bearing tags are inconclusive about origin.,1,0,0.131452,"{""tool"":""ProvenanceInspector"",""evidence_type"":""none"",""verdict"":""inconclusive"",""score"":null,""strength"":""none"",""observation"":""No C2PA claim or usable origin-bearing metadata was found."",""limitations"":""Metadata can be absent, stripped, or forged; untrusted claims do not establish origin.""}"
/root/autodl-tmp/probe-dinov2-bfree-20261001/data/probe_eval_data/real/r1c4d4720t.png,r1c4d4720t:raise,r1c4d4720t,0,raise,0,,,,,,,0,,,,,0,0,PNG,1258,833,0,0,none,none,0,No positive provenance evidence is available; metadata absence or non-origin-bearing tags are inconclusive about origin.,1,0,0.157084,"{""tool"":""ProvenanceInspector"",""evidence_type"":""none"",""verdict"":""inconclusive"",""score"":null,""strength"":""none"",""observation"":""No C2PA claim or usable origin-bearing metadata was found."",""limitations"":""Metadata can be absent, stripped, or forged; untrusted claims do not establish origin.""}"
/root/autodl-tmp/probe-dinov2-bfree-20261001/data/probe_eval_data/fake_flux/r1c4d4720t.png,r1c4d4720t:flux,r1c4d4720t,1,flux,0,,,,,,,0,,,,,0,0,PNG,1024,1024,0,0,none,none,0,No positive provenance evidence is available; metadata absence or non-origin-bearing tags are inconclusive about origin.,1,0,0.145512,"{""tool"":""ProvenanceInspector"",""evidence_type"":""none"",""verdict"":""inconclusive"",""score"":null,""strength"":""none"",""observation"":""No C2PA claim or usable origin-bearing metadata was found."",""limitations"":""Metadata can be absent, stripped, or forged; untrusted claims do not establish origin.""}"
/root/autodl-tmp/probe-dinov2-bfree-20261001/data/probe_eval_data/fake_sd35/r1c4d4720t.png,r1c4d4720t:sd3_5,r1c4d4720t,1,sd3_5,0,,,,,,,0,,,,,0,0,PNG,1024,1024,0,0,none,none,0,No positive provenance evidence is available; metadata absence or non-origin-bearing tags are inconclusive about origin.,1,0,0.169993,"{""tool"":""ProvenanceInspector"",""evidence_type"":""none"",""verdict"":""inconclusive"",""score"":null,""strength"":""none"",""observation"":""No C2PA claim or usable origin-bearing metadata was found."",""limitations"":""Metadata can be absent, stripped, or forged; untrusted claims do not establish origin.""}"
/root/autodl-tmp/probe-dinov2-bfree-20261001/data/probe_eval_data/real/r09dc6407t.png,r09dc6407t:raise,r09dc6407t,0,raise,0,,,,,,,0,,,,,0,0,PNG,1256,835,0,0,none,none,0,No positive provenance evidence is available; metadata absence or non-origin-bearing tags are inconclusive about origin.,1,0,0.158315,"{""tool"":""ProvenanceInspector"",""evidence_type"":""none"",""verdict"":""inconclusive"",""score"":null,""strength"":""none"",""observation"":""No C2PA claim or usable origin-bearing metadata was found."",""limitations"":""Metadata can be absent, stripped, or forged; untrusted claims do not establish origin.""}"
/root/autodl-tmp/probe-dinov2-bfree-20261001/data/probe_eval_data/fake_flux/r09dc6407t.png,r09dc6407t:flux,r09dc6407t,1,flux,0,,,,,,,0,,,,,0,0,PNG,1024,1024,0,0,none,none,0,No positive provenance evidence is available; metadata absence or non-origin-bearing tags are inconclusive about origin.,1,0,0.128413,"{""tool"":""ProvenanceInspector"",""evidence_type"":""none"",""verdict"":""inconclusive"",""score"":null,""strength"":""none"",""observation"":""No C2PA claim or usable origin-bearing metadata was found."",""limitations"":""Metadata can be absent, stripped, or forged; untrusted claims do not establish origin.""}"
/root/autodl-tmp/probe-dinov2-bfree-20261001/data/probe_eval_data/fake_sd35/r09dc6407t.png,r09dc6407t:sd3_5,r09dc6407t,1,sd3_5,0,,,,,,,0,,,,,0,0,PNG,1024,1024,0,0,none,none,0,No positive provenance evidence is available; metadata absence or non-origin-bearing tags are inconclusive about origin.,1,0,0.118145,"{""tool"":""ProvenanceInspector"",""evidence_type"":""none"",""verdict"":""inconclusive"",""score"":null,""strength"":""none"",""observation"":""No C2PA claim or usable origin-bearing metadata was found."",""limitations"":""Metadata can be absent, stripped, or forged; untrusted claims do not establish origin.""}"
/root/autodl-tmp/probe-dinov2-bfree-20261001/data/probe_eval_data/real/r0703243bt.png,r0703243bt:raise,r0703243bt,0,raise,0,,,,,,,0,,,,,0,0,PNG,833,1258,0,0,none,none,0,No positive provenance evidence is available; metadata absence or non-origin-bearing tags are inconclusive about origin.,1,0,0.137199,"{""tool"":""ProvenanceInspector"",""evidence_type"":""none"",""verdict"":""inconclusive"",""score"":null,""strength"":""none"",""observation"":""No C2PA claim or usable origin-bearing metadata was found."",""limitations"":""Metadata can be absent, stripped, or forged; untrusted claims do not establish origin.""}"
/root/autodl-tmp/probe-dinov2-bfree-20261001/data/probe_eval_data/fake_flux/r0703243bt.png,r0703243bt:flux,r0703243bt,1,flux,0,,,,,,,0,,,,,0,0,PNG,1024,1024,0,0,none,none,0,No positive provenance evidence is available; metadata absence or non-origin-bearing tags are inconclusive about origin.,1,0,0.146738,"{""tool"":""ProvenanceInspector"",""evidence_type"":""none"",""verdict"":""inconclusive"",""score"":null,""strength"":""none"",""observation"":""No C2PA claim or usable origin-bearing metadata was found."",""limitations"":""Metadata can be absent, stripped, or forged; untrusted claims do not establish origin.""}"
/root/autodl-tmp/probe-dinov2-bfree-20261001/data/probe_eval_data/fake_sd35/r0703243bt.png,r0703243bt:sd3_5,r0703243bt,1,sd3_5,0,,,,,,,0,,,,,0,0,PNG,1024,1024,0,0,none,none,0,No positive provenance evidence is available; metadata absence or non-origin-bearing tags are inconclusive about origin.,1,0,0.131173,"{""tool"":""ProvenanceInspector"",""evidence_type"":""none"",""verdict"":""inconclusive"",""score"":null,""strength"":""none"",""observation"":""No C2PA claim or usable origin-bearing metadata was found."",""limitations"":""Metadata can be absent, stripped, or forged; untrusted claims do not establish origin.""}"
/root/autodl-tmp/probe-dinov2-bfree-20261001/data/probe_eval_data/real/r10a207det.png,r10a207det:raise,r10a207det,0,raise,0,,,,,,,0,,,,,0,0,PNG,833,1258,0,0,none,none,0,No positive provenance evidence is available; metadata absence or non-origin-bearing tags are inconclusive about origin.,1,0,0.162141,"{""tool"":""ProvenanceInspector"",""evidence_type"":""none"",""verdict"":""inconclusive"",""score"":null,""strength"":""none"",""observation"":""No C2PA claim or usable origin-bearing metadata was found."",""limitations"":""Metadata can be absent, stripped, or forged; untrusted claims do not establish origin.""}"
/root/autodl-tmp/probe-dinov2-bfree-20261001/data/probe_eval_data/fake_flux/r10a207det.png,r10a207det:flux,r10a207det,1,flux,0,,,,,,,0,,,,,0,0,PNG,1024,1024,0,0,none,none,0,No positive provenance evidence is available; metadata absence or non-origin-bearing tags are inconclusive about origin.,1,0,0.10879,"{""tool"":""ProvenanceInspector"",""evidence_type"":""none"",""verdict"":""inconclusive"",""score"":null,""strength"":""none"",""observation"":""No C2PA claim or usable origin-bearing metadata was found."",""limitations"":""Metadata can be absent, stripped, or forged; untrusted claims do not establish origin.""}"
/root/autodl-tmp/probe-dinov2-bfree-20261001/data/probe_eval_data/fake_sd35/r10a207det.png,r10a207det:sd3_5,r10a207det,1,sd3_5,0,,,,,,,0,,,,,0,0,PNG,1024,1024,0,0,none,none,0,No positive provenance evidence is available; metadata absence or non-origin-bearing tags are inconclusive about origin.,1,0,0.132483,"{""tool"":""ProvenanceInspector"",""evidence_type"":""none"",""verdict"":""inconclusive"",""score"":null,""strength"":""none"",""observation"":""No C2PA claim or usable origin-bearing metadata was found."",""limitations"":""Metadata can be absent, stripped, or forged; untrusted claims do not establish origin.""}"
/root/autodl-tmp/probe-dinov2-bfree-20261001/data/probe_eval_data/real/r1cd8d9a4t.png,r1cd8d9a4t:raise,r1cd8d9a4t,0,raise,0,,,,,,,0,,,,,0,0,PNG,833,1258,0,0,none,none,0,No positive provenance evidence is available; metadata absence or non-origin-bearing tags are inconclusive about origin.,1,0,0.154742,"{""tool"":""ProvenanceInspector"",""evidence_type"":""none"",""verdict"":""inconclusive"",""score"":null,""strength"":""none"",""observation"":""No C2PA claim or usable origin-bearing metadata was found."",""limitations"":""Metadata can be absent, stripped, or forged; untrusted claims do not establish origin.""}"
/root/autodl-tmp/probe-dinov2-bfree-20261001/data/probe_eval_data/fake_flux/r1cd8d9a4t.png,r1cd8d9a4t:flux,r1cd8d9a4t,1,flux,0,,,,,,,0,,,,,0,0,PNG,1024,1024,0,0,none,none,0,No positive provenance evidence is available; metadata absence or non-origin-bearing tags are inconclusive about origin.,1,0,0.117783,"{""tool"":""ProvenanceInspector"",""evidence_type"":""none"",""verdict"":""inconclusive"",""score"":null,""strength"":""none"",""observation"":""No C2PA claim or usable origin-bearing metadata was found."",""limitations"":""Metadata can be absent, stripped, or forged; untrusted claims do not establish origin.""}"
/root/autodl-tmp/probe-dinov2-bfree-20261001/data/probe_eval_data/fake_sd35/r1cd8d9a4t.png,r1cd8d9a4t:sd3_5,r1cd8d9a4t,1,sd3_5,0,,,,,,,0,,,,,0,0,PNG,1024,1024,0,0,none,none,0,No positive provenance evidence is available; metadata absence or non-origin-bearing tags are inconclusive about origin.,1,0,0.126449,"{""tool"":""ProvenanceInspector"",""evidence_type"":""none"",""verdict"":""inconclusive"",""score"":null,""strength"":""none"",""observation"":""No C2PA claim or usable origin-bearing metadata was found."",""limitations"":""Metadata can be absent, stripped, or forged; untrusted claims do not establish origin.""}"
/root/autodl-tmp/probe-dinov2-bfree-20261001/data/probe_eval_data/real/r1a485a99t.png,r1a485a99t:raise,r1a485a99t,0,raise,0,,,,,,,0,,,,,0,0,PNG,1258,833,0,0,none,none,0,No positive provenance evidence is available; metadata absence or non-origin-bearing tags are inconclusive about origin.,1,0,0.158877,"{""tool"":""ProvenanceInspector"",""evidence_type"":""none"",""verdict"":""inconclusive"",""score"":null,""strength"":""none"",""observation"":""No C2PA claim or usable origin-bearing metadata was found."",""limitations"":""Metadata can be absent, stripped, or forged; untrusted claims do not establish origin.""}"
/root/autodl-tmp/probe-dinov2-bfree-20261001/data/probe_eval_data/fake_flux/r1a485a99t.png,r1a485a99t:flux,r1a485a99t,1,flux,0,,,,,,,0,,,,,0,0,PNG,1024,1024,0,0,none,none,0,No positive provenance evidence is available; metadata absence or non-origin-bearing tags are inconclusive about origin.,1,0,0.131294,"{""tool"":""ProvenanceInspector"",""evidence_type"":""none"",""verdict"":""inconclusive"",""score"":null,""strength"":""none"",""observation"":""No C2PA claim or usable origin-bearing metadata was found."",""limitations"":""Metadata can be absent, stripped, or forged; untrusted claims do not establish origin.""}"
/root/autodl-tmp/probe-dinov2-bfree-20261001/data/probe_eval_data/fake_sd35/r1a485a99t.png,r1a485a99t:sd3_5,r1a485a99t,1,sd3_5,0,,,,,,,0,,,,,0,0,PNG,1024,1024,0,0,none,none,0,No positive provenance evidence is available; metadata absence or non-origin-bearing tags are inconclusive about origin.,1,0,0.125065,"{""tool"":""ProvenanceInspector"",""evidence_type"":""none"",""verdict"":""inconclusive"",""score"":null,""strength"":""none"",""observation"":""No C2PA claim or usable origin-bearing metadata was found."",""limitations"":""Metadata can be absent, stripped, or forged; untrusted claims do not establish origin.""}"
/root/autodl-tmp/probe-dinov2-bfree-20261001/data/probe_eval_data/real/r1a8ee526t.png,r1a8ee526t:raise,r1a8ee526t,0,raise,0,,,,,,,0,,,,,0,0,PNG,1256,835,0,0,none,none,0,No positive provenance evidence is available; metadata absence or non-origin-bearing tags are inconclusive about origin.,1,0,0.135602,"{""tool"":""ProvenanceInspector"",""evidence_type"":""none"",""verdict"":""inconclusive"",""score"":null,""strength"":""none"",""observation"":""No C2PA claim or usable origin-bearing metadata was found."",""limitations"":""Metadata can be absent, stripped, or forged; untrusted claims do not establish origin.""}"
/root/autodl-tmp/probe-dinov2-bfree-20261001/data/probe_eval_data/fake_flux/r1a8ee526t.png,r1a8ee526t:flux,r1a8ee526t,1,flux,0,,,,,,,0,,,,,0,0,PNG,1024,1024,0,0,none,none,0,No positive provenance evidence is available; metadata absence or non-origin-bearing tags are inconclusive about origin.,1,0,0.125736,"{""tool"":""ProvenanceInspector"",""evidence_type"":""none"",""verdict"":""inconclusive"",""score"":null,""strength"":""none"",""observation"":""No C2PA claim or usable origin-bearing metadata was found."",""limitations"":""Metadata can be absent, stripped, or forged; untrusted claims do not establish origin.""}"
/root/autodl-tmp/probe-dinov2-bfree-20261001/data/probe_eval_data/fake_sd35/r1a8ee526t.png,r1a8ee526t:sd3_5,r1a8ee526t,1,sd3_5,0,,,,,,,0,,,,,0,0,PNG,1024,1024,0,0,none,none,0,No positive provenance evidence is available; metadata absence or non-origin-bearing tags are inconclusive about origin.,1,0,0.125208,"{""tool"":""ProvenanceInspector"",""evidence_type"":""none"",""verdict"":""inconclusive"",""score"":null,""strength"":""none"",""observation"":""No C2PA claim or usable origin-bearing metadata was found."",""limitations"":""Metadata can be absent, stripped, or forged; untrusted claims do not establish origin.""}"
/root/autodl-tmp/probe-dinov2-bfree-20261001/data/probe_eval_data/real/r1ea8ccbbt.png,r1ea8ccbbt:raise,r1ea8ccbbt,0,raise,0,,,,,,,0,,,,,0,0,PNG,1258,833,0,0,none,none,0,No positive provenance evidence is available; metadata absence or non-origin-bearing tags are inconclusive about origin.,1,0,0.163974,"{""tool"":""ProvenanceInspector"",""evidence_type"":""none"",""verdict"":""inconclusive"",""score"":null,""strength"":""none"",""observation"":""No C2PA claim or usable origin-bearing metadata was found."",""limitations"":""Metadata can be absent, stripped, or forged; untrusted claims do not establish origin.""}"
/root/autodl-tmp/probe-dinov2-bfree-20261001/data/probe_eval_data/fake_flux/r1ea8ccbbt.png,r1ea8ccbbt:flux,r1ea8ccbbt,1,flux,0,,,,,,,0,,,,,0,0,PNG,1024,1024,0,0,none,none,0,No positive provenance evidence is available; metadata absence or non-origin-bearing tags are inconclusive about origin.,1,0,0.124706,"{""tool"":""ProvenanceInspector"",""evidence_type"":""none"",""verdict"":""inconclusive"",""score"":null,""strength"":""none"",""observation"":""No C2PA claim or usable origin-bearing metadata was found."",""limitations"":""Metadata can be absent, stripped, or forged; untrusted claims do not establish origin.""}"
/root/autodl-tmp/probe-dinov2-bfree-20261001/data/probe_eval_data/fake_sd35/r1ea8ccbbt.png,r1ea8ccbbt:sd3_5,r1ea8ccbbt,1,sd3_5,0,,,,,,,0,,,,,0,0,PNG,1024,1024,0,0,none,none,0,No positive provenance evidence is available; metadata absence or non-origin-bearing tags are inconclusive about origin.,1,0,0.129625,"{""tool"":""ProvenanceInspector"",""evidence_type"":""none"",""verdict"":""inconclusive"",""score"":null,""strength"":""none"",""observation"":""No C2PA claim or usable origin-bearing metadata was found."",""limitations"":""Metadata can be absent, stripped, or forged; untrusted claims do not establish origin.""}"
/root/autodl-tmp/probe-dinov2-bfree-20261001/data/probe_eval_data/real/r110f894ft.png,r110f894ft:raise,r110f894ft,0,raise,0,,,,,,,0,,,,,0,0,PNG,1256,835,0,0,none,none,0,No positive provenance evidence is available; metadata absence or non-origin-bearing tags are inconclusive about origin.,1,0,0.160268,"{""tool"":""ProvenanceInspector"",""evidence_type"":""none"",""verdict"":""inconclusive"",""score"":null,""strength"":""none"",""observation"":""No C2PA claim or usable origin-bearing metadata was found."",""limitations"":""Metadata can be absent, stripped, or forged; untrusted claims do not establish origin.""}"
/root/autodl-tmp/probe-dinov2-bfree-20261001/data/probe_eval_data/fake_flux/r110f894ft.png,r110f894ft:flux,r110f894ft,1,flux,0,,,,,,,0,,,,,0,0,PNG,1024,1024,0,0,none,none,0,No positive provenance evidence is available; metadata absence or non-origin-bearing tags are inconclusive about origin.,1,0,0.118553,"{""tool"":""ProvenanceInspector"",""evidence_type"":""none"",""verdict"":""inconclusive"",""score"":null,""strength"":""none"",""observation"":""No C2PA claim or usable origin-bearing metadata was found."",""limitations"":""Metadata can be absent, stripped, or forged; untrusted claims do not establish origin.""}"
/root/autodl-tmp/probe-dinov2-bfree-20261001/data/probe_eval_data/fake_sd35/r110f894ft.png,r110f894ft:sd3_5,r110f894ft,1,sd3_5,0,,,,,,,0,,,,,0,0,PNG,1024,1024,0,0,none,none,0,No positive provenance evidence is available; metadata absence or non-origin-bearing tags are inconclusive about origin.,1,0,0.15803,"{""tool"":""ProvenanceInspector"",""evidence_type"":""none"",""verdict"":""inconclusive"",""score"":null,""strength"":""none"",""observation"":""No C2PA claim or usable origin-bearing metadata was found."",""limitations"":""Metadata can be absent, stripped, or forged; untrusted claims do not establish origin.""}"
/root/autodl-tmp/probe-dinov2-bfree-20261001/data/probe_eval_data/real/r16422663t.png,r16422663t:raise,r16422663t,0,raise,0,,,,,,,0,,,,,0,0,PNG,1258,833,0,0,none,none,0,No positive provenance evidence is available; metadata absence or non-origin-bearing tags are inconclusive about origin.,1,0,0.160269,"{""tool"":""ProvenanceInspector"",""evidence_type"":""none"",""verdict"":""inconclusive"",""score"":null,""strength"":""none"",""observation"":""No C2PA claim or usable origin-bearing metadata was found."",""limitations"":""Metadata can be absent, stripped, or forged; untrusted claims do not establish origin.""}"
/root/autodl-tmp/probe-dinov2-bfree-20261001/data/probe_eval_data/fake_flux/r16422663t.png,r16422663t:flux,r16422663t,1,flux,0,,,,,,,0,,,,,0,0,PNG,1024,1024,0,0,none,none,0,No positive provenance evidence is available; metadata absence or non-origin-bearing tags are inconclusive about origin.,1,0,0.144484,"{""tool"":""ProvenanceInspector"",""evidence_type"":""none"",""verdict"":""inconclusive"",""score"":null,""strength"":""none"",""observation"":""No C2PA claim or usable origin-bearing metadata was found."",""limitations"":""Metadata can be absent, stripped, or forged; untrusted claims do not establish origin.""}"
/root/autodl-tmp/probe-dinov2-bfree-20261001/data/probe_eval_data/fake_sd35/r16422663t.png,r16422663t:sd3_5,r16422663t,1,sd3_5,0,,,,,,,0,,,,,0,0,PNG,1024,1024,0,0,none,none,0,No positive provenance evidence is available; metadata absence or non-origin-bearing tags are inconclusive about origin.,1,0,0.133265,"{""tool"":""ProvenanceInspector"",""evidence_type"":""none"",""verdict"":""inconclusive"",""score"":null,""strength"":""none"",""observation"":""No C2PA claim or usable origin-bearing metadata was found."",""limitations"":""Metadata can be absent, stripped, or forged; untrusted claims do not establish origin.""}"
/root/autodl-tmp/probe-dinov2-bfree-20261001/data/probe_eval_data/real/r1aa4db16t.png,r1aa4db16t:raise,r1aa4db16t,0,raise,0,,,,,,,0,,,,,0,0,PNG,1258,833,0,0,none,none,0,No positive provenance evidence is available; metadata absence or non-origin-bearing tags are inconclusive about origin.,1,0,0.1585,"{""tool"":""ProvenanceInspector"",""evidence_type"":""none"",""verdict"":""inconclusive"",""score"":null,""strength"":""none"",""observation"":""No C2PA claim or usable origin-bearing metadata was found."",""limitations"":""Metadata can be absent, stripped, or forged; untrusted claims do not establish origin.""}"
/root/autodl-tmp/probe-dinov2-bfree-20261001/data/probe_eval_data/fake_flux/r1aa4db16t.png,r1aa4db16t:flux,r1aa4db16t,1,flux,0,,,,,,,0,,,,,0,0,PNG,1024,1024,0,0,none,none,0,No positive provenance evidence is available; metadata absence or non-origin-bearing tags are inconclusive about origin.,1,0,0.132934,"{""tool"":""ProvenanceInspector"",""evidence_type"":""none"",""verdict"":""inconclusive"",""score"":null,""strength"":""none"",""observation"":""No C2PA claim or usable origin-bearing metadata was found."",""limitations"":""Metadata can be absent, stripped, or forged; untrusted claims do not establish origin.""}"
/root/autodl-tmp/probe-dinov2-bfree-20261001/data/probe_eval_data/fake_sd35/r1aa4db16t.png,r1aa4db16t:sd3_5,r1aa4db16t,1,sd3_5,0,,,,,,,0,,,,,0,0,PNG,1024,1024,0,0,none,none,0,No positive provenance evidence is available; metadata absence or non-origin-bearing tags are inconclusive about origin.,1,0,0.134684,"{""tool"":""ProvenanceInspector"",""evidence_type"":""none"",""verdict"":""inconclusive"",""score"":null,""strength"":""none"",""observation"":""No C2PA claim or usable origin-bearing metadata was found."",""limitations"":""Metadata can be absent, stripped, or forged; untrusted claims do not establish origin.""}"
/root/autodl-tmp/probe-dinov2-bfree-20261001/data/probe_eval_data/real/r193b12aet.png,r193b12aet:raise,r193b12aet,0,raise,0,,,,,,,0,,,,,0,0,PNG,1258,833,0,0,none,none,0,No positive provenance evidence is available; metadata absence or non-origin-bearing tags are inconclusive about origin.,1,0,0.15839,"{""tool"":""ProvenanceInspector"",""evidence_type"":""none"",""verdict"":""inconclusive"",""score"":null,""strength"":""none"",""observation"":""No C2PA claim or usable origin-bearing metadata was found."",""limitations"":""Metadata can be absent, stripped, or forged; untrusted claims do not establish origin.""}"
/root/autodl-tmp/probe-dinov2-bfree-20261001/data/probe_eval_data/fake_flux/r193b12aet.png,r193b12aet:flux,r193b12aet,1,flux,0,,,,,,,0,,,,,0,0,PNG,1024,1024,0,0,none,none,0,No positive provenance evidence is available; metadata absence or non-origin-bearing tags are inconclusive about origin.,1,0,0.155075,"{""tool"":""ProvenanceInspector"",""evidence_type"":""none"",""verdict"":""inconclusive"",""score"":null,""strength"":""none"",""observation"":""No C2PA claim or usable origin-bearing metadata was found."",""limitations"":""Metadata can be absent, stripped, or forged; untrusted claims do not establish origin.""}"
/root/autodl-tmp/probe-dinov2-bfree-20261001/data/probe_eval_data/fake_sd35/r193b12aet.png,r193b12aet:sd3_5,r193b12aet,1,sd3_5,0,,,,,,,0,,,,,0,0,PNG,1024,1024,0,0,none,none,0,No positive provenance evidence is available; metadata absence or non-origin-bearing tags are inconclusive about origin.,1,0,0.133697,"{""tool"":""ProvenanceInspector"",""evidence_type"":""none"",""verdict"":""inconclusive"",""score"":null,""strength"":""none"",""observation"":""No C2PA claim or usable origin-bearing metadata was found."",""limitations"":""Metadata can be absent, stripped, or forged; untrusted claims do not establish origin.""}"
/root/autodl-tmp/probe-dinov2-bfree-20261001/data/probe_eval_data/real/r1f4f8a51t.png,r1f4f8a51t:raise,r1f4f8a51t,0,raise,0,,,,,,,0,,,,,0,0,PNG,1258,833,0,0,none,none,0,No positive provenance evidence is available; metadata absence or non-origin-bearing tags are inconclusive about origin.,1,0,0.161312,"{""tool"":""ProvenanceInspector"",""evidence_type"":""none"",""verdict"":""inconclusive"",""score"":null,""strength"":""none"",""observation"":""No C2PA claim or usable origin-bearing metadata was found."",""limitations"":""Metadata can be absent, stripped, or forged; untrusted claims do not establish origin.""}"
/root/autodl-tmp/probe-dinov2-bfree-20261001/data/probe_eval_data/fake_flux/r1f4f8a51t.png,r1f4f8a51t:flux,r1f4f8a51t,1,flux,0,,,,,,,0,,,,,0,0,PNG,1024,1024,0,0,none,none,0,No positive provenance evidence is available; metadata absence or non-origin-bearing tags are inconclusive about origin.,1,0,0.130116,"{""tool"":""ProvenanceInspector"",""evidence_type"":""none"",""verdict"":""inconclusive"",""score"":null,""strength"":""none"",""observation"":""No C2PA claim or usable origin-bearing metadata was found."",""limitations"":""Metadata can be absent, stripped, or forged; untrusted claims do not establish origin.""}"
/root/autodl-tmp/probe-dinov2-bfree-20261001/data/probe_eval_data/fake_sd35/r1f4f8a51t.png,r1f4f8a51t:sd3_5,r1f4f8a51t,1,sd3_5,0,,,,,,,0,,,,,0,0,PNG,1024,1024,0,0,none,none,0,No positive provenance evidence is available; metadata absence or non-origin-bearing tags are inconclusive about origin.,1,0,0.132859,"{""tool"":""ProvenanceInspector"",""evidence_type"":""none"",""verdict"":""inconclusive"",""score"":null,""strength"":""none"",""observation"":""No C2PA claim or usable origin-bearing metadata was found."",""limitations"":""Metadata can be absent, stripped, or forged; untrusted claims do not establish origin.""}"
/root/autodl-tmp/probe-dinov2-bfree-20261001/data/probe_eval_data/real/r0ba4c4c0t.png,r0ba4c4c0t:raise,r0ba4c4c0t,0,raise,0,,,,,,,0,,,,,0,0,PNG,833,1258,0,0,none,none,0,No positive provenance evidence is available; metadata absence or non-origin-bearing tags are inconclusive about origin.,1,0,0.155583,"{""tool"":""ProvenanceInspector"",""evidence_type"":""none"",""verdict"":""inconclusive"",""score"":null,""strength"":""none"",""observation"":""No C2PA claim or usable origin-bearing metadata was found."",""limitations"":""Metadata can be absent, stripped, or forged; untrusted claims do not establish origin.""}"
/root/autodl-tmp/probe-dinov2-bfree-20261001/data/probe_eval_data/fake_flux/r0ba4c4c0t.png,r0ba4c4c0t:flux,r0ba4c4c0t,1,flux,0,,,,,,,0,,,,,0,0,PNG,1024,1024,0,0,none,none,0,No positive provenance evidence is available; metadata absence or non-origin-bearing tags are inconclusive about origin.,1,0,0.133592,"{""tool"":""ProvenanceInspector"",""evidence_type"":""none"",""verdict"":""inconclusive"",""score"":null,""strength"":""none"",""observation"":""No C2PA claim or usable origin-bearing metadata was found."",""limitations"":""Metadata can be absent, stripped, or forged; untrusted claims do not establish origin.""}"
/root/autodl-tmp/probe-dinov2-bfree-20261001/data/probe_eval_data/fake_sd35/r0ba4c4c0t.png,r0ba4c4c0t:sd3_5,r0ba4c4c0t,1,sd3_5,0,,,,,,,0,,,,,0,0,PNG,1024,1024,0,0,none,none,0,No positive provenance evidence is available; metadata absence or non-origin-bearing tags are inconclusive about origin.,1,0,0.131791,"{""tool"":""ProvenanceInspector"",""evidence_type"":""none"",""verdict"":""inconclusive"",""score"":null,""strength"":""none"",""observation"":""No C2PA claim or usable origin-bearing metadata was found."",""limitations"":""Metadata can be absent, stripped, or forged; untrusted claims do not establish origin.""}"
/root/autodl-tmp/probe-dinov2-bfree-20261001/data/probe_eval_data/real/r0141f0c9t.png,r0141f0c9t:raise,r0141f0c9t,0,raise,0,,,,,,,0,,,,,0,0,PNG,1258,833,0,0,none,none,0,No positive provenance evidence is available; metadata absence or non-origin-bearing tags are inconclusive about origin.,1,0,0.160637,"{""tool"":""ProvenanceInspector"",""evidence_type"":""none"",""verdict"":""inconclusive"",""score"":null,""strength"":""none"",""observation"":""No C2PA claim or usable origin-bearing metadata was found."",""limitations"":""Metadata can be absent, stripped, or forged; untrusted claims do not establish origin.""}"
/root/autodl-tmp/probe-dinov2-bfree-20261001/data/probe_eval_data/fake_flux/r0141f0c9t.png,r0141f0c9t:flux,r0141f0c9t,1,flux,0,,,,,,,0,,,,,0,0,PNG,1024,1024,0,0,none,none,0,No positive provenance evidence is available; metadata absence or non-origin-bearing tags are inconclusive about origin.,1,0,0.129813,"{""tool"":""ProvenanceInspector"",""evidence_type"":""none"",""verdict"":""inconclusive"",""score"":null,""strength"":""none"",""observation"":""No C2PA claim or usable origin-bearing metadata was found."",""limitations"":""Metadata can be absent, stripped, or forged; untrusted claims do not establish origin.""}"
/root/autodl-tmp/probe-dinov2-bfree-20261001/data/probe_eval_data/fake_sd35/r0141f0c9t.png,r0141f0c9t:sd3_5,r0141f0c9t,1,sd3_5,0,,,,,,,0,,,,,0,0,PNG,1024,1024,0,0,none,none,0,No positive provenance evidence is available; metadata absence or non-origin-bearing tags are inconclusive about origin.,1,0,0.133542,"{""tool"":""ProvenanceInspector"",""evidence_type"":""none"",""verdict"":""inconclusive"",""score"":null,""strength"":""none"",""observation"":""No C2PA claim or usable origin-bearing metadata was found."",""limitations"":""Metadata can be absent, stripped, or forged; untrusted claims do not establish origin.""}"
/root/autodl-tmp/probe-dinov2-bfree-20261001/data/probe_eval_data/real/r0225b88bt.png,r0225b88bt:raise,r0225b88bt,0,raise,0,,,,,,,0,,,,,0,0,PNG,833,1258,0,0,none,none,0,No positive provenance evidence is available; metadata absence or non-origin-bearing tags are inconclusive about origin.,1,0,0.153948,"{""tool"":""ProvenanceInspector"",""evidence_type"":""none"",""verdict"":""inconclusive"",""score"":null,""strength"":""none"",""observation"":""No C2PA claim or usable origin-bearing metadata was found."",""limitations"":""Metadata can be absent, stripped, or forged; untrusted claims do not establish origin.""}"
/root/autodl-tmp/probe-dinov2-bfree-20261001/data/probe_eval_data/fake_flux/r0225b88bt.png,r0225b88bt:flux,r0225b88bt,1,flux,0,,,,,,,0,,,,,0,0,PNG,1024,1024,0,0,none,none,0,No positive provenance evidence is available; metadata absence or non-origin-bearing tags are inconclusive about origin.,1,0,0.123693,"{""tool"":""ProvenanceInspector"",""evidence_type"":""none"",""verdict"":""inconclusive"",""score"":null,""strength"":""none"",""observation"":""No C2PA claim or usable origin-bearing metadata was found."",""limitations"":""Metadata can be absent, stripped, or forged; untrusted claims do not establish origin.""}"
/root/autodl-tmp/probe-dinov2-bfree-20261001/data/probe_eval_data/fake_sd35/r0225b88bt.png,r0225b88bt:sd3_5,r0225b88bt,1,sd3_5,0,,,,,,,0,,,,,0,0,PNG,1024,1024,0,0,none,none,0,No positive provenance evidence is available; metadata absence or non-origin-bearing tags are inconclusive about origin.,1,0,0.130254,"{""tool"":""ProvenanceInspector"",""evidence_type"":""none"",""verdict"":""inconclusive"",""score"":null,""strength"":""none"",""observation"":""No C2PA claim or usable origin-bearing metadata was found."",""limitations"":""Metadata can be absent, stripped, or forged; untrusted claims do not establish origin.""}"
/root/autodl-tmp/probe-dinov2-bfree-20261001/data/probe_eval_data/real/r02354285t.png,r02354285t:raise,r02354285t,0,raise,0,,,,,,,0,,,,,0,0,PNG,1258,833,0,0,none,none,0,No positive provenance evidence is available; metadata absence or non-origin-bearing tags are inconclusive about origin.,1,0,0.162939,"{""tool"":""ProvenanceInspector"",""evidence_type"":""none"",""verdict"":""inconclusive"",""score"":null,""strength"":""none"",""observation"":""No C2PA claim or usable origin-bearing metadata was found."",""limitations"":""Metadata can be absent, stripped, or forged; untrusted claims do not establish origin.""}"
/root/autodl-tmp/probe-dinov2-bfree-20261001/data/probe_eval_data/fake_flux/r02354285t.png,r02354285t:flux,r02354285t,1,flux,0,,,,,,,0,,,,,0,0,PNG,1024,1024,0,0,none,none,0,No positive provenance evidence is available; metadata absence or non-origin-bearing tags are inconclusive about origin.,1,0,0.13216,"{""tool"":""ProvenanceInspector"",""evidence_type"":""none"",""verdict"":""inconclusive"",""score"":null,""strength"":""none"",""observation"":""No C2PA claim or usable origin-bearing metadata was found."",""limitations"":""Metadata can be absent, stripped, or forged; untrusted claims do not establish origin.""}"
/root/autodl-tmp/probe-dinov2-bfree-20261001/data/probe_eval_data/fake_sd35/r02354285t.png,r02354285t:sd3_5,r02354285t,1,sd3_5,0,,,,,,,0,,,,,0,0,PNG,1024,1024,0,0,none,none,0,No positive provenance evidence is available; metadata absence or non-origin-bearing tags are inconclusive about origin.,1,0,0.130179,"{""tool"":""ProvenanceInspector"",""evidence_type"":""none"",""verdict"":""inconclusive"",""score"":null,""strength"":""none"",""observation"":""No C2PA claim or usable origin-bearing metadata was found."",""limitations"":""Metadata can be absent, stripped, or forged; untrusted claims do not establish origin.""}"
/root/autodl-tmp/probe-dinov2-bfree-20261001/data/probe_eval_data/real/r06bfc92at.png,r06bfc92at:raise,r06bfc92at,0,raise,0,,,,,,,0,,,,,0,0,PNG,1258,833,0,0,none,none,0,No positive provenance evidence is available; metadata absence or non-origin-bearing tags are inconclusive about origin.,1,0,0.137214,"{""tool"":""ProvenanceInspector"",""evidence_type"":""none"",""verdict"":""inconclusive"",""score"":null,""strength"":""none"",""observation"":""No C2PA claim or usable origin-bearing metadata was found."",""limitations"":""Metadata can be absent, stripped, or forged; untrusted claims do not establish origin.""}"
/root/autodl-tmp/probe-dinov2-bfree-20261001/data/probe_eval_data/fake_flux/r06bfc92at.png,r06bfc92at:flux,r06bfc92at,1,flux,0,,,,,,,0,,,,,0,0,PNG,1024,1024,0,0,none,none,0,No positive provenance evidence is available; metadata absence or non-origin-bearing tags are inconclusive about origin.,1,0,0.133887,"{""tool"":""ProvenanceInspector"",""evidence_type"":""none"",""verdict"":""inconclusive"",""score"":null,""strength"":""none"",""observation"":""No C2PA claim or usable origin-bearing metadata was found."",""limitations"":""Metadata can be absent, stripped, or forged; untrusted claims do not establish origin.""}"
/root/autodl-tmp/probe-dinov2-bfree-20261001/data/probe_eval_data/fake_sd35/r06bfc92at.png,r06bfc92at:sd3_5,r06bfc92at,1,sd3_5,0,,,,,,,0,,,,,0,0,PNG,1024,1024,0,0,none,none,0,No positive provenance evidence is available; metadata absence or non-origin-bearing tags are inconclusive about origin.,1,0,0.131402,"{""tool"":""ProvenanceInspector"",""evidence_type"":""none"",""verdict"":""inconclusive"",""score"":null,""strength"":""none"",""observation"":""No C2PA claim or usable origin-bearing metadata was found."",""limitations"":""Metadata can be absent, stripped, or forged; untrusted claims do not establish origin.""}"
/root/autodl-tmp/probe-dinov2-bfree-20261001/data/probe_eval_data/real/r07598392t.png,r07598392t:raise,r07598392t,0,raise,0,,,,,,,0,,,,,0,0,PNG,833,1258,0,0,none,none,0,No positive provenance evidence is available; metadata absence or non-origin-bearing tags are inconclusive about origin.,1,0,0.158505,"{""tool"":""ProvenanceInspector"",""evidence_type"":""none"",""verdict"":""inconclusive"",""score"":null,""strength"":""none"",""observation"":""No C2PA claim or usable origin-bearing metadata was found."",""limitations"":""Metadata can be absent, stripped, or forged; untrusted claims do not establish origin.""}"
/root/autodl-tmp/probe-dinov2-bfree-20261001/data/probe_eval_data/fake_flux/r07598392t.png,r07598392t:flux,r07598392t,1,flux,0,,,,,,,0,,,,,0,0,PNG,1024,1024,0,0,none,none,0,No positive provenance evidence is available; metadata absence or non-origin-bearing tags are inconclusive about origin.,1,0,0.134094,"{""tool"":""ProvenanceInspector"",""evidence_type"":""none"",""verdict"":""inconclusive"",""score"":null,""strength"":""none"",""observation"":""No C2PA claim or usable origin-bearing metadata was found."",""limitations"":""Metadata can be absent, stripped, or forged; untrusted claims do not establish origin.""}"
/root/autodl-tmp/probe-dinov2-bfree-20261001/data/probe_eval_data/fake_sd35/r07598392t.png,r07598392t:sd3_5,r07598392t,1,sd3_5,0,,,,,,,0,,,,,0,0,PNG,1024,1024,0,0,none,none,0,No positive provenance evidence is available; metadata absence or non-origin-bearing tags are inconclusive about origin.,1,0,0.12748,"{""tool"":""ProvenanceInspector"",""evidence_type"":""none"",""verdict"":""inconclusive"",""score"":null,""strength"":""none"",""observation"":""No C2PA claim or usable origin-bearing metadata was found."",""limitations"":""Metadata can be absent, stripped, or forged; untrusted claims do not establish origin.""}"
/root/autodl-tmp/probe-dinov2-bfree-20261001/data/probe_eval_data/real/r042d7b17t.png,r042d7b17t:raise,r042d7b17t,0,raise,0,,,,,,,0,,,,,0,0,PNG,1258,833,0,0,none,none,0,No positive provenance evidence is available; metadata absence or non-origin-bearing tags are inconclusive about origin.,1,0,0.181936,"{""tool"":""ProvenanceInspector"",""evidence_type"":""none"",""verdict"":""inconclusive"",""score"":null,""strength"":""none"",""observation"":""No C2PA claim or usable origin-bearing metadata was found."",""limitations"":""Metadata can be absent, stripped, or forged; untrusted claims do not establish origin.""}"
/root/autodl-tmp/probe-dinov2-bfree-20261001/data/probe_eval_data/fake_flux/r042d7b17t.png,r042d7b17t:flux,r042d7b17t,1,flux,0,,,,,,,0,,,,,0,0,PNG,1024,1024,0,0,none,none,0,No positive provenance evidence is available; metadata absence or non-origin-bearing tags are inconclusive about origin.,1,0,0.127204,"{""tool"":""ProvenanceInspector"",""evidence_type"":""none"",""verdict"":""inconclusive"",""score"":null,""strength"":""none"",""observation"":""No C2PA claim or usable origin-bearing metadata was found."",""limitations"":""Metadata can be absent, stripped, or forged; untrusted claims do not establish origin.""}"
/root/autodl-tmp/probe-dinov2-bfree-20261001/data/probe_eval_data/fake_sd35/r042d7b17t.png,r042d7b17t:sd3_5,r042d7b17t,1,sd3_5,0,,,,,,,0,,,,,0,0,PNG,1024,1024,0,0,none,none,0,No positive provenance evidence is available; metadata absence or non-origin-bearing tags are inconclusive about origin.,1,0,0.131187,"{""tool"":""ProvenanceInspector"",""evidence_type"":""none"",""verdict"":""inconclusive"",""score"":null,""strength"":""none"",""observation"":""No C2PA claim or usable origin-bearing metadata was found."",""limitations"":""Metadata can be absent, stripped, or forged; untrusted claims do not establish origin.""}"
/root/autodl-tmp/probe-dinov2-bfree-20261001/data/probe_eval_data/real/r13b45303t.png,r13b45303t:raise,r13b45303t,0,raise,0,,,,,,,0,,,,,0,0,PNG,1256,835,0,0,none,none,0,No positive provenance evidence is available; metadata absence or non-origin-bearing tags are inconclusive about origin.,1,0,0.162496,"{""tool"":""ProvenanceInspector"",""evidence_type"":""none"",""verdict"":""inconclusive"",""score"":null,""strength"":""none"",""observation"":""No C2PA claim or usable origin-bearing metadata was found."",""limitations"":""Metadata can be absent, stripped, or forged; untrusted claims do not establish origin.""}"
/root/autodl-tmp/probe-dinov2-bfree-20261001/data/probe_eval_data/fake_flux/r13b45303t.png,r13b45303t:flux,r13b45303t,1,flux,0,,,,,,,0,,,,,0,0,PNG,1024,1024,0,0,none,none,0,No positive provenance evidence is available; metadata absence or non-origin-bearing tags are inconclusive about origin.,1,0,0.133406,"{""tool"":""ProvenanceInspector"",""evidence_type"":""none"",""verdict"":""inconclusive"",""score"":null,""strength"":""none"",""observation"":""No C2PA claim or usable origin-bearing metadata was found."",""limitations"":""Metadata can be absent, stripped, or forged; untrusted claims do not establish origin.""}"
/root/autodl-tmp/probe-dinov2-bfree-20261001/data/probe_eval_data/fake_sd35/r13b45303t.png,r13b45303t:sd3_5,r13b45303t,1,sd3_5,0,,,,,,,0,,,,,0,0,PNG,1024,1024,0,0,none,none,0,No positive provenance evidence is available; metadata absence or non-origin-bearing tags are inconclusive about origin.,1,0,0.130636,"{""tool"":""ProvenanceInspector"",""evidence_type"":""none"",""verdict"":""inconclusive"",""score"":null,""strength"":""none"",""observation"":""No C2PA claim or usable origin-bearing metadata was found."",""limitations"":""Metadata can be absent, stripped, or forged; untrusted claims do not establish origin.""}"
/root/autodl-tmp/probe-dinov2-bfree-20261001/data/probe_eval_data/real/r12d4cabat.png,r12d4cabat:raise,r12d4cabat,0,raise,0,,,,,,,0,,,,,0,0,PNG,835,1256,0,0,none,none,0,No positive provenance evidence is available; metadata absence or non-origin-bearing tags are inconclusive about origin.,1,0,0.160386,"{""tool"":""ProvenanceInspector"",""evidence_type"":""none"",""verdict"":""inconclusive"",""score"":null,""strength"":""none"",""observation"":""No C2PA claim or usable origin-bearing metadata was found."",""limitations"":""Metadata can be absent, stripped, or forged; untrusted claims do not establish origin.""}"
/root/autodl-tmp/probe-dinov2-bfree-20261001/data/probe_eval_data/fake_flux/r12d4cabat.png,r12d4cabat:flux,r12d4cabat,1,flux,0,,,,,,,0,,,,,0,0,PNG,1024,1024,0,0,none,none,0,No positive provenance evidence is available; metadata absence or non-origin-bearing tags are inconclusive about origin.,1,0,0.116164,"{""tool"":""ProvenanceInspector"",""evidence_type"":""none"",""verdict"":""inconclusive"",""score"":null,""strength"":""none"",""observation"":""No C2PA claim or usable origin-bearing metadata was found."",""limitations"":""Metadata can be absent, stripped, or forged; untrusted claims do not establish origin.""}"
/root/autodl-tmp/probe-dinov2-bfree-20261001/data/probe_eval_data/fake_sd35/r12d4cabat.png,r12d4cabat:sd3_5,r12d4cabat,1,sd3_5,0,,,,,,,0,,,,,0,0,PNG,1024,1024,0,0,none,none,0,No positive provenance evidence is available; metadata absence or non-origin-bearing tags are inconclusive about origin.,1,0,0.131994,"{""tool"":""ProvenanceInspector"",""evidence_type"":""none"",""verdict"":""inconclusive"",""score"":null,""strength"":""none"",""observation"":""No C2PA claim or usable origin-bearing metadata was found."",""limitations"":""Metadata can be absent, stripped, or forged; untrusted claims do not establish origin.""}"
/root/autodl-tmp/probe-dinov2-bfree-20261001/data/probe_eval_data/real/r1d527f65t.png,r1d527f65t:raise,r1d527f65t,0,raise,0,,,,,,,0,,,,,0,0,PNG,1256,835,0,0,none,none,0,No positive provenance evidence is available; metadata absence or non-origin-bearing tags are inconclusive about origin.,1,0,0.181757,"{""tool"":""ProvenanceInspector"",""evidence_type"":""none"",""verdict"":""inconclusive"",""score"":null,""strength"":""none"",""observation"":""No C2PA claim or usable origin-bearing metadata was found."",""limitations"":""Metadata can be absent, stripped, or forged; untrusted claims do not establish origin.""}"
/root/autodl-tmp/probe-dinov2-bfree-20261001/data/probe_eval_data/fake_flux/r1d527f65t.png,r1d527f65t:flux,r1d527f65t,1,flux,0,,,,,,,0,,,,,0,0,PNG,1024,1024,0,0,none,none,0,No positive provenance evidence is available; metadata absence or non-origin-bearing tags are inconclusive about origin.,1,0,0.1296,"{""tool"":""ProvenanceInspector"",""evidence_type"":""none"",""verdict"":""inconclusive"",""score"":null,""strength"":""none"",""observation"":""No C2PA claim or usable origin-bearing metadata was found."",""limitations"":""Metadata can be absent, stripped, or forged; untrusted claims do not establish origin.""}"
/root/autodl-tmp/probe-dinov2-bfree-20261001/data/probe_eval_data/fake_sd35/r1d527f65t.png,r1d527f65t:sd3_5,r1d527f65t,1,sd3_5,0,,,,,,,0,,,,,0,0,PNG,1024,1024,0,0,none,none,0,No positive provenance evidence is available; metadata absence or non-origin-bearing tags are inconclusive about origin.,1,0,0.110137,"{""tool"":""ProvenanceInspector"",""evidence_type"":""none"",""verdict"":""inconclusive"",""score"":null,""strength"":""none"",""observation"":""No C2PA claim or usable origin-bearing metadata was found."",""limitations"":""Metadata can be absent, stripped, or forged; untrusted claims do not establish origin.""}"
/root/autodl-tmp/probe-dinov2-bfree-20261001/data/probe_eval_data/real/r042d5308t.png,r042d5308t:raise,r042d5308t,0,raise,0,,,,,,,0,,,,,0,0,PNG,1258,833,0,0,none,none,0,No positive provenance evidence is available; metadata absence or non-origin-bearing tags are inconclusive about origin.,1,0,0.160883,"{""tool"":""ProvenanceInspector"",""evidence_type"":""none"",""verdict"":""inconclusive"",""score"":null,""strength"":""none"",""observation"":""No C2PA claim or usable origin-bearing metadata was found."",""limitations"":""Metadata can be absent, stripped, or forged; untrusted claims do not establish origin.""}"
/root/autodl-tmp/probe-dinov2-bfree-20261001/data/probe_eval_data/fake_flux/r042d5308t.png,r042d5308t:flux,r042d5308t,1,flux,0,,,,,,,0,,,,,0,0,PNG,1024,1024,0,0,none,none,0,No positive provenance evidence is available; metadata absence or non-origin-bearing tags are inconclusive about origin.,1,0,0.129211,"{""tool"":""ProvenanceInspector"",""evidence_type"":""none"",""verdict"":""inconclusive"",""score"":null,""strength"":""none"",""observation"":""No C2PA claim or usable origin-bearing metadata was found."",""limitations"":""Metadata can be absent, stripped, or forged; untrusted claims do not establish origin.""}"
/root/autodl-tmp/probe-dinov2-bfree-20261001/data/probe_eval_data/fake_sd35/r042d5308t.png,r042d5308t:sd3_5,r042d5308t,1,sd3_5,0,,,,,,,0,,,,,0,0,PNG,1024,1024,0,0,none,none,0,No positive provenance evidence is available; metadata absence or non-origin-bearing tags are inconclusive about origin.,1,0,0.132407,"{""tool"":""ProvenanceInspector"",""evidence_type"":""none"",""verdict"":""inconclusive"",""score"":null,""strength"":""none"",""observation"":""No C2PA claim or usable origin-bearing metadata was found."",""limitations"":""Metadata can be absent, stripped, or forged; untrusted claims do not establish origin.""}"
/root/autodl-tmp/probe-dinov2-bfree-20261001/data/probe_eval_data/real/r116ce066t.png,r116ce066t:raise,r116ce066t,0,raise,0,,,,,,,0,,,,,0,0,PNG,1258,833,0,0,none,none,0,No positive provenance evidence is available; metadata absence or non-origin-bearing tags are inconclusive about origin.,1,0,0.159252,"{""tool"":""ProvenanceInspector"",""evidence_type"":""none"",""verdict"":""inconclusive"",""score"":null,""strength"":""none"",""observation"":""No C2PA claim or usable origin-bearing metadata was found."",""limitations"":""Metadata can be absent, stripped, or forged; untrusted claims do not establish origin.""}"
/root/autodl-tmp/probe-dinov2-bfree-20261001/data/probe_eval_data/fake_flux/r116ce066t.png,r116ce066t:flux,r116ce066t,1,flux,0,,,,,,,0,,,,,0,0,PNG,1024,1024,0,0,none,none,0,No positive provenance evidence is available; metadata absence or non-origin-bearing tags are inconclusive about origin.,1,0,0.124761,"{""tool"":""ProvenanceInspector"",""evidence_type"":""none"",""verdict"":""inconclusive"",""score"":null,""strength"":""none"",""observation"":""No C2PA claim or usable origin-bearing metadata was found."",""limitations"":""Metadata can be absent, stripped, or forged; untrusted claims do not establish origin.""}"
/root/autodl-tmp/probe-dinov2-bfree-20261001/data/probe_eval_data/fake_sd35/r116ce066t.png,r116ce066t:sd3_5,r116ce066t,1,sd3_5,0,,,,,,,0,,,,,0,0,PNG,1024,1024,0,0,none,none,0,No positive provenance evidence is available; metadata absence or non-origin-bearing tags are inconclusive about origin.,1,0,0.124838,"{""tool"":""ProvenanceInspector"",""evidence_type"":""none"",""verdict"":""inconclusive"",""score"":null,""strength"":""none"",""observation"":""No C2PA claim or usable origin-bearing metadata was found."",""limitations"":""Metadata can be absent, stripped, or forged; untrusted claims do not establish origin.""}"
/root/autodl-tmp/probe-dinov2-bfree-20261001/data/probe_eval_data/real/r150058a4t.png,r150058a4t:raise,r150058a4t,0,raise,0,,,,,,,0,,,,,0,0,PNG,833,1258,0,0,none,none,0,No positive provenance evidence is available; metadata absence or non-origin-bearing tags are inconclusive about origin.,1,0,0.164132,"{""tool"":""ProvenanceInspector"",""evidence_type"":""none"",""verdict"":""inconclusive"",""score"":null,""strength"":""none"",""observation"":""No C2PA claim or usable origin-bearing metadata was found."",""limitations"":""Metadata can be absent, stripped, or forged; untrusted claims do not establish origin.""}"
/root/autodl-tmp/probe-dinov2-bfree-20261001/data/probe_eval_data/fake_flux/r150058a4t.png,r150058a4t:flux,r150058a4t,1,flux,0,,,,,,,0,,,,,0,0,PNG,1024,1024,0,0,none,none,0,No positive provenance evidence is available; metadata absence or non-origin-bearing tags are inconclusive about origin.,1,0,0.168159,"{""tool"":""ProvenanceInspector"",""evidence_type"":""none"",""verdict"":""inconclusive"",""score"":null,""strength"":""none"",""observation"":""No C2PA claim or usable origin-bearing metadata was found."",""limitations"":""Metadata can be absent, stripped, or forged; untrusted claims do not establish origin.""}"
/root/autodl-tmp/probe-dinov2-bfree-20261001/data/probe_eval_data/fake_sd35/r150058a4t.png,r150058a4t:sd3_5,r150058a4t,1,sd3_5,0,,,,,,,0,,,,,0,0,PNG,1024,1024,0,0,none,none,0,No positive provenance evidence is available; metadata absence or non-origin-bearing tags are inconclusive about origin.,1,0,0.117853,"{""tool"":""ProvenanceInspector"",""evidence_type"":""none"",""verdict"":""inconclusive"",""score"":null,""strength"":""none"",""observation"":""No C2PA claim or usable origin-bearing metadata was found."",""limitations"":""Metadata can be absent, stripped, or forged; untrusted claims do not establish origin.""}"
/root/autodl-tmp/probe-dinov2-bfree-20261001/data/probe_eval_data/real/r0ed019a4t.png,r0ed019a4t:raise,r0ed019a4t,0,raise,0,,,,,,,0,,,,,0,0,PNG,1258,833,0,0,none,none,0,No positive provenance evidence is available; metadata absence or non-origin-bearing tags are inconclusive about origin.,1,0,0.16109,"{""tool"":""ProvenanceInspector"",""evidence_type"":""none"",""verdict"":""inconclusive"",""score"":null,""strength"":""none"",""observation"":""No C2PA claim or usable origin-bearing metadata was found."",""limitations"":""Metadata can be absent, stripped, or forged; untrusted claims do not establish origin.""}"
/root/autodl-tmp/probe-dinov2-bfree-20261001/data/probe_eval_data/fake_flux/r0ed019a4t.png,r0ed019a4t:flux,r0ed019a4t,1,flux,0,,,,,,,0,,,,,0,0,PNG,1024,1024,0,0,none,none,0,No positive provenance evidence is available; metadata absence or non-origin-bearing tags are inconclusive about origin.,1,0,0.133733,"{""tool"":""ProvenanceInspector"",""evidence_type"":""none"",""verdict"":""inconclusive"",""score"":null,""strength"":""none"",""observation"":""No C2PA claim or usable origin-bearing metadata was found."",""limitations"":""Metadata can be absent, stripped, or forged; untrusted claims do not establish origin.""}"
/root/autodl-tmp/probe-dinov2-bfree-20261001/data/probe_eval_data/fake_sd35/r0ed019a4t.png,r0ed019a4t:sd3_5,r0ed019a4t,1,sd3_5,0,,,,,,,0,,,,,0,0,PNG,1024,1024,0,0,none,none,0,No positive provenance evidence is available; metadata absence or non-origin-bearing tags are inconclusive about origin.,1,0,0.136691,"{""tool"":""ProvenanceInspector"",""evidence_type"":""none"",""verdict"":""inconclusive"",""score"":null,""strength"":""none"",""observation"":""No C2PA claim or usable origin-bearing metadata was found."",""limitations"":""Metadata can be absent, stripped, or forged; untrusted claims do not establish origin.""}"
/root/autodl-tmp/probe-dinov2-bfree-20261001/data/probe_eval_data/real/r1aa53167t.png,r1aa53167t:raise,r1aa53167t,0,raise,0,,,,,,,0,,,,,0,0,PNG,1258,833,0,0,none,none,0,No positive provenance evidence is available; metadata absence or non-origin-bearing tags are inconclusive about origin.,1,0,0.140518,"{""tool"":""ProvenanceInspector"",""evidence_type"":""none"",""verdict"":""inconclusive"",""score"":null,""strength"":""none"",""observation"":""No C2PA claim or usable origin-bearing metadata was found."",""limitations"":""Metadata can be absent, stripped, or forged; untrusted claims do not establish origin.""}"
/root/autodl-tmp/probe-dinov2-bfree-20261001/data/probe_eval_data/fake_flux/r1aa53167t.png,r1aa53167t:flux,r1aa53167t,1,flux,0,,,,,,,0,,,,,0,0,PNG,1024,1024,0,0,none,none,0,No positive provenance evidence is available; metadata absence or non-origin-bearing tags are inconclusive about origin.,1,0,0.129995,"{""tool"":""ProvenanceInspector"",""evidence_type"":""none"",""verdict"":""inconclusive"",""score"":null,""strength"":""none"",""observation"":""No C2PA claim or usable origin-bearing metadata was found."",""limitations"":""Metadata can be absent, stripped, or forged; untrusted claims do not establish origin.""}"
/root/autodl-tmp/probe-dinov2-bfree-20261001/data/probe_eval_data/fake_sd35/r1aa53167t.png,r1aa53167t:sd3_5,r1aa53167t,1,sd3_5,0,,,,,,,0,,,,,0,0,PNG,1024,1024,0,0,none,none,0,No positive provenance evidence is available; metadata absence or non-origin-bearing tags are inconclusive about origin.,1,0,0.132692,"{""tool"":""ProvenanceInspector"",""evidence_type"":""none"",""verdict"":""inconclusive"",""score"":null,""strength"":""none"",""observation"":""No C2PA claim or usable origin-bearing metadata was found."",""limitations"":""Metadata can be absent, stripped, or forged; untrusted claims do not establish origin.""}"
/root/autodl-tmp/probe-dinov2-bfree-20261001/data/probe_eval_data/real/r0a54ed98t.png,r0a54ed98t:raise,r0a54ed98t,0,raise,0,,,,,,,0,,,,,0,0,PNG,833,1258,0,0,none,none,0,No positive provenance evidence is available; metadata absence or non-origin-bearing tags are inconclusive about origin.,1,0,0.159733,"{""tool"":""ProvenanceInspector"",""evidence_type"":""none"",""verdict"":""inconclusive"",""score"":null,""strength"":""none"",""observation"":""No C2PA claim or usable origin-bearing metadata was found."",""limitations"":""Metadata can be absent, stripped, or forged; untrusted claims do not establish origin.""}"
/root/autodl-tmp/probe-dinov2-bfree-20261001/data/probe_eval_data/fake_flux/r0a54ed98t.png,r0a54ed98t:flux,r0a54ed98t,1,flux,0,,,,,,,0,,,,,0,0,PNG,1024,1024,0,0,none,none,0,No positive provenance evidence is available; metadata absence or non-origin-bearing tags are inconclusive about origin.,1,0,0.131044,"{""tool"":""ProvenanceInspector"",""evidence_type"":""none"",""verdict"":""inconclusive"",""score"":null,""strength"":""none"",""observation"":""No C2PA claim or usable origin-bearing metadata was found."",""limitations"":""Metadata can be absent, stripped, or forged; untrusted claims do not establish origin.""}"
/root/autodl-tmp/probe-dinov2-bfree-20261001/data/probe_eval_data/fake_sd35/r0a54ed98t.png,r0a54ed98t:sd3_5,r0a54ed98t,1,sd3_5,0,,,,,,,0,,,,,0,0,PNG,1024,1024,0,0,none,none,0,No positive provenance evidence is available; metadata absence or non-origin-bearing tags are inconclusive about origin.,1,0,0.130869,"{""tool"":""ProvenanceInspector"",""evidence_type"":""none"",""verdict"":""inconclusive"",""score"":null,""strength"":""none"",""observation"":""No C2PA claim or usable origin-bearing metadata was found."",""limitations"":""Metadata can be absent, stripped, or forged; untrusted claims do not establish origin.""}"
/root/autodl-tmp/probe-dinov2-bfree-20261001/data/probe_eval_data/real/r06b7849at.png,r06b7849at:raise,r06b7849at,0,raise,0,,,,,,,0,,,,,0,0,PNG,1258,833,0,0,none,none,0,No positive provenance evidence is available; metadata absence or non-origin-bearing tags are inconclusive about origin.,1,0,0.161344,"{""tool"":""ProvenanceInspector"",""evidence_type"":""none"",""verdict"":""inconclusive"",""score"":null,""strength"":""none"",""observation"":""No C2PA claim or usable origin-bearing metadata was found."",""limitations"":""Metadata can be absent, stripped, or forged; untrusted claims do not establish origin.""}"
/root/autodl-tmp/probe-dinov2-bfree-20261001/data/probe_eval_data/fake_flux/r06b7849at.png,r06b7849at:flux,r06b7849at,1,flux,0,,,,,,,0,,,,,0,0,PNG,1024,1024,0,0,none,none,0,No positive provenance evidence is available; metadata absence or non-origin-bearing tags are inconclusive about origin.,1,0,0.131246,"{""tool"":""ProvenanceInspector"",""evidence_type"":""none"",""verdict"":""inconclusive"",""score"":null,""strength"":""none"",""observation"":""No C2PA claim or usable origin-bearing metadata was found."",""limitations"":""Metadata can be absent, stripped, or forged; untrusted claims do not establish origin.""}"
/root/autodl-tmp/probe-dinov2-bfree-20261001/data/probe_eval_data/fake_sd35/r06b7849at.png,r06b7849at:sd3_5,r06b7849at,1,sd3_5,0,,,,,,,0,,,,,0,0,PNG,1024,1024,0,0,none,none,0,No positive provenance evidence is available; metadata absence or non-origin-bearing tags are inconclusive about origin.,1,0,0.130986,"{""tool"":""ProvenanceInspector"",""evidence_type"":""none"",""verdict"":""inconclusive"",""score"":null,""strength"":""none"",""observation"":""No C2PA claim or usable origin-bearing metadata was found."",""limitations"":""Metadata can be absent, stripped, or forged; untrusted claims do not establish origin.""}"
/root/autodl-tmp/probe-dinov2-bfree-20261001/data/probe_eval_data/real/r066ef803t.png,r066ef803t:raise,r066ef803t,0,raise,0,,,,,,,0,,,,,0,0,PNG,1258,833,0,0,none,none,0,No positive provenance evidence is available; metadata absence or non-origin-bearing tags are inconclusive about origin.,1,0,0.16325,"{""tool"":""ProvenanceInspector"",""evidence_type"":""none"",""verdict"":""inconclusive"",""score"":null,""strength"":""none"",""observation"":""No C2PA claim or usable origin-bearing metadata was found."",""limitations"":""Metadata can be absent, stripped, or forged; untrusted claims do not establish origin.""}"
/root/autodl-tmp/probe-dinov2-bfree-20261001/data/probe_eval_data/fake_flux/r066ef803t.png,r066ef803t:flux,r066ef803t,1,flux,0,,,,,,,0,,,,,0,0,PNG,1024,1024,0,0,none,none,0,No positive provenance evidence is available; metadata absence or non-origin-bearing tags are inconclusive about origin.,1,0,0.137097,"{""tool"":""ProvenanceInspector"",""evidence_type"":""none"",""verdict"":""inconclusive"",""score"":null,""strength"":""none"",""observation"":""No C2PA claim or usable origin-bearing metadata was found."",""limitations"":""Metadata can be absent, stripped, or forged; untrusted claims do not establish origin.""}"
/root/autodl-tmp/probe-dinov2-bfree-20261001/data/probe_eval_data/fake_sd35/r066ef803t.png,r066ef803t:sd3_5,r066ef803t,1,sd3_5,0,,,,,,,0,,,,,0,0,PNG,1024,1024,0,0,none,none,0,No positive provenance evidence is available; metadata absence or non-origin-bearing tags are inconclusive about origin.,1,0,0.128468,"{""tool"":""ProvenanceInspector"",""evidence_type"":""none"",""verdict"":""inconclusive"",""score"":null,""strength"":""none"",""observation"":""No C2PA claim or usable origin-bearing metadata was found."",""limitations"":""Metadata can be absent, stripped, or forged; untrusted claims do not establish origin.""}"
/root/autodl-tmp/probe-dinov2-bfree-20261001/data/probe_eval_data/real/r1717ae55t.png,r1717ae55t:raise,r1717ae55t,0,raise,0,,,,,,,0,,,,,0,0,PNG,1256,835,0,0,none,none,0,No positive provenance evidence is available; metadata absence or non-origin-bearing tags are inconclusive about origin.,1,0,0.153,"{""tool"":""ProvenanceInspector"",""evidence_type"":""none"",""verdict"":""inconclusive"",""score"":null,""strength"":""none"",""observation"":""No C2PA claim or usable origin-bearing metadata was found."",""limitations"":""Metadata can be absent, stripped, or forged; untrusted claims do not establish origin.""}"
/root/autodl-tmp/probe-dinov2-bfree-20261001/data/probe_eval_data/fake_flux/r1717ae55t.png,r1717ae55t:flux,r1717ae55t,1,flux,0,,,,,,,0,,,,,0,0,PNG,1024,1024,0,0,none,none,0,No positive provenance evidence is available; metadata absence or non-origin-bearing tags are inconclusive about origin.,1,0,0.121413,"{""tool"":""ProvenanceInspector"",""evidence_type"":""none"",""verdict"":""inconclusive"",""score"":null,""strength"":""none"",""observation"":""No C2PA claim or usable origin-bearing metadata was found."",""limitations"":""Metadata can be absent, stripped, or forged; untrusted claims do not establish origin.""}"
/root/autodl-tmp/probe-dinov2-bfree-20261001/data/probe_eval_data/fake_sd35/r1717ae55t.png,r1717ae55t:sd3_5,r1717ae55t,1,sd3_5,0,,,,,,,0,,,,,0,0,PNG,1024,1024,0,0,none,none,0,No positive provenance evidence is available; metadata absence or non-origin-bearing tags are inconclusive about origin.,1,0,0.122262,"{""tool"":""ProvenanceInspector"",""evidence_type"":""none"",""verdict"":""inconclusive"",""score"":null,""strength"":""none"",""observation"":""No C2PA claim or usable origin-bearing metadata was found."",""limitations"":""Metadata can be absent, stripped, or forged; untrusted claims do not establish origin.""}"
/root/autodl-tmp/probe-dinov2-bfree-20261001/data/probe_eval_data/real/r021429abt.png,r021429abt:raise,r021429abt,0,raise,0,,,,,,,0,,,,,0,0,PNG,1258,833,0,0,none,none,0,No positive provenance evidence is available; metadata absence or non-origin-bearing tags are inconclusive about origin.,1,0,0.163925,"{""tool"":""ProvenanceInspector"",""evidence_type"":""none"",""verdict"":""inconclusive"",""score"":null,""strength"":""none"",""observation"":""No C2PA claim or usable origin-bearing metadata was found."",""limitations"":""Metadata can be absent, stripped, or forged; untrusted claims do not establish origin.""}"
/root/autodl-tmp/probe-dinov2-bfree-20261001/data/probe_eval_data/fake_flux/r021429abt.png,r021429abt:flux,r021429abt,1,flux,0,,,,,,,0,,,,,0,0,PNG,1024,1024,0,0,none,none,0,No positive provenance evidence is available; metadata absence or non-origin-bearing tags are inconclusive about origin.,1,0,0.135957,"{""tool"":""ProvenanceInspector"",""evidence_type"":""none"",""verdict"":""inconclusive"",""score"":null,""strength"":""none"",""observation"":""No C2PA claim or usable origin-bearing metadata was found."",""limitations"":""Metadata can be absent, stripped, or forged; untrusted claims do not establish origin.""}"
/root/autodl-tmp/probe-dinov2-bfree-20261001/data/probe_eval_data/fake_sd35/r021429abt.png,r021429abt:sd3_5,r021429abt,1,sd3_5,0,,,,,,,0,,,,,0,0,PNG,1024,1024,0,0,none,none,0,No positive provenance evidence is available; metadata absence or non-origin-bearing tags are inconclusive about origin.,1,0,0.131681,"{""tool"":""ProvenanceInspector"",""evidence_type"":""none"",""verdict"":""inconclusive"",""score"":null,""strength"":""none"",""observation"":""No C2PA claim or usable origin-bearing metadata was found."",""limitations"":""Metadata can be absent, stripped, or forged; untrusted claims do not establish origin.""}"
/root/autodl-tmp/probe-dinov2-bfree-20261001/data/probe_eval_data/real/r1e698e5dt.png,r1e698e5dt:raise,r1e698e5dt,0,raise,0,,,,,,,0,,,,,0,0,PNG,1256,835,0,0,none,none,0,No positive provenance evidence is available; metadata absence or non-origin-bearing tags are inconclusive about origin.,1,0,0.148401,"{""tool"":""ProvenanceInspector"",""evidence_type"":""none"",""verdict"":""inconclusive"",""score"":null,""strength"":""none"",""observation"":""No C2PA claim or usable origin-bearing metadata was found."",""limitations"":""Metadata can be absent, stripped, or forged; untrusted claims do not establish origin.""}"
/root/autodl-tmp/probe-dinov2-bfree-20261001/data/probe_eval_data/fake_flux/r1e698e5dt.png,r1e698e5dt:flux,r1e698e5dt,1,flux,0,,,,,,,0,,,,,0,0,PNG,1024,1024,0,0,none,none,0,No positive provenance evidence is available; metadata absence or non-origin-bearing tags are inconclusive about origin.,1,0,0.135583,"{""tool"":""ProvenanceInspector"",""evidence_type"":""none"",""verdict"":""inconclusive"",""score"":null,""strength"":""none"",""observation"":""No C2PA claim or usable origin-bearing metadata was found."",""limitations"":""Metadata can be absent, stripped, or forged; untrusted claims do not establish origin.""}"
/root/autodl-tmp/probe-dinov2-bfree-20261001/data/probe_eval_data/fake_sd35/r1e698e5dt.png,r1e698e5dt:sd3_5,r1e698e5dt,1,sd3_5,0,,,,,,,0,,,,,0,0,PNG,1024,1024,0,0,none,none,0,No positive provenance evidence is available; metadata absence or non-origin-bearing tags are inconclusive about origin.,1,0,0.130346,"{""tool"":""ProvenanceInspector"",""evidence_type"":""none"",""verdict"":""inconclusive"",""score"":null,""strength"":""none"",""observation"":""No C2PA claim or usable origin-bearing metadata was found."",""limitations"":""Metadata can be absent, stripped, or forged; untrusted claims do not establish origin.""}"
/root/autodl-tmp/probe-dinov2-bfree-20261001/data/probe_eval_data/real/r1554cfadt.png,r1554cfadt:raise,r1554cfadt,0,raise,0,,,,,,,0,,,,,0,0,PNG,1258,833,0,0,none,none,0,No positive provenance evidence is available; metadata absence or non-origin-bearing tags are inconclusive about origin.,1,0,0.162131,"{""tool"":""ProvenanceInspector"",""evidence_type"":""none"",""verdict"":""inconclusive"",""score"":null,""strength"":""none"",""observation"":""No C2PA claim or usable origin-bearing metadata was found."",""limitations"":""Metadata can be absent, stripped, or forged; untrusted claims do not establish origin.""}"
/root/autodl-tmp/probe-dinov2-bfree-20261001/data/probe_eval_data/fake_flux/r1554cfadt.png,r1554cfadt:flux,r1554cfadt,1,flux,0,,,,,,,0,,,,,0,0,PNG,1024,1024,0,0,none,none,0,No positive provenance evidence is available; metadata absence or non-origin-bearing tags are inconclusive about origin.,1,0,0.139638,"{""tool"":""ProvenanceInspector"",""evidence_type"":""none"",""verdict"":""inconclusive"",""score"":null,""strength"":""none"",""observation"":""No C2PA claim or usable origin-bearing metadata was found."",""limitations"":""Metadata can be absent, stripped, or forged; untrusted claims do not establish origin.""}"
/root/autodl-tmp/probe-dinov2-bfree-20261001/data/probe_eval_data/fake_sd35/r1554cfadt.png,r1554cfadt:sd3_5,r1554cfadt,1,sd3_5,0,,,,,,,0,,,,,0,0,PNG,1024,1024,0,0,none,none,0,No positive provenance evidence is available; metadata absence or non-origin-bearing tags are inconclusive about origin.,1,0,0.132499,"{""tool"":""ProvenanceInspector"",""evidence_type"":""none"",""verdict"":""inconclusive"",""score"":null,""strength"":""none"",""observation"":""No C2PA claim or usable origin-bearing metadata was found."",""limitations"":""Metadata can be absent, stripped, or forged; untrusted claims do not establish origin.""}"
/root/autodl-tmp/probe-dinov2-bfree-20261001/data/probe_eval_data/real/r00c4a543t.png,r00c4a543t:raise,r00c4a543t,0,raise,0,,,,,,,0,,,,,0,0,PNG,833,1258,0,0,none,none,0,No positive provenance evidence is available; metadata absence or non-origin-bearing tags are inconclusive about origin.,1,0,0.15583,"{""tool"":""ProvenanceInspector"",""evidence_type"":""none"",""verdict"":""inconclusive"",""score"":null,""strength"":""none"",""observation"":""No C2PA claim or usable origin-bearing metadata was found."",""limitations"":""Metadata can be absent, stripped, or forged; untrusted claims do not establish origin.""}"
/root/autodl-tmp/probe-dinov2-bfree-20261001/data/probe_eval_data/fake_flux/r00c4a543t.png,r00c4a543t:flux,r00c4a543t,1,flux,0,,,,,,,0,,,,,0,0,PNG,1024,1024,0,0,none,none,0,No positive provenance evidence is available; metadata absence or non-origin-bearing tags are inconclusive about origin.,1,0,0.133455,"{""tool"":""ProvenanceInspector"",""evidence_type"":""none"",""verdict"":""inconclusive"",""score"":null,""strength"":""none"",""observation"":""No C2PA claim or usable origin-bearing metadata was found."",""limitations"":""Metadata can be absent, stripped, or forged; untrusted claims do not establish origin.""}"
/root/autodl-tmp/probe-dinov2-bfree-20261001/data/probe_eval_data/fake_sd35/r00c4a543t.png,r00c4a543t:sd3_5,r00c4a543t,1,sd3_5,0,,,,,,,0,,,,,0,0,PNG,1024,1024,0,0,none,none,0,No positive provenance evidence is available; metadata absence or non-origin-bearing tags are inconclusive about origin.,1,0,0.145735,"{""tool"":""ProvenanceInspector"",""evidence_type"":""none"",""verdict"":""inconclusive"",""score"":null,""strength"":""none"",""observation"":""No C2PA claim or usable origin-bearing metadata was found."",""limitations"":""Metadata can be absent, stripped, or forged; untrusted claims do not establish origin.""}"
/root/autodl-tmp/probe-dinov2-bfree-20261001/data/probe_eval_data/real/r1a020c3ft.png,r1a020c3ft:raise,r1a020c3ft,0,raise,0,,,,,,,0,,,,,0,0,PNG,1256,835,0,0,none,none,0,No positive provenance evidence is available; metadata absence or non-origin-bearing tags are inconclusive about origin.,1,0,0.156997,"{""tool"":""ProvenanceInspector"",""evidence_type"":""none"",""verdict"":""inconclusive"",""score"":null,""strength"":""none"",""observation"":""No C2PA claim or usable origin-bearing metadata was found."",""limitations"":""Metadata can be absent, stripped, or forged; untrusted claims do not establish origin.""}"
/root/autodl-tmp/probe-dinov2-bfree-20261001/data/probe_eval_data/fake_flux/r1a020c3ft.png,r1a020c3ft:flux,r1a020c3ft,1,flux,0,,,,,,,0,,,,,0,0,PNG,1024,1024,0,0,none,none,0,No positive provenance evidence is available; metadata absence or non-origin-bearing tags are inconclusive about origin.,1,0,0.131966,"{""tool"":""ProvenanceInspector"",""evidence_type"":""none"",""verdict"":""inconclusive"",""score"":null,""strength"":""none"",""observation"":""No C2PA claim or usable origin-bearing metadata was found."",""limitations"":""Metadata can be absent, stripped, or forged; untrusted claims do not establish origin.""}"
/root/autodl-tmp/probe-dinov2-bfree-20261001/data/probe_eval_data/fake_sd35/r1a020c3ft.png,r1a020c3ft:sd3_5,r1a020c3ft,1,sd3_5,0,,,,,,,0,,,,,0,0,PNG,1024,1024,0,0,none,none,0,No positive provenance evidence is available; metadata absence or non-origin-bearing tags are inconclusive about origin.,1,0,0.119799,"{""tool"":""ProvenanceInspector"",""evidence_type"":""none"",""verdict"":""inconclusive"",""score"":null,""strength"":""none"",""observation"":""No C2PA claim or usable origin-bearing metadata was found."",""limitations"":""Metadata can be absent, stripped, or forged; untrusted claims do not establish origin.""}"
/root/autodl-tmp/probe-dinov2-bfree-20261001/data/probe_eval_data/real/r0ebb0bb4t.png,r0ebb0bb4t:raise,r0ebb0bb4t,0,raise,0,,,,,,,0,,,,,0,0,PNG,1258,833,0,0,none,none,0,No positive provenance evidence is available; metadata absence or non-origin-bearing tags are inconclusive about origin.,1,0,0.153793,"{""tool"":""ProvenanceInspector"",""evidence_type"":""none"",""verdict"":""inconclusive"",""score"":null,""strength"":""none"",""observation"":""No C2PA claim or usable origin-bearing metadata was found."",""limitations"":""Metadata can be absent, stripped, or forged; untrusted claims do not establish origin.""}"
/root/autodl-tmp/probe-dinov2-bfree-20261001/data/probe_eval_data/fake_flux/r0ebb0bb4t.png,r0ebb0bb4t:flux,r0ebb0bb4t,1,flux,0,,,,,,,0,,,,,0,0,PNG,1024,1024,0,0,none,none,0,No positive provenance evidence is available; metadata absence or non-origin-bearing tags are inconclusive about origin.,1,0,0.127583,"{""tool"":""ProvenanceInspector"",""evidence_type"":""none"",""verdict"":""inconclusive"",""score"":null,""strength"":""none"",""observation"":""No C2PA claim or usable origin-bearing metadata was found."",""limitations"":""Metadata can be absent, stripped, or forged; untrusted claims do not establish origin.""}"
/root/autodl-tmp/probe-dinov2-bfree-20261001/data/probe_eval_data/fake_sd35/r0ebb0bb4t.png,r0ebb0bb4t:sd3_5,r0ebb0bb4t,1,sd3_5,0,,,,,,,0,,,,,0,0,PNG,1024,1024,0,0,none,none,0,No positive provenance evidence is available; metadata absence or non-origin-bearing tags are inconclusive about origin.,1,0,0.109795,"{""tool"":""ProvenanceInspector"",""evidence_type"":""none"",""verdict"":""inconclusive"",""score"":null,""strength"":""none"",""observation"":""No C2PA claim or usable origin-bearing metadata was found."",""limitations"":""Metadata can be absent, stripped, or forged; untrusted claims do not establish origin.""}"
/root/autodl-tmp/probe-dinov2-bfree-20261001/data/probe_eval_data/real/r1234de87t.png,r1234de87t:raise,r1234de87t,0,raise,0,,,,,,,0,,,,,0,0,PNG,1258,833,0,0,none,none,0,No positive provenance evidence is available; metadata absence or non-origin-bearing tags are inconclusive about origin.,1,0,0.153877,"{""tool"":""ProvenanceInspector"",""evidence_type"":""none"",""verdict"":""inconclusive"",""score"":null,""strength"":""none"",""observation"":""No C2PA claim or usable origin-bearing metadata was found."",""limitations"":""Metadata can be absent, stripped, or forged; untrusted claims do not establish origin.""}"
/root/autodl-tmp/probe-dinov2-bfree-20261001/data/probe_eval_data/fake_flux/r1234de87t.png,r1234de87t:flux,r1234de87t,1,flux,0,,,,,,,0,,,,,0,0,PNG,1024,1024,0,0,none,none,0,No positive provenance evidence is available; metadata absence or non-origin-bearing tags are inconclusive about origin.,1,0,0.135674,"{""tool"":""ProvenanceInspector"",""evidence_type"":""none"",""verdict"":""inconclusive"",""score"":null,""strength"":""none"",""observation"":""No C2PA claim or usable origin-bearing metadata was found."",""limitations"":""Metadata can be absent, stripped, or forged; untrusted claims do not establish origin.""}"
/root/autodl-tmp/probe-dinov2-bfree-20261001/data/probe_eval_data/fake_sd35/r1234de87t.png,r1234de87t:sd3_5,r1234de87t,1,sd3_5,0,,,,,,,0,,,,,0,0,PNG,1024,1024,0,0,none,none,0,No positive provenance evidence is available; metadata absence or non-origin-bearing tags are inconclusive about origin.,1,0,0.127874,"{""tool"":""ProvenanceInspector"",""evidence_type"":""none"",""verdict"":""inconclusive"",""score"":null,""strength"":""none"",""observation"":""No C2PA claim or usable origin-bearing metadata was found."",""limitations"":""Metadata can be absent, stripped, or forged; untrusted claims do not establish origin.""}"
/root/autodl-tmp/probe-dinov2-bfree-20261001/data/probe_eval_data/real/r0e5b5159t.png,r0e5b5159t:raise,r0e5b5159t,0,raise,0,,,,,,,0,,,,,0,0,PNG,1258,833,0,0,none,none,0,No positive provenance evidence is available; metadata absence or non-origin-bearing tags are inconclusive about origin.,1,0,0.160006,"{""tool"":""ProvenanceInspector"",""evidence_type"":""none"",""verdict"":""inconclusive"",""score"":null,""strength"":""none"",""observation"":""No C2PA claim or usable origin-bearing metadata was found."",""limitations"":""Metadata can be absent, stripped, or forged; untrusted claims do not establish origin.""}"
/root/autodl-tmp/probe-dinov2-bfree-20261001/data/probe_eval_data/fake_flux/r0e5b5159t.png,r0e5b5159t:flux,r0e5b5159t,1,flux,0,,,,,,,0,,,,,0,0,PNG,1024,1024,0,0,none,none,0,No positive provenance evidence is available; metadata absence or non-origin-bearing tags are inconclusive about origin.,1,0,0.155413,"{""tool"":""ProvenanceInspector"",""evidence_type"":""none"",""verdict"":""inconclusive"",""score"":null,""strength"":""none"",""observation"":""No C2PA claim or usable origin-bearing metadata was found."",""limitations"":""Metadata can be absent, stripped, or forged; untrusted claims do not establish origin.""}"
/root/autodl-tmp/probe-dinov2-bfree-20261001/data/probe_eval_data/fake_sd35/r0e5b5159t.png,r0e5b5159t:sd3_5,r0e5b5159t,1,sd3_5,0,,,,,,,0,,,,,0,0,PNG,1024,1024,0,0,none,none,0,No positive provenance evidence is available; metadata absence or non-origin-bearing tags are inconclusive about origin.,1,0,0.129527,"{""tool"":""ProvenanceInspector"",""evidence_type"":""none"",""verdict"":""inconclusive"",""score"":null,""strength"":""none"",""observation"":""No C2PA claim or usable origin-bearing metadata was found."",""limitations"":""Metadata can be absent, stripped, or forged; untrusted claims do not establish origin.""}"
/root/autodl-tmp/probe-dinov2-bfree-20261001/data/probe_eval_data/real/r1915909et.png,r1915909et:raise,r1915909et,0,raise,0,,,,,,,0,,,,,0,0,PNG,835,1256,0,0,none,none,0,No positive provenance evidence is available; metadata absence or non-origin-bearing tags are inconclusive about origin.,1,0,0.159222,"{""tool"":""ProvenanceInspector"",""evidence_type"":""none"",""verdict"":""inconclusive"",""score"":null,""strength"":""none"",""observation"":""No C2PA claim or usable origin-bearing metadata was found."",""limitations"":""Metadata can be absent, stripped, or forged; untrusted claims do not establish origin.""}"
/root/autodl-tmp/probe-dinov2-bfree-20261001/data/probe_eval_data/fake_flux/r1915909et.png,r1915909et:flux,r1915909et,1,flux,0,,,,,,,0,,,,,0,0,PNG,1024,1024,0,0,none,none,0,No positive provenance evidence is available; metadata absence or non-origin-bearing tags are inconclusive about origin.,1,0,0.153767,"{""tool"":""ProvenanceInspector"",""evidence_type"":""none"",""verdict"":""inconclusive"",""score"":null,""strength"":""none"",""observation"":""No C2PA claim or usable origin-bearing metadata was found."",""limitations"":""Metadata can be absent, stripped, or forged; untrusted claims do not establish origin.""}"
/root/autodl-tmp/probe-dinov2-bfree-20261001/data/probe_eval_data/fake_sd35/r1915909et.png,r1915909et:sd3_5,r1915909et,1,sd3_5,0,,,,,,,0,,,,,0,0,PNG,1024,1024,0,0,none,none,0,No positive provenance evidence is available; metadata absence or non-origin-bearing tags are inconclusive about origin.,1,0,0.131568,"{""tool"":""ProvenanceInspector"",""evidence_type"":""none"",""verdict"":""inconclusive"",""score"":null,""strength"":""none"",""observation"":""No C2PA claim or usable origin-bearing metadata was found."",""limitations"":""Metadata can be absent, stripped, or forged; untrusted claims do not establish origin.""}"
/root/autodl-tmp/probe-dinov2-bfree-20261001/data/probe_eval_data/real/r1ead3024t.png,r1ead3024t:raise,r1ead3024t,0,raise,0,,,,,,,0,,,,,0,0,PNG,835,1256,0,0,none,none,0,No positive provenance evidence is available; metadata absence or non-origin-bearing tags are inconclusive about origin.,1,0,0.15318,"{""tool"":""ProvenanceInspector"",""evidence_type"":""none"",""verdict"":""inconclusive"",""score"":null,""strength"":""none"",""observation"":""No C2PA claim or usable origin-bearing metadata was found."",""limitations"":""Metadata can be absent, stripped, or forged; untrusted claims do not establish origin.""}"
/root/autodl-tmp/probe-dinov2-bfree-20261001/data/probe_eval_data/fake_flux/r1ead3024t.png,r1ead3024t:flux,r1ead3024t,1,flux,0,,,,,,,0,,,,,0,0,PNG,1024,1024,0,0,none,none,0,No positive provenance evidence is available; metadata absence or non-origin-bearing tags are inconclusive about origin.,1,0,0.134102,"{""tool"":""ProvenanceInspector"",""evidence_type"":""none"",""verdict"":""inconclusive"",""score"":null,""strength"":""none"",""observation"":""No C2PA claim or usable origin-bearing metadata was found."",""limitations"":""Metadata can be absent, stripped, or forged; untrusted claims do not establish origin.""}"
/root/autodl-tmp/probe-dinov2-bfree-20261001/data/probe_eval_data/fake_sd35/r1ead3024t.png,r1ead3024t:sd3_5,r1ead3024t,1,sd3_5,0,,,,,,,0,,,,,0,0,PNG,1024,1024,0,0,none,none,0,No positive provenance evidence is available; metadata absence or non-origin-bearing tags are inconclusive about origin.,1,0,0.181547,"{""tool"":""ProvenanceInspector"",""evidence_type"":""none"",""verdict"":""inconclusive"",""score"":null,""strength"":""none"",""observation"":""No C2PA claim or usable origin-bearing metadata was found."",""limitations"":""Metadata can be absent, stripped, or forged; untrusted claims do not establish origin.""}"
/root/autodl-tmp/probe-dinov2-bfree-20261001/data/probe_eval_data/real/r085bdbe2t.png,r085bdbe2t:raise,r085bdbe2t,0,raise,0,,,,,,,0,,,,,0,0,PNG,835,1256,0,0,none,none,0,No positive provenance evidence is available; metadata absence or non-origin-bearing tags are inconclusive about origin.,1,0,0.165704,"{""tool"":""ProvenanceInspector"",""evidence_type"":""none"",""verdict"":""inconclusive"",""score"":null,""strength"":""none"",""observation"":""No C2PA claim or usable origin-bearing metadata was found."",""limitations"":""Metadata can be absent, stripped, or forged; untrusted claims do not establish origin.""}"
/root/autodl-tmp/probe-dinov2-bfree-20261001/data/probe_eval_data/fake_flux/r085bdbe2t.png,r085bdbe2t:flux,r085bdbe2t,1,flux,0,,,,,,,0,,,,,0,0,PNG,1024,1024,0,0,none,none,0,No positive provenance evidence is available; metadata absence or non-origin-bearing tags are inconclusive about origin.,1,0,0.131831,"{""tool"":""ProvenanceInspector"",""evidence_type"":""none"",""verdict"":""inconclusive"",""score"":null,""strength"":""none"",""observation"":""No C2PA claim or usable origin-bearing metadata was found."",""limitations"":""Metadata can be absent, stripped, or forged; untrusted claims do not establish origin.""}"
/root/autodl-tmp/probe-dinov2-bfree-20261001/data/probe_eval_data/fake_sd35/r085bdbe2t.png,r085bdbe2t:sd3_5,r085bdbe2t,1,sd3_5,0,,,,,,,0,,,,,0,0,PNG,1024,1024,0,0,none,none,0,No positive provenance evidence is available; metadata absence or non-origin-bearing tags are inconclusive about origin.,1,0,0.125226,"{""tool"":""ProvenanceInspector"",""evidence_type"":""none"",""verdict"":""inconclusive"",""score"":null,""strength"":""none"",""observation"":""No C2PA claim or usable origin-bearing metadata was found."",""limitations"":""Metadata can be absent, stripped, or forged; untrusted claims do not establish origin.""}"
/root/autodl-tmp/probe-dinov2-bfree-20261001/data/probe_eval_data/real/r0a42c0f6t.png,r0a42c0f6t:raise,r0a42c0f6t,0,raise,0,,,,,,,0,,,,,0,0,PNG,1258,833,0,0,none,none,0,No positive provenance evidence is available; metadata absence or non-origin-bearing tags are inconclusive about origin.,1,0,0.157098,"{""tool"":""ProvenanceInspector"",""evidence_type"":""none"",""verdict"":""inconclusive"",""score"":null,""strength"":""none"",""observation"":""No C2PA claim or usable origin-bearing metadata was found."",""limitations"":""Metadata can be absent, stripped, or forged; untrusted claims do not establish origin.""}"
/root/autodl-tmp/probe-dinov2-bfree-20261001/data/probe_eval_data/fake_flux/r0a42c0f6t.png,r0a42c0f6t:flux,r0a42c0f6t,1,flux,0,,,,,,,0,,,,,0,0,PNG,1024,1024,0,0,none,none,0,No positive provenance evidence is available; metadata absence or non-origin-bearing tags are inconclusive about origin.,1,0,0.135466,"{""tool"":""ProvenanceInspector"",""evidence_type"":""none"",""verdict"":""inconclusive"",""score"":null,""strength"":""none"",""observation"":""No C2PA claim or usable origin-bearing metadata was found."",""limitations"":""Metadata can be absent, stripped, or forged; untrusted claims do not establish origin.""}"
/root/autodl-tmp/probe-dinov2-bfree-20261001/data/probe_eval_data/fake_sd35/r0a42c0f6t.png,r0a42c0f6t:sd3_5,r0a42c0f6t,1,sd3_5,0,,,,,,,0,,,,,0,0,PNG,1024,1024,0,0,none,none,0,No positive provenance evidence is available; metadata absence or non-origin-bearing tags are inconclusive about origin.,1,0,0.130871,"{""tool"":""ProvenanceInspector"",""evidence_type"":""none"",""verdict"":""inconclusive"",""score"":null,""strength"":""none"",""observation"":""No C2PA claim or usable origin-bearing metadata was found."",""limitations"":""Metadata can be absent, stripped, or forged; untrusted claims do not establish origin.""}"
/root/autodl-tmp/probe-dinov2-bfree-20261001/data/probe_eval_data/real/r1c028de8t.png,r1c028de8t:raise,r1c028de8t,0,raise,0,,,,,,,0,,,,,0,0,PNG,1258,833,0,0,none,none,0,No positive provenance evidence is available; metadata absence or non-origin-bearing tags are inconclusive about origin.,1,0,0.155855,"{""tool"":""ProvenanceInspector"",""evidence_type"":""none"",""verdict"":""inconclusive"",""score"":null,""strength"":""none"",""observation"":""No C2PA claim or usable origin-bearing metadata was found."",""limitations"":""Metadata can be absent, stripped, or forged; untrusted claims do not establish origin.""}"
/root/autodl-tmp/probe-dinov2-bfree-20261001/data/probe_eval_data/fake_flux/r1c028de8t.png,r1c028de8t:flux,r1c028de8t,1,flux,0,,,,,,,0,,,,,0,0,PNG,1024,1024,0,0,none,none,0,No positive provenance evidence is available; metadata absence or non-origin-bearing tags are inconclusive about origin.,1,0,0.127793,"{""tool"":""ProvenanceInspector"",""evidence_type"":""none"",""verdict"":""inconclusive"",""score"":null,""strength"":""none"",""observation"":""No C2PA claim or usable origin-bearing metadata was found."",""limitations"":""Metadata can be absent, stripped, or forged; untrusted claims do not establish origin.""}"
/root/autodl-tmp/probe-dinov2-bfree-20261001/data/probe_eval_data/fake_sd35/r1c028de8t.png,r1c028de8t:sd3_5,r1c028de8t,1,sd3_5,0,,,,,,,0,,,,,0,0,PNG,1024,1024,0,0,none,none,0,No positive provenance evidence is available; metadata absence or non-origin-bearing tags are inconclusive about origin.,1,0,0.132461,"{""tool"":""ProvenanceInspector"",""evidence_type"":""none"",""verdict"":""inconclusive"",""score"":null,""strength"":""none"",""observation"":""No C2PA claim or usable origin-bearing metadata was found."",""limitations"":""Metadata can be absent, stripped, or forged; untrusted claims do not establish origin.""}"
/root/autodl-tmp/probe-dinov2-bfree-20261001/data/probe_eval_data/real/r1297fd0bt.png,r1297fd0bt:raise,r1297fd0bt,0,raise,0,,,,,,,0,,,,,0,0,PNG,1256,835,0,0,none,none,0,No positive provenance evidence is available; metadata absence or non-origin-bearing tags are inconclusive about origin.,1,0,0.172002,"{""tool"":""ProvenanceInspector"",""evidence_type"":""none"",""verdict"":""inconclusive"",""score"":null,""strength"":""none"",""observation"":""No C2PA claim or usable origin-bearing metadata was found."",""limitations"":""Metadata can be absent, stripped, or forged; untrusted claims do not establish origin.""}"
/root/autodl-tmp/probe-dinov2-bfree-20261001/data/probe_eval_data/fake_flux/r1297fd0bt.png,r1297fd0bt:flux,r1297fd0bt,1,flux,0,,,,,,,0,,,,,0,0,PNG,1024,1024,0,0,none,none,0,No positive provenance evidence is available; metadata absence or non-origin-bearing tags are inconclusive about origin.,1,0,0.125884,"{""tool"":""ProvenanceInspector"",""evidence_type"":""none"",""verdict"":""inconclusive"",""score"":null,""strength"":""none"",""observation"":""No C2PA claim or usable origin-bearing metadata was found."",""limitations"":""Metadata can be absent, stripped, or forged; untrusted claims do not establish origin.""}"
/root/autodl-tmp/probe-dinov2-bfree-20261001/data/probe_eval_data/fake_sd35/r1297fd0bt.png,r1297fd0bt:sd3_5,r1297fd0bt,1,sd3_5,0,,,,,,,0,,,,,0,0,PNG,1024,1024,0,0,none,none,0,No positive provenance evidence is available; metadata absence or non-origin-bearing tags are inconclusive about origin.,1,0,0.129542,"{""tool"":""ProvenanceInspector"",""evidence_type"":""none"",""verdict"":""inconclusive"",""score"":null,""strength"":""none"",""observation"":""No C2PA claim or usable origin-bearing metadata was found."",""limitations"":""Metadata can be absent, stripped, or forged; untrusted claims do not establish origin.""}"
/root/autodl-tmp/probe-dinov2-bfree-20261001/data/probe_eval_data/real/r113402d4t.png,r113402d4t:raise,r113402d4t,0,raise,0,,,,,,,0,,,,,0,0,PNG,1258,833,0,0,none,none,0,No positive provenance evidence is available; metadata absence or non-origin-bearing tags are inconclusive about origin.,1,0,0.18797,"{""tool"":""ProvenanceInspector"",""evidence_type"":""none"",""verdict"":""inconclusive"",""score"":null,""strength"":""none"",""observation"":""No C2PA claim or usable origin-bearing metadata was found."",""limitations"":""Metadata can be absent, stripped, or forged; untrusted claims do not establish origin.""}"
/root/autodl-tmp/probe-dinov2-bfree-20261001/data/probe_eval_data/fake_flux/r113402d4t.png,r113402d4t:flux,r113402d4t,1,flux,0,,,,,,,0,,,,,0,0,PNG,1024,1024,0,0,none,none,0,No positive provenance evidence is available; metadata absence or non-origin-bearing tags are inconclusive about origin.,1,0,0.132014,"{""tool"":""ProvenanceInspector"",""evidence_type"":""none"",""verdict"":""inconclusive"",""score"":null,""strength"":""none"",""observation"":""No C2PA claim or usable origin-bearing metadata was found."",""limitations"":""Metadata can be absent, stripped, or forged; untrusted claims do not establish origin.""}"
/root/autodl-tmp/probe-dinov2-bfree-20261001/data/probe_eval_data/fake_sd35/r113402d4t.png,r113402d4t:sd3_5,r113402d4t,1,sd3_5,0,,,,,,,0,,,,,0,0,PNG,1024,1024,0,0,none,none,0,No positive provenance evidence is available; metadata absence or non-origin-bearing tags are inconclusive about origin.,1,0,0.131793,"{""tool"":""ProvenanceInspector"",""evidence_type"":""none"",""verdict"":""inconclusive"",""score"":null,""strength"":""none"",""observation"":""No C2PA claim or usable origin-bearing metadata was found."",""limitations"":""Metadata can be absent, stripped, or forged; untrusted claims do not establish origin.""}"
/root/autodl-tmp/probe-dinov2-bfree-20261001/data/probe_eval_data/real/r0ff7a848t.png,r0ff7a848t:raise,r0ff7a848t,0,raise,0,,,,,,,0,,,,,0,0,PNG,1256,835,0,0,none,none,0,No positive provenance evidence is available; metadata absence or non-origin-bearing tags are inconclusive about origin.,1,0,0.156099,"{""tool"":""ProvenanceInspector"",""evidence_type"":""none"",""verdict"":""inconclusive"",""score"":null,""strength"":""none"",""observation"":""No C2PA claim or usable origin-bearing metadata was found."",""limitations"":""Metadata can be absent, stripped, or forged; untrusted claims do not establish origin.""}"
/root/autodl-tmp/probe-dinov2-bfree-20261001/data/probe_eval_data/fake_flux/r0ff7a848t.png,r0ff7a848t:flux,r0ff7a848t,1,flux,0,,,,,,,0,,,,,0,0,PNG,1024,1024,0,0,none,none,0,No positive provenance evidence is available; metadata absence or non-origin-bearing tags are inconclusive about origin.,1,0,0.121426,"{""tool"":""ProvenanceInspector"",""evidence_type"":""none"",""verdict"":""inconclusive"",""score"":null,""strength"":""none"",""observation"":""No C2PA claim or usable origin-bearing metadata was found."",""limitations"":""Metadata can be absent, stripped, or forged; untrusted claims do not establish origin.""}"
/root/autodl-tmp/probe-dinov2-bfree-20261001/data/probe_eval_data/fake_sd35/r0ff7a848t.png,r0ff7a848t:sd3_5,r0ff7a848t,1,sd3_5,0,,,,,,,0,,,,,0,0,PNG,1024,1024,0,0,none,none,0,No positive provenance evidence is available; metadata absence or non-origin-bearing tags are inconclusive about origin.,1,0,0.132846,"{""tool"":""ProvenanceInspector"",""evidence_type"":""none"",""verdict"":""inconclusive"",""score"":null,""strength"":""none"",""observation"":""No C2PA claim or usable origin-bearing metadata was found."",""limitations"":""Metadata can be absent, stripped, or forged; untrusted claims do not establish origin.""}"
/root/autodl-tmp/probe-dinov2-bfree-20261001/data/probe_eval_data/real/r1c874ac4t.png,r1c874ac4t:raise,r1c874ac4t,0,raise,0,,,,,,,0,,,,,0,0,PNG,1258,833,0,0,none,none,0,No positive provenance evidence is available; metadata absence or non-origin-bearing tags are inconclusive about origin.,1,0,0.16064,"{""tool"":""ProvenanceInspector"",""evidence_type"":""none"",""verdict"":""inconclusive"",""score"":null,""strength"":""none"",""observation"":""No C2PA claim or usable origin-bearing metadata was found."",""limitations"":""Metadata can be absent, stripped, or forged; untrusted claims do not establish origin.""}"
/root/autodl-tmp/probe-dinov2-bfree-20261001/data/probe_eval_data/fake_flux/r1c874ac4t.png,r1c874ac4t:flux,r1c874ac4t,1,flux,0,,,,,,,0,,,,,0,0,PNG,1024,1024,0,0,none,none,0,No positive provenance evidence is available; metadata absence or non-origin-bearing tags are inconclusive about origin.,1,0,0.133625,"{""tool"":""ProvenanceInspector"",""evidence_type"":""none"",""verdict"":""inconclusive"",""score"":null,""strength"":""none"",""observation"":""No C2PA claim or usable origin-bearing metadata was found."",""limitations"":""Metadata can be absent, stripped, or forged; untrusted claims do not establish origin.""}"
/root/autodl-tmp/probe-dinov2-bfree-20261001/data/probe_eval_data/fake_sd35/r1c874ac4t.png,r1c874ac4t:sd3_5,r1c874ac4t,1,sd3_5,0,,,,,,,0,,,,,0,0,PNG,1024,1024,0,0,none,none,0,No positive provenance evidence is available; metadata absence or non-origin-bearing tags are inconclusive about origin.,1,0,0.130737,"{""tool"":""ProvenanceInspector"",""evidence_type"":""none"",""verdict"":""inconclusive"",""score"":null,""strength"":""none"",""observation"":""No C2PA claim or usable origin-bearing metadata was found."",""limitations"":""Metadata can be absent, stripped, or forged; untrusted claims do not establish origin.""}"
/root/autodl-tmp/probe-dinov2-bfree-20261001/data/probe_eval_data/real/r126a22b8t.png,r126a22b8t:raise,r126a22b8t,0,raise,0,,,,,,,0,,,,,0,0,PNG,1258,833,0,0,none,none,0,No positive provenance evidence is available; metadata absence or non-origin-bearing tags are inconclusive about origin.,1,0,0.163018,"{""tool"":""ProvenanceInspector"",""evidence_type"":""none"",""verdict"":""inconclusive"",""score"":null,""strength"":""none"",""observation"":""No C2PA claim or usable origin-bearing metadata was found."",""limitations"":""Metadata can be absent, stripped, or forged; untrusted claims do not establish origin.""}"
/root/autodl-tmp/probe-dinov2-bfree-20261001/data/probe_eval_data/fake_flux/r126a22b8t.png,r126a22b8t:flux,r126a22b8t,1,flux,0,,,,,,,0,,,,,0,0,PNG,1024,1024,0,0,none,none,0,No positive provenance evidence is available; metadata absence or non-origin-bearing tags are inconclusive about origin.,1,0,0.130406,"{""tool"":""ProvenanceInspector"",""evidence_type"":""none"",""verdict"":""inconclusive"",""score"":null,""strength"":""none"",""observation"":""No C2PA claim or usable origin-bearing metadata was found."",""limitations"":""Metadata can be absent, stripped, or forged; untrusted claims do not establish origin.""}"
/root/autodl-tmp/probe-dinov2-bfree-20261001/data/probe_eval_data/fake_sd35/r126a22b8t.png,r126a22b8t:sd3_5,r126a22b8t,1,sd3_5,0,,,,,,,0,,,,,0,0,PNG,1024,1024,0,0,none,none,0,No positive provenance evidence is available; metadata absence or non-origin-bearing tags are inconclusive about origin.,1,0,0.145671,"{""tool"":""ProvenanceInspector"",""evidence_type"":""none"",""verdict"":""inconclusive"",""score"":null,""strength"":""none"",""observation"":""No C2PA claim or usable origin-bearing metadata was found."",""limitations"":""Metadata can be absent, stripped, or forged; untrusted claims do not establish origin.""}"
/root/autodl-tmp/probe-dinov2-bfree-20261001/data/probe_eval_data/real/r0eab8214t.png,r0eab8214t:raise,r0eab8214t,0,raise,0,,,,,,,0,,,,,0,0,PNG,835,1256,0,0,none,none,0,No positive provenance evidence is available; metadata absence or non-origin-bearing tags are inconclusive about origin.,1,0,0.167712,"{""tool"":""ProvenanceInspector"",""evidence_type"":""none"",""verdict"":""inconclusive"",""score"":null,""strength"":""none"",""observation"":""No C2PA claim or usable origin-bearing metadata was found."",""limitations"":""Metadata can be absent, stripped, or forged; untrusted claims do not establish origin.""}"
/root/autodl-tmp/probe-dinov2-bfree-20261001/data/probe_eval_data/fake_flux/r0eab8214t.png,r0eab8214t:flux,r0eab8214t,1,flux,0,,,,,,,0,,,,,0,0,PNG,1024,1024,0,0,none,none,0,No positive provenance evidence is available; metadata absence or non-origin-bearing tags are inconclusive about origin.,1,0,0.129965,"{""tool"":""ProvenanceInspector"",""evidence_type"":""none"",""verdict"":""inconclusive"",""score"":null,""strength"":""none"",""observation"":""No C2PA claim or usable origin-bearing metadata was found."",""limitations"":""Metadata can be absent, stripped, or forged; untrusted claims do not establish origin.""}"
/root/autodl-tmp/probe-dinov2-bfree-20261001/data/probe_eval_data/fake_sd35/r0eab8214t.png,r0eab8214t:sd3_5,r0eab8214t,1,sd3_5,0,,,,,,,0,,,,,0,0,PNG,1024,1024,0,0,none,none,0,No positive provenance evidence is available; metadata absence or non-origin-bearing tags are inconclusive about origin.,1,0,0.130396,"{""tool"":""ProvenanceInspector"",""evidence_type"":""none"",""verdict"":""inconclusive"",""score"":null,""strength"":""none"",""observation"":""No C2PA claim or usable origin-bearing metadata was found."",""limitations"":""Metadata can be absent, stripped, or forged; untrusted claims do not establish origin.""}"
/root/autodl-tmp/probe-dinov2-bfree-20261001/data/probe_eval_data/real/r162b2209t.png,r162b2209t:raise,r162b2209t,0,raise,0,,,,,,,0,,,,,0,0,PNG,1258,833,0,0,none,none,0,No positive provenance evidence is available; metadata absence or non-origin-bearing tags are inconclusive about origin.,1,0,0.160125,"{""tool"":""ProvenanceInspector"",""evidence_type"":""none"",""verdict"":""inconclusive"",""score"":null,""strength"":""none"",""observation"":""No C2PA claim or usable origin-bearing metadata was found."",""limitations"":""Metadata can be absent, stripped, or forged; untrusted claims do not establish origin.""}"
/root/autodl-tmp/probe-dinov2-bfree-20261001/data/probe_eval_data/fake_flux/r162b2209t.png,r162b2209t:flux,r162b2209t,1,flux,0,,,,,,,0,,,,,0,0,PNG,1024,1024,0,0,none,none,0,No positive provenance evidence is available; metadata absence or non-origin-bearing tags are inconclusive about origin.,1,0,0.133021,"{""tool"":""ProvenanceInspector"",""evidence_type"":""none"",""verdict"":""inconclusive"",""score"":null,""strength"":""none"",""observation"":""No C2PA claim or usable origin-bearing metadata was found."",""limitations"":""Metadata can be absent, stripped, or forged; untrusted claims do not establish origin.""}"
/root/autodl-tmp/probe-dinov2-bfree-20261001/data/probe_eval_data/fake_sd35/r162b2209t.png,r162b2209t:sd3_5,r162b2209t,1,sd3_5,0,,,,,,,0,,,,,0,0,PNG,1024,1024,0,0,none,none,0,No positive provenance evidence is available; metadata absence or non-origin-bearing tags are inconclusive about origin.,1,0,0.128285,"{""tool"":""ProvenanceInspector"",""evidence_type"":""none"",""verdict"":""inconclusive"",""score"":null,""strength"":""none"",""observation"":""No C2PA claim or usable origin-bearing metadata was found."",""limitations"":""Metadata can be absent, stripped, or forged; untrusted claims do not establish origin.""}"
/root/autodl-tmp/probe-dinov2-bfree-20261001/data/probe_eval_data/real/r02b7536at.png,r02b7536at:raise,r02b7536at,0,raise,0,,,,,,,0,,,,,0,0,PNG,1258,833,0,0,none,none,0,No positive provenance evidence is available; metadata absence or non-origin-bearing tags are inconclusive about origin.,1,0,0.161676,"{""tool"":""ProvenanceInspector"",""evidence_type"":""none"",""verdict"":""inconclusive"",""score"":null,""strength"":""none"",""observation"":""No C2PA claim or usable origin-bearing metadata was found."",""limitations"":""Metadata can be absent, stripped, or forged; untrusted claims do not establish origin.""}"
/root/autodl-tmp/probe-dinov2-bfree-20261001/data/probe_eval_data/fake_flux/r02b7536at.png,r02b7536at:flux,r02b7536at,1,flux,0,,,,,,,0,,,,,0,0,PNG,1024,1024,0,0,none,none,0,No positive provenance evidence is available; metadata absence or non-origin-bearing tags are inconclusive about origin.,1,0,0.129749,"{""tool"":""ProvenanceInspector"",""evidence_type"":""none"",""verdict"":""inconclusive"",""score"":null,""strength"":""none"",""observation"":""No C2PA claim or usable origin-bearing metadata was found."",""limitations"":""Metadata can be absent, stripped, or forged; untrusted claims do not establish origin.""}"
/root/autodl-tmp/probe-dinov2-bfree-20261001/data/probe_eval_data/fake_sd35/r02b7536at.png,r02b7536at:sd3_5,r02b7536at,1,sd3_5,0,,,,,,,0,,,,,0,0,PNG,1024,1024,0,0,none,none,0,No positive provenance evidence is available; metadata absence or non-origin-bearing tags are inconclusive about origin.,1,0,0.140917,"{""tool"":""ProvenanceInspector"",""evidence_type"":""none"",""verdict"":""inconclusive"",""score"":null,""strength"":""none"",""observation"":""No C2PA claim or usable origin-bearing metadata was found."",""limitations"":""Metadata can be absent, stripped, or forged; untrusted claims do not establish origin.""}"
/root/autodl-tmp/probe-dinov2-bfree-20261001/data/probe_eval_data/real/r1bd70210t.png,r1bd70210t:raise,r1bd70210t,0,raise,0,,,,,,,0,,,,,0,0,PNG,1258,833,0,0,none,none,0,No positive provenance evidence is available; metadata absence or non-origin-bearing tags are inconclusive about origin.,1,0,0.156677,"{""tool"":""ProvenanceInspector"",""evidence_type"":""none"",""verdict"":""inconclusive"",""score"":null,""strength"":""none"",""observation"":""No C2PA claim or usable origin-bearing metadata was found."",""limitations"":""Metadata can be absent, stripped, or forged; untrusted claims do not establish origin.""}"
/root/autodl-tmp/probe-dinov2-bfree-20261001/data/probe_eval_data/fake_flux/r1bd70210t.png,r1bd70210t:flux,r1bd70210t,1,flux,0,,,,,,,0,,,,,0,0,PNG,1024,1024,0,0,none,none,0,No positive provenance evidence is available; metadata absence or non-origin-bearing tags are inconclusive about origin.,1,0,0.130694,"{""tool"":""ProvenanceInspector"",""evidence_type"":""none"",""verdict"":""inconclusive"",""score"":null,""strength"":""none"",""observation"":""No C2PA claim or usable origin-bearing metadata was found."",""limitations"":""Metadata can be absent, stripped, or forged; untrusted claims do not establish origin.""}"
/root/autodl-tmp/probe-dinov2-bfree-20261001/data/probe_eval_data/fake_sd35/r1bd70210t.png,r1bd70210t:sd3_5,r1bd70210t,1,sd3_5,0,,,,,,,0,,,,,0,0,PNG,1024,1024,0,0,none,none,0,No positive provenance evidence is available; metadata absence or non-origin-bearing tags are inconclusive about origin.,1,0,0.132807,"{""tool"":""ProvenanceInspector"",""evidence_type"":""none"",""verdict"":""inconclusive"",""score"":null,""strength"":""none"",""observation"":""No C2PA claim or usable origin-bearing metadata was found."",""limitations"":""Metadata can be absent, stripped, or forged; untrusted claims do not establish origin.""}"
/root/autodl-tmp/probe-dinov2-bfree-20261001/data/probe_eval_data/real/r17b2f789t.png,r17b2f789t:raise,r17b2f789t,0,raise,0,,,,,,,0,,,,,0,0,PNG,835,1256,0,0,none,none,0,No positive provenance evidence is available; metadata absence or non-origin-bearing tags are inconclusive about origin.,1,0,0.158338,"{""tool"":""ProvenanceInspector"",""evidence_type"":""none"",""verdict"":""inconclusive"",""score"":null,""strength"":""none"",""observation"":""No C2PA claim or usable origin-bearing metadata was found."",""limitations"":""Metadata can be absent, stripped, or forged; untrusted claims do not establish origin.""}"
/root/autodl-tmp/probe-dinov2-bfree-20261001/data/probe_eval_data/fake_flux/r17b2f789t.png,r17b2f789t:flux,r17b2f789t,1,flux,0,,,,,,,0,,,,,0,0,PNG,1024,1024,0,0,none,none,0,No positive provenance evidence is available; metadata absence or non-origin-bearing tags are inconclusive about origin.,1,0,0.133156,"{""tool"":""ProvenanceInspector"",""evidence_type"":""none"",""verdict"":""inconclusive"",""score"":null,""strength"":""none"",""observation"":""No C2PA claim or usable origin-bearing metadata was found."",""limitations"":""Metadata can be absent, stripped, or forged; untrusted claims do not establish origin.""}"
/root/autodl-tmp/probe-dinov2-bfree-20261001/data/probe_eval_data/fake_sd35/r17b2f789t.png,r17b2f789t:sd3_5,r17b2f789t,1,sd3_5,0,,,,,,,0,,,,,0,0,PNG,1024,1024,0,0,none,none,0,No positive provenance evidence is available; metadata absence or non-origin-bearing tags are inconclusive about origin.,1,0,0.126219,"{""tool"":""ProvenanceInspector"",""evidence_type"":""none"",""verdict"":""inconclusive"",""score"":null,""strength"":""none"",""observation"":""No C2PA claim or usable origin-bearing metadata was found."",""limitations"":""Metadata can be absent, stripped, or forged; untrusted claims do not establish origin.""}"
/root/autodl-tmp/probe-dinov2-bfree-20261001/data/probe_eval_data/real/r00b8d4a2t.png,r00b8d4a2t:raise,r00b8d4a2t,0,raise,0,,,,,,,0,,,,,0,0,PNG,835,1256,0,0,none,none,0,No positive provenance evidence is available; metadata absence or non-origin-bearing tags are inconclusive about origin.,1,0,0.15802,"{""tool"":""ProvenanceInspector"",""evidence_type"":""none"",""verdict"":""inconclusive"",""score"":null,""strength"":""none"",""observation"":""No C2PA claim or usable origin-bearing metadata was found."",""limitations"":""Metadata can be absent, stripped, or forged; untrusted claims do not establish origin.""}"
/root/autodl-tmp/probe-dinov2-bfree-20261001/data/probe_eval_data/fake_flux/r00b8d4a2t.png,r00b8d4a2t:flux,r00b8d4a2t,1,flux,0,,,,,,,0,,,,,0,0,PNG,1024,1024,0,0,none,none,0,No positive provenance evidence is available; metadata absence or non-origin-bearing tags are inconclusive about origin.,1,0,0.130955,"{""tool"":""ProvenanceInspector"",""evidence_type"":""none"",""verdict"":""inconclusive"",""score"":null,""strength"":""none"",""observation"":""No C2PA claim or usable origin-bearing metadata was found."",""limitations"":""Metadata can be absent, stripped, or forged; untrusted claims do not establish origin.""}"
/root/autodl-tmp/probe-dinov2-bfree-20261001/data/probe_eval_data/fake_sd35/r00b8d4a2t.png,r00b8d4a2t:sd3_5,r00b8d4a2t,1,sd3_5,0,,,,,,,0,,,,,0,0,PNG,1024,1024,0,0,none,none,0,No positive provenance evidence is available; metadata absence or non-origin-bearing tags are inconclusive about origin.,1,0,0.130766,"{""tool"":""ProvenanceInspector"",""evidence_type"":""none"",""verdict"":""inconclusive"",""score"":null,""strength"":""none"",""observation"":""No C2PA claim or usable origin-bearing metadata was found."",""limitations"":""Metadata can be absent, stripped, or forged; untrusted claims do not establish origin.""}"
/root/autodl-tmp/probe-dinov2-bfree-20261001/data/probe_eval_data/real/r088dcebft.png,r088dcebft:raise,r088dcebft,0,raise,0,,,,,,,0,,,,,0,0,PNG,1258,833,0,0,none,none,0,No positive provenance evidence is available; metadata absence or non-origin-bearing tags are inconclusive about origin.,1,0,0.157933,"{""tool"":""ProvenanceInspector"",""evidence_type"":""none"",""verdict"":""inconclusive"",""score"":null,""strength"":""none"",""observation"":""No C2PA claim or usable origin-bearing metadata was found."",""limitations"":""Metadata can be absent, stripped, or forged; untrusted claims do not establish origin.""}"
/root/autodl-tmp/probe-dinov2-bfree-20261001/data/probe_eval_data/fake_flux/r088dcebft.png,r088dcebft:flux,r088dcebft,1,flux,0,,,,,,,0,,,,,0,0,PNG,1024,1024,0,0,none,none,0,No positive provenance evidence is available; metadata absence or non-origin-bearing tags are inconclusive about origin.,1,0,0.134875,"{""tool"":""ProvenanceInspector"",""evidence_type"":""none"",""verdict"":""inconclusive"",""score"":null,""strength"":""none"",""observation"":""No C2PA claim or usable origin-bearing metadata was found."",""limitations"":""Metadata can be absent, stripped, or forged; untrusted claims do not establish origin.""}"
/root/autodl-tmp/probe-dinov2-bfree-20261001/data/probe_eval_data/fake_sd35/r088dcebft.png,r088dcebft:sd3_5,r088dcebft,1,sd3_5,0,,,,,,,0,,,,,0,0,PNG,1024,1024,0,0,none,none,0,No positive provenance evidence is available; metadata absence or non-origin-bearing tags are inconclusive about origin.,1,0,0.136554,"{""tool"":""ProvenanceInspector"",""evidence_type"":""none"",""verdict"":""inconclusive"",""score"":null,""strength"":""none"",""observation"":""No C2PA claim or usable origin-bearing metadata was found."",""limitations"":""Metadata can be absent, stripped, or forged; untrusted claims do not establish origin.""}"
